061.Heermann_Gull/Heermann_Gull_0035_45754.jpg:061.Heermann_Gull -> 061.Heermann_Gull, 061.Heermann_Gull/Heermann_Gull_0027_45864.jpg:061.Heermann_Gull -> 061.Heermann_Gull, 087.Mallard/Mallard_0086_76567.jpg:087.Mallard -> 061.Heermann_Gull, 061.Heermann_Gull/Heermann_Gull_0098_45753.jpg:061.Heermann_Gull -> 064.Ring_billed_Gull, 061.Heermann_Gull/Heermann_Gull_0074_45351.jpg:061.Heermann_Gull -> 061.Heermann_Gull, 061.Heermann_Gull/Heermann_Gull_0044_45705.jpg:061.Heermann_Gull -> 065.Slaty_backed_Gull, 
084.Red_legged_Kittiwake/Red_Legged_Kittiwake_0006_795436.jpg:084.Red_legged_Kittiwake -> 062.Herring_Gull, 063.Ivory_Gull/Ivory_Gull_0109_49382.jpg:063.Ivory_Gull -> 062.Herring_Gull, 061.Heermann_Gull/Heermann_Gull_0136_45416.jpg:061.Heermann_Gull -> 062.Herring_Gull, 062.Herring_Gull/Herring_Gull_0115_47123.jpg:062.Herring_Gull -> 064.Ring_billed_Gull, 062.Herring_Gull/Herring_Gull_0139_47006.jpg:062.Herring_Gull -> 084.Red_legged_Kittiwake, 062.Herring_Gull/Herring_Gull_0048_46061.jpg:062.Herring_Gull -> 063.Ivory_Gull, 
063.Ivory_Gull/Ivory_Gull_0050_49245.jpg:063.Ivory_Gull -> 063.Ivory_Gull, 063.Ivory_Gull/Ivory_Gull_0038_49298.jpg:063.Ivory_Gull -> 063.Ivory_Gull, 064.Ring_billed_Gull/Ring_Billed_Gull_0118_51322.jpg:064.Ring_billed_Gull -> 063.Ivory_Gull, 063.Ivory_Gull/Ivory_Gull_0059_49662.jpg:063.Ivory_Gull -> 092.Nighthawk, 063.Ivory_Gull/Ivory_Gull_0039_49412.jpg:063.Ivory_Gull -> 062.Herring_Gull, 063.Ivory_Gull/Ivory_Gull_0073_49287.jpg:063.Ivory_Gull -> 064.Ring_billed_Gull, 
087.Mallard/Mallard_0025_76465.jpg:087.Mallard -> 064.Ring_billed_Gull, 062.Herring_Gull/Herring_Gull_0115_47123.jpg:062.Herring_Gull -> 064.Ring_billed_Gull, 084.Red_legged_Kittiwake/Red_Legged_Kittiwake_0007_795402.jpg:084.Red_legged_Kittiwake -> 064.Ring_billed_Gull, 064.Ring_billed_Gull/Ring_Billed_Gull_0078_51494.jpg:064.Ring_billed_Gull -> 063.Ivory_Gull, 064.Ring_billed_Gull/Ring_Billed_Gull_0033_51288.jpg:064.Ring_billed_Gull -> 064.Ring_billed_Gull, 064.Ring_billed_Gull/Ring_Billed_Gull_0052_51357.jpg:064.Ring_billed_Gull -> 064.Ring_billed_Gull, 
065.Slaty_backed_Gull/Slaty_Backed_Gull_0032_796046.jpg:065.Slaty_backed_Gull -> 065.Slaty_backed_Gull, 065.Slaty_backed_Gull/Slaty_Backed_Gull_0060_796052.jpg:065.Slaty_backed_Gull -> 065.Slaty_backed_Gull, 100.Brown_Pelican/Brown_Pelican_0049_94598.jpg:100.Brown_Pelican -> 065.Slaty_backed_Gull, 065.Slaty_backed_Gull/Slaty_Backed_Gull_0058_796024.jpg:065.Slaty_backed_Gull -> 065.Slaty_backed_Gull, 065.Slaty_backed_Gull/Slaty_Backed_Gull_0071_796037.jpg:065.Slaty_backed_Gull -> 063.Ivory_Gull, 065.Slaty_backed_Gull/Slaty_Backed_Gull_0020_796012.jpg:065.Slaty_backed_Gull -> 063.Ivory_Gull, 
066.Western_Gull/Western_Gull_0110_53861.jpg:066.Western_Gull -> 066.Western_Gull, 082.Ringed_Kingfisher/Ringed_Kingfisher_0011_72982.jpg:082.Ringed_Kingfisher -> 066.Western_Gull, 061.Heermann_Gull/Heermann_Gull_0112_45748.jpg:061.Heermann_Gull -> 066.Western_Gull, 066.Western_Gull/Western_Gull_0087_54193.jpg:066.Western_Gull -> 066.Western_Gull, 066.Western_Gull/Western_Gull_0021_54649.jpg:066.Western_Gull -> 062.Herring_Gull, 066.Western_Gull/Western_Gull_0110_53861.jpg:066.Western_Gull -> 066.Western_Gull, 
067.Anna_Hummingbird/Anna_Hummingbird_0040_56293.jpg:067.Anna_Hummingbird -> 067.Anna_Hummingbird, 083.White_breasted_Kingfisher/White_Breasted_Kingfisher_0017_73355.jpg:083.White_breasted_Kingfisher -> 067.Anna_Hummingbird, 075.Green_Jay/Green_Jay_0066_65902.jpg:075.Green_Jay -> 067.Anna_Hummingbird, 067.Anna_Hummingbird/Anna_Hummingbird_0052_56344.jpg:067.Anna_Hummingbird -> 067.Anna_Hummingbird, 067.Anna_Hummingbird/Anna_Hummingbird_0034_56614.jpg:067.Anna_Hummingbird -> 067.Anna_Hummingbird, 067.Anna_Hummingbird/Anna_Hummingbird_0006_55871.jpg:067.Anna_Hummingbird -> 066.Western_Gull, 
069.Rufous_Hummingbird/Rufous_Hummingbird_0071_59505.jpg:069.Rufous_Hummingbird -> 068.Ruby_throated_Hummingbird, 068.Ruby_throated_Hummingbird/Ruby_Throated_Hummingbird_0098_57514.jpg:068.Ruby_throated_Hummingbird -> 068.Ruby_throated_Hummingbird, 067.Anna_Hummingbird/Anna_Hummingbird_0112_56353.jpg:067.Anna_Hummingbird -> 068.Ruby_throated_Hummingbird, 068.Ruby_throated_Hummingbird/Ruby_Throated_Hummingbird_0131_57813.jpg:068.Ruby_throated_Hummingbird -> 069.Rufous_Hummingbird, 068.Ruby_throated_Hummingbird/Ruby_Throated_Hummingbird_0040_57982.jpg:068.Ruby_throated_Hummingbird -> 068.Ruby_throated_Hummingbird, 068.Ruby_throated_Hummingbird/Ruby_Throated_Hummingbird_0131_57813.jpg:068.Ruby_throated_Hummingbird -> 069.Rufous_Hummingbird, 
069.Rufous_Hummingbird/Rufous_Hummingbird_0046_59647.jpg:069.Rufous_Hummingbird -> 069.Rufous_Hummingbird, 075.Green_Jay/Green_Jay_0118_66251.jpg:075.Green_Jay -> 069.Rufous_Hummingbird, 068.Ruby_throated_Hummingbird/Ruby_Throated_Hummingbird_0024_57969.jpg:068.Ruby_throated_Hummingbird -> 069.Rufous_Hummingbird, 069.Rufous_Hummingbird/Rufous_Hummingbird_0090_58598.jpg:069.Rufous_Hummingbird -> 069.Rufous_Hummingbird, 069.Rufous_Hummingbird/Rufous_Hummingbird_0100_59541.jpg:069.Rufous_Hummingbird -> 069.Rufous_Hummingbird, 069.Rufous_Hummingbird/Rufous_Hummingbird_0006_59621.jpg:069.Rufous_Hummingbird -> 069.Rufous_Hummingbird, 
070.Green_Violetear/Green_Violetear_0003_795662.jpg:070.Green_Violetear -> 070.Green_Violetear, 070.Green_Violetear/Green_Violetear_0107_60781.jpg:070.Green_Violetear -> 070.Green_Violetear, 070.Green_Violetear/Green_Violetear_0060_795657.jpg:070.Green_Violetear -> 070.Green_Violetear, 070.Green_Violetear/Green_Violetear_0119_795724.jpg:070.Green_Violetear -> 067.Anna_Hummingbird, 070.Green_Violetear/Green_Violetear_0036_795635.jpg:070.Green_Violetear -> 070.Green_Violetear, 070.Green_Violetear/Green_Violetear_0108_795711.jpg:070.Green_Violetear -> 067.Anna_Hummingbird, 
071.Long_tailed_Jaeger/Long_Tailed_Jaeger_0032_61177.jpg:071.Long_tailed_Jaeger -> 071.Long_tailed_Jaeger, 072.Pomarine_Jaeger/Pomarine_Jaeger_0077_795739.jpg:072.Pomarine_Jaeger -> 071.Long_tailed_Jaeger, 072.Pomarine_Jaeger/Pomarine_Jaeger_0042_795755.jpg:072.Pomarine_Jaeger -> 071.Long_tailed_Jaeger, 071.Long_tailed_Jaeger/Long_Tailed_Jaeger_0001_797061.jpg:071.Long_tailed_Jaeger -> 072.Pomarine_Jaeger, 071.Long_tailed_Jaeger/Long_Tailed_Jaeger_0069_61060.jpg:071.Long_tailed_Jaeger -> 086.Pacific_Loon, 071.Long_tailed_Jaeger/Long_Tailed_Jaeger_0016_797084.jpg:071.Long_tailed_Jaeger -> 085.Horned_Lark, 
072.Pomarine_Jaeger/Pomarine_Jaeger_0026_61273.jpg:072.Pomarine_Jaeger -> 072.Pomarine_Jaeger, 072.Pomarine_Jaeger/Pomarine_Jaeger_0023_61431.jpg:072.Pomarine_Jaeger -> 072.Pomarine_Jaeger, 072.Pomarine_Jaeger/Pomarine_Jaeger_0029_61365.jpg:072.Pomarine_Jaeger -> 072.Pomarine_Jaeger, 072.Pomarine_Jaeger/Pomarine_Jaeger_0002_61361.jpg:072.Pomarine_Jaeger -> 086.Pacific_Loon, 072.Pomarine_Jaeger/Pomarine_Jaeger_0017_795782.jpg:072.Pomarine_Jaeger -> 072.Pomarine_Jaeger, 072.Pomarine_Jaeger/Pomarine_Jaeger_0046_61301.jpg:072.Pomarine_Jaeger -> 072.Pomarine_Jaeger, 
073.Blue_Jay/Blue_Jay_0038_62784.jpg:073.Blue_Jay -> 073.Blue_Jay, 073.Blue_Jay/Blue_Jay_0102_61494.jpg:073.Blue_Jay -> 073.Blue_Jay, 073.Blue_Jay/Blue_Jay_0095_63505.jpg:073.Blue_Jay -> 073.Blue_Jay, 073.Blue_Jay/Blue_Jay_0020_63604.jpg:073.Blue_Jay -> 091.Mockingbird, 073.Blue_Jay/Blue_Jay_0096_63330.jpg:073.Blue_Jay -> 074.Florida_Jay, 073.Blue_Jay/Blue_Jay_0028_63599.jpg:073.Blue_Jay -> 073.Blue_Jay, 
074.Florida_Jay/Florida_Jay_0003_65036.jpg:074.Florida_Jay -> 074.Florida_Jay, 080.Green_Kingfisher/Green_Kingfisher_0081_70953.jpg:080.Green_Kingfisher -> 074.Florida_Jay, 074.Florida_Jay/Florida_Jay_0008_64482.jpg:074.Florida_Jay -> 074.Florida_Jay, 074.Florida_Jay/Florida_Jay_0066_65018.jpg:074.Florida_Jay -> 093.Clark_Nutcracker, 074.Florida_Jay/Florida_Jay_0097_64906.jpg:074.Florida_Jay -> 083.White_breasted_Kingfisher, 074.Florida_Jay/Florida_Jay_0013_64706.jpg:074.Florida_Jay -> 073.Blue_Jay, 
091.Mockingbird/Mockingbird_0016_79605.jpg:091.Mockingbird -> 075.Green_Jay, 082.Ringed_Kingfisher/Ringed_Kingfisher_0051_72997.jpg:082.Ringed_Kingfisher -> 075.Green_Jay, 083.White_breasted_Kingfisher/White_Breasted_Kingfisher_0047_73251.jpg:083.White_breasted_Kingfisher -> 075.Green_Jay, 075.Green_Jay/Green_Jay_0051_65662.jpg:075.Green_Jay -> 075.Green_Jay, 075.Green_Jay/Green_Jay_0102_65813.jpg:075.Green_Jay -> 099.Ovenbird, 075.Green_Jay/Green_Jay_0042_65740.jpg:075.Green_Jay -> 096.Hooded_Oriole, 
076.Dark_eyed_Junco/Dark_Eyed_Junco_0015_66576.jpg:076.Dark_eyed_Junco -> 076.Dark_eyed_Junco, 091.Mockingbird/Mockingbird_0046_81086.jpg:091.Mockingbird -> 076.Dark_eyed_Junco, 076.Dark_eyed_Junco/Dark_Eyed_Junco_0014_66258.jpg:076.Dark_eyed_Junco -> 076.Dark_eyed_Junco, 076.Dark_eyed_Junco/Dark_Eyed_Junco_0083_66449.jpg:076.Dark_eyed_Junco -> 076.Dark_eyed_Junco, 076.Dark_eyed_Junco/Dark_Eyed_Junco_0017_67676.jpg:076.Dark_eyed_Junco -> 078.Gray_Kingbird, 076.Dark_eyed_Junco/Dark_Eyed_Junco_0040_66689.jpg:076.Dark_eyed_Junco -> 099.Ovenbird, 
077.Tropical_Kingbird/Tropical_Kingbird_0038_69455.jpg:077.Tropical_Kingbird -> 077.Tropical_Kingbird, 069.Rufous_Hummingbird/Rufous_Hummingbird_0048_58478.jpg:069.Rufous_Hummingbird -> 077.Tropical_Kingbird, 097.Orchard_Oriole/Orchard_Oriole_0005_91682.jpg:097.Orchard_Oriole -> 077.Tropical_Kingbird, 077.Tropical_Kingbird/Tropical_Kingbird_0001_69958.jpg:077.Tropical_Kingbird -> 077.Tropical_Kingbird, 077.Tropical_Kingbird/Tropical_Kingbird_0024_69582.jpg:077.Tropical_Kingbird -> 095.Baltimore_Oriole, 077.Tropical_Kingbird/Tropical_Kingbird_0049_69933.jpg:077.Tropical_Kingbird -> 067.Anna_Hummingbird, 
091.Mockingbird/Mockingbird_0040_79680.jpg:091.Mockingbird -> 078.Gray_Kingbird, 094.White_breasted_Nuthatch/White_Breasted_Nuthatch_0002_86287.jpg:094.White_breasted_Nuthatch -> 078.Gray_Kingbird, 098.Scott_Oriole/Scott_Oriole_0043_795828.jpg:098.Scott_Oriole -> 078.Gray_Kingbird, 078.Gray_Kingbird/Gray_Kingbird_0070_70051.jpg:078.Gray_Kingbird -> 085.Horned_Lark, 078.Gray_Kingbird/Gray_Kingbird_0083_70162.jpg:078.Gray_Kingbird -> 076.Dark_eyed_Junco, 078.Gray_Kingbird/Gray_Kingbird_0035_795027.jpg:078.Gray_Kingbird -> 078.Gray_Kingbird, 
080.Green_Kingfisher/Green_Kingfisher_0099_70942.jpg:080.Green_Kingfisher -> 079.Belted_Kingfisher, 078.Gray_Kingbird/Gray_Kingbird_0029_795015.jpg:078.Gray_Kingbird -> 079.Belted_Kingfisher, 093.Clark_Nutcracker/Clark_Nutcracker_0083_85480.jpg:093.Clark_Nutcracker -> 079.Belted_Kingfisher, 079.Belted_Kingfisher/Belted_Kingfisher_0085_70503.jpg:079.Belted_Kingfisher -> 079.Belted_Kingfisher, 079.Belted_Kingfisher/Belted_Kingfisher_0028_70358.jpg:079.Belted_Kingfisher -> 078.Gray_Kingbird, 079.Belted_Kingfisher/Belted_Kingfisher_0061_70363.jpg:079.Belted_Kingfisher -> 079.Belted_Kingfisher, 
094.White_breasted_Nuthatch/White_Breasted_Nuthatch_0131_86416.jpg:094.White_breasted_Nuthatch -> 080.Green_Kingfisher, 083.White_breasted_Kingfisher/White_Breasted_Kingfisher_0023_73230.jpg:083.White_breasted_Kingfisher -> 080.Green_Kingfisher, 080.Green_Kingfisher/Green_Kingfisher_0043_71212.jpg:080.Green_Kingfisher -> 080.Green_Kingfisher, 080.Green_Kingfisher/Green_Kingfisher_0066_71200.jpg:080.Green_Kingfisher -> 078.Gray_Kingbird, 080.Green_Kingfisher/Green_Kingfisher_0092_71106.jpg:080.Green_Kingfisher -> 081.Pied_Kingfisher, 080.Green_Kingfisher/Green_Kingfisher_0053_71319.jpg:080.Green_Kingfisher -> 077.Tropical_Kingbird, 
085.Horned_Lark/Horned_Lark_0065_74279.jpg:085.Horned_Lark -> 081.Pied_Kingfisher, 088.Western_Meadowlark/Western_Meadowlark_0029_78832.jpg:088.Western_Meadowlark -> 081.Pied_Kingfisher, 085.Horned_Lark/Horned_Lark_0083_74444.jpg:085.Horned_Lark -> 081.Pied_Kingfisher, 081.Pied_Kingfisher/Pied_Kingfisher_0019_72659.jpg:081.Pied_Kingfisher -> 081.Pied_Kingfisher, 081.Pied_Kingfisher/Pied_Kingfisher_0014_72119.jpg:081.Pied_Kingfisher -> 081.Pied_Kingfisher, 081.Pied_Kingfisher/Pied_Kingfisher_0018_71657.jpg:081.Pied_Kingfisher -> 092.Nighthawk, 
068.Ruby_throated_Hummingbird/Ruby_Throated_Hummingbird_0008_58204.jpg:068.Ruby_throated_Hummingbird -> 082.Ringed_Kingfisher, 067.Anna_Hummingbird/Anna_Hummingbird_0098_56388.jpg:067.Anna_Hummingbird -> 082.Ringed_Kingfisher, 079.Belted_Kingfisher/Belted_Kingfisher_0043_70492.jpg:079.Belted_Kingfisher -> 082.Ringed_Kingfisher, 082.Ringed_Kingfisher/Ringed_Kingfisher_0012_72974.jpg:082.Ringed_Kingfisher -> 066.Western_Gull, 082.Ringed_Kingfisher/Ringed_Kingfisher_0074_73130.jpg:082.Ringed_Kingfisher -> 086.Pacific_Loon, 082.Ringed_Kingfisher/Ringed_Kingfisher_0101_72919.jpg:082.Ringed_Kingfisher -> 097.Orchard_Oriole, 
075.Green_Jay/Green_Jay_0023_65898.jpg:075.Green_Jay -> 083.White_breasted_Kingfisher, 082.Ringed_Kingfisher/Ringed_Kingfisher_0078_72826.jpg:082.Ringed_Kingfisher -> 083.White_breasted_Kingfisher, 074.Florida_Jay/Florida_Jay_0026_64938.jpg:074.Florida_Jay -> 083.White_breasted_Kingfisher, 083.White_breasted_Kingfisher/White_Breasted_Kingfisher_0056_73353.jpg:083.White_breasted_Kingfisher -> 082.Ringed_Kingfisher, 083.White_breasted_Kingfisher/White_Breasted_Kingfisher_0088_73386.jpg:083.White_breasted_Kingfisher -> 083.White_breasted_Kingfisher, 083.White_breasted_Kingfisher/White_Breasted_Kingfisher_0024_73736.jpg:083.White_breasted_Kingfisher -> 083.White_breasted_Kingfisher, 
084.Red_legged_Kittiwake/Red_Legged_Kittiwake_0022_795418.jpg:084.Red_legged_Kittiwake -> 084.Red_legged_Kittiwake, 061.Heermann_Gull/Heermann_Gull_0118_45626.jpg:061.Heermann_Gull -> 084.Red_legged_Kittiwake, 063.Ivory_Gull/Ivory_Gull_0061_49416.jpg:063.Ivory_Gull -> 084.Red_legged_Kittiwake, 084.Red_legged_Kittiwake/Red_Legged_Kittiwake_0068_795430.jpg:084.Red_legged_Kittiwake -> 063.Ivory_Gull, 084.Red_legged_Kittiwake/Red_Legged_Kittiwake_0006_795436.jpg:084.Red_legged_Kittiwake -> 062.Herring_Gull, 084.Red_legged_Kittiwake/Red_Legged_Kittiwake_0059_795424.jpg:084.Red_legged_Kittiwake -> 062.Herring_Gull, 
088.Western_Meadowlark/Western_Meadowlark_0013_77712.jpg:088.Western_Meadowlark -> 085.Horned_Lark, 088.Western_Meadowlark/Western_Meadowlark_0032_78633.jpg:088.Western_Meadowlark -> 085.Horned_Lark, 085.Horned_Lark/Horned_Lark_0048_73894.jpg:085.Horned_Lark -> 085.Horned_Lark, 085.Horned_Lark/Horned_Lark_0001_73835.jpg:085.Horned_Lark -> 085.Horned_Lark, 085.Horned_Lark/Horned_Lark_0019_73996.jpg:085.Horned_Lark -> 076.Dark_eyed_Junco, 085.Horned_Lark/Horned_Lark_0034_73940.jpg:085.Horned_Lark -> 085.Horned_Lark, 
061.Heermann_Gull/Heermann_Gull_0141_45391.jpg:061.Heermann_Gull -> 086.Pacific_Loon, 061.Heermann_Gull/Heermann_Gull_0013_45771.jpg:061.Heermann_Gull -> 086.Pacific_Loon, 086.Pacific_Loon/Pacific_Loon_0059_75706.jpg:086.Pacific_Loon -> 086.Pacific_Loon, 086.Pacific_Loon/Pacific_Loon_0043_75747.jpg:086.Pacific_Loon -> 089.Hooded_Merganser, 086.Pacific_Loon/Pacific_Loon_0039_75517.jpg:086.Pacific_Loon -> 072.Pomarine_Jaeger, 086.Pacific_Loon/Pacific_Loon_0057_75854.jpg:086.Pacific_Loon -> 089.Hooded_Merganser, 
087.Mallard/Mallard_0022_77166.jpg:087.Mallard -> 087.Mallard, 087.Mallard/Mallard_0103_77105.jpg:087.Mallard -> 087.Mallard, 087.Mallard/Mallard_0050_76519.jpg:087.Mallard -> 087.Mallard, 087.Mallard/Mallard_0106_77568.jpg:087.Mallard -> 089.Hooded_Merganser, 087.Mallard/Mallard_0136_76593.jpg:087.Mallard -> 089.Hooded_Merganser, 087.Mallard/Mallard_0046_76165.jpg:087.Mallard -> 089.Hooded_Merganser, 
087.Mallard/Mallard_0087_77499.jpg:087.Mallard -> 088.Western_Meadowlark, 088.Western_Meadowlark/Western_Meadowlark_0067_78529.jpg:088.Western_Meadowlark -> 088.Western_Meadowlark, 088.Western_Meadowlark/Western_Meadowlark_0052_77781.jpg:088.Western_Meadowlark -> 088.Western_Meadowlark, 088.Western_Meadowlark/Western_Meadowlark_0111_78674.jpg:088.Western_Meadowlark -> 085.Horned_Lark, 088.Western_Meadowlark/Western_Meadowlark_0086_78636.jpg:088.Western_Meadowlark -> 099.Ovenbird, 088.Western_Meadowlark/Western_Meadowlark_0111_78674.jpg:088.Western_Meadowlark -> 085.Horned_Lark, 
089.Hooded_Merganser/Hooded_Merganser_0087_78972.jpg:089.Hooded_Merganser -> 089.Hooded_Merganser, 087.Mallard/Mallard_0093_77419.jpg:087.Mallard -> 089.Hooded_Merganser, 089.Hooded_Merganser/Hooded_Merganser_0057_796742.jpg:089.Hooded_Merganser -> 089.Hooded_Merganser, 089.Hooded_Merganser/Hooded_Merganser_0023_796784.jpg:089.Hooded_Merganser -> 089.Hooded_Merganser, 089.Hooded_Merganser/Hooded_Merganser_0024_796779.jpg:089.Hooded_Merganser -> 089.Hooded_Merganser, 089.Hooded_Merganser/Hooded_Merganser_0074_796757.jpg:089.Hooded_Merganser -> 089.Hooded_Merganser, 
090.Red_breasted_Merganser/Red_Breasted_Merganser_0063_79238.jpg:090.Red_breasted_Merganser -> 090.Red_breasted_Merganser, 090.Red_breasted_Merganser/Red_Breasted_Merganser_0040_79207.jpg:090.Red_breasted_Merganser -> 090.Red_breasted_Merganser, 089.Hooded_Merganser/Hooded_Merganser_0072_78973.jpg:089.Hooded_Merganser -> 090.Red_breasted_Merganser, 090.Red_breasted_Merganser/Red_Breasted_Merganser_0034_79292.jpg:090.Red_breasted_Merganser -> 086.Pacific_Loon, 090.Red_breasted_Merganser/Red_Breasted_Merganser_0066_79275.jpg:090.Red_breasted_Merganser -> 090.Red_breasted_Merganser, 090.Red_breasted_Merganser/Red_Breasted_Merganser_0033_79353.jpg:090.Red_breasted_Merganser -> 089.Hooded_Merganser, 
091.Mockingbird/Mockingbird_0021_80343.jpg:091.Mockingbird -> 091.Mockingbird, 075.Green_Jay/Green_Jay_0063_65925.jpg:075.Green_Jay -> 091.Mockingbird, 082.Ringed_Kingfisher/Ringed_Kingfisher_0053_72875.jpg:082.Ringed_Kingfisher -> 091.Mockingbird, 091.Mockingbird/Mockingbird_0078_80426.jpg:091.Mockingbird -> 093.Clark_Nutcracker, 091.Mockingbird/Mockingbird_0046_81086.jpg:091.Mockingbird -> 076.Dark_eyed_Junco, 091.Mockingbird/Mockingbird_0089_80601.jpg:091.Mockingbird -> 091.Mockingbird, 
092.Nighthawk/Nighthawk_0005_84594.jpg:092.Nighthawk -> 092.Nighthawk, 100.Brown_Pelican/Brown_Pelican_0095_94290.jpg:100.Brown_Pelican -> 092.Nighthawk, 079.Belted_Kingfisher/Belted_Kingfisher_0075_70873.jpg:079.Belted_Kingfisher -> 092.Nighthawk, 092.Nighthawk/Nighthawk_0026_83911.jpg:092.Nighthawk -> 092.Nighthawk, 092.Nighthawk/Nighthawk_0069_82613.jpg:092.Nighthawk -> 092.Nighthawk, 092.Nighthawk/Nighthawk_0029_83733.jpg:092.Nighthawk -> 092.Nighthawk, 
093.Clark_Nutcracker/Clark_Nutcracker_0003_85296.jpg:093.Clark_Nutcracker -> 093.Clark_Nutcracker, 071.Long_tailed_Jaeger/Long_Tailed_Jaeger_0056_797092.jpg:071.Long_tailed_Jaeger -> 093.Clark_Nutcracker, 093.Clark_Nutcracker/Clark_Nutcracker_0003_85296.jpg:093.Clark_Nutcracker -> 093.Clark_Nutcracker, 093.Clark_Nutcracker/Clark_Nutcracker_0076_85083.jpg:093.Clark_Nutcracker -> 093.Clark_Nutcracker, 093.Clark_Nutcracker/Clark_Nutcracker_0027_85266.jpg:093.Clark_Nutcracker -> 094.White_breasted_Nuthatch, 093.Clark_Nutcracker/Clark_Nutcracker_0138_85633.jpg:093.Clark_Nutcracker -> 063.Ivory_Gull, 
093.Clark_Nutcracker/Clark_Nutcracker_0043_84853.jpg:093.Clark_Nutcracker -> 094.White_breasted_Nuthatch, 081.Pied_Kingfisher/Pied_Kingfisher_0007_72438.jpg:081.Pied_Kingfisher -> 094.White_breasted_Nuthatch, 094.White_breasted_Nuthatch/White_Breasted_Nuthatch_0043_86196.jpg:094.White_breasted_Nuthatch -> 094.White_breasted_Nuthatch, 094.White_breasted_Nuthatch/White_Breasted_Nuthatch_0108_86308.jpg:094.White_breasted_Nuthatch -> 076.Dark_eyed_Junco, 094.White_breasted_Nuthatch/White_Breasted_Nuthatch_0142_86805.jpg:094.White_breasted_Nuthatch -> 078.Gray_Kingbird, 094.White_breasted_Nuthatch/White_Breasted_Nuthatch_0108_86308.jpg:094.White_breasted_Nuthatch -> 076.Dark_eyed_Junco, 
098.Scott_Oriole/Scott_Oriole_0056_795816.jpg:098.Scott_Oriole -> 095.Baltimore_Oriole, 077.Tropical_Kingbird/Tropical_Kingbird_0024_69582.jpg:077.Tropical_Kingbird -> 095.Baltimore_Oriole, 095.Baltimore_Oriole/Baltimore_Oriole_0069_87839.jpg:095.Baltimore_Oriole -> 095.Baltimore_Oriole, 095.Baltimore_Oriole/Baltimore_Oriole_0064_89554.jpg:095.Baltimore_Oriole -> 096.Hooded_Oriole, 095.Baltimore_Oriole/Baltimore_Oriole_0100_89908.jpg:095.Baltimore_Oriole -> 095.Baltimore_Oriole, 095.Baltimore_Oriole/Baltimore_Oriole_0066_87380.jpg:095.Baltimore_Oriole -> 096.Hooded_Oriole, 
094.White_breasted_Nuthatch/White_Breasted_Nuthatch_0054_86551.jpg:094.White_breasted_Nuthatch -> 096.Hooded_Oriole, 095.Baltimore_Oriole/Baltimore_Oriole_0066_87380.jpg:095.Baltimore_Oriole -> 096.Hooded_Oriole, 095.Baltimore_Oriole/Baltimore_Oriole_0104_86979.jpg:095.Baltimore_Oriole -> 096.Hooded_Oriole, 096.Hooded_Oriole/Hooded_Oriole_0024_90157.jpg:096.Hooded_Oriole -> 096.Hooded_Oriole, 096.Hooded_Oriole/Hooded_Oriole_0043_90499.jpg:096.Hooded_Oriole -> 096.Hooded_Oriole, 096.Hooded_Oriole/Hooded_Oriole_0004_91057.jpg:096.Hooded_Oriole -> 096.Hooded_Oriole, 
095.Baltimore_Oriole/Baltimore_Oriole_0127_87560.jpg:095.Baltimore_Oriole -> 097.Orchard_Oriole, 097.Orchard_Oriole/Orchard_Oriole_0018_91601.jpg:097.Orchard_Oriole -> 097.Orchard_Oriole, 097.Orchard_Oriole/Orchard_Oriole_0034_91825.jpg:097.Orchard_Oriole -> 097.Orchard_Oriole, 097.Orchard_Oriole/Orchard_Oriole_0065_91397.jpg:097.Orchard_Oriole -> 098.Scott_Oriole, 097.Orchard_Oriole/Orchard_Oriole_0015_91565.jpg:097.Orchard_Oriole -> 095.Baltimore_Oriole, 097.Orchard_Oriole/Orchard_Oriole_0042_91678.jpg:097.Orchard_Oriole -> 067.Anna_Hummingbird, 
096.Hooded_Oriole/Hooded_Oriole_0106_90899.jpg:096.Hooded_Oriole -> 098.Scott_Oriole, 098.Scott_Oriole/Scott_Oriole_0007_92439.jpg:098.Scott_Oriole -> 098.Scott_Oriole, 096.Hooded_Oriole/Hooded_Oriole_0107_89985.jpg:096.Hooded_Oriole -> 098.Scott_Oriole, 098.Scott_Oriole/Scott_Oriole_0054_92310.jpg:098.Scott_Oriole -> 077.Tropical_Kingbird, 098.Scott_Oriole/Scott_Oriole_0053_795805.jpg:098.Scott_Oriole -> 096.Hooded_Oriole, 098.Scott_Oriole/Scott_Oriole_0071_795848.jpg:098.Scott_Oriole -> 095.Baltimore_Oriole, 
088.Western_Meadowlark/Western_Meadowlark_0019_77876.jpg:088.Western_Meadowlark -> 099.Ovenbird, 076.Dark_eyed_Junco/Dark_Eyed_Junco_0090_69051.jpg:076.Dark_eyed_Junco -> 099.Ovenbird, 075.Green_Jay/Green_Jay_0036_65660.jpg:075.Green_Jay -> 099.Ovenbird, 099.Ovenbird/Ovenbird_0079_92610.jpg:099.Ovenbird -> 097.Orchard_Oriole, 099.Ovenbird/Ovenbird_0137_92639.jpg:099.Ovenbird -> 099.Ovenbird, 099.Ovenbird/Ovenbird_0126_92602.jpg:099.Ovenbird -> 088.Western_Meadowlark, 
100.Brown_Pelican/Brown_Pelican_0071_94549.jpg:100.Brown_Pelican -> 100.Brown_Pelican, 100.Brown_Pelican/Brown_Pelican_0115_93731.jpg:100.Brown_Pelican -> 100.Brown_Pelican, 100.Brown_Pelican/Brown_Pelican_0071_94549.jpg:100.Brown_Pelican -> 100.Brown_Pelican, 100.Brown_Pelican/Brown_Pelican_0072_94974.jpg:100.Brown_Pelican -> 072.Pomarine_Jaeger, 100.Brown_Pelican/Brown_Pelican_0075_95357.jpg:100.Brown_Pelican -> 100.Brown_Pelican, 100.Brown_Pelican/Brown_Pelican_0122_94022.jpg:100.Brown_Pelican -> 100.Brown_Pelican, 
