101.White_Pelican/White_Pelican_0073_96260.jpg:101.White_Pelican -> 101.White_Pelican, 101.White_Pelican/White_Pelican_0034_97466.jpg:101.White_Pelican -> 101.White_Pelican, 101.White_Pelican/White_Pelican_0083_95840.jpg:101.White_Pelican -> 101.White_Pelican, 101.White_Pelican/White_Pelican_0047_97190.jpg:101.White_Pelican -> 101.White_Pelican, 101.White_Pelican/White_Pelican_0046_96888.jpg:101.White_Pelican -> 101.White_Pelican, 101.White_Pelican/White_Pelican_0053_96236.jpg:101.White_Pelican -> 101.White_Pelican, 
102.Western_Wood_Pewee/Western_Wood_Pewee_0049_98263.jpg:102.Western_Wood_Pewee -> 164.Cerulean_Warbler, 102.Western_Wood_Pewee/Western_Wood_Pewee_0069_98299.jpg:102.Western_Wood_Pewee -> 133.White_throated_Sparrow, 102.Western_Wood_Pewee/Western_Wood_Pewee_0073_795044.jpg:102.Western_Wood_Pewee -> 130.Tree_Sparrow, 102.Western_Wood_Pewee/Western_Wood_Pewee_0003_795050.jpg:102.Western_Wood_Pewee -> 124.Le_Conte_Sparrow, 102.Western_Wood_Pewee/Western_Wood_Pewee_0051_98206.jpg:102.Western_Wood_Pewee -> 104.American_Pipit, 102.Western_Wood_Pewee/Western_Wood_Pewee_0012_98031.jpg:102.Western_Wood_Pewee -> 155.Warbling_Vireo, 
193.Bewick_Wren/Bewick_Wren_0050_184919.jpg:193.Bewick_Wren -> 103.Sayornis, 151.Black_capped_Vireo/Black_Capped_Vireo_0034_797448.jpg:151.Black_capped_Vireo -> 103.Sayornis, 193.Bewick_Wren/Bewick_Wren_0067_184816.jpg:193.Bewick_Wren -> 103.Sayornis, 103.Sayornis/Sayornis_0130_98678.jpg:103.Sayornis -> 155.Warbling_Vireo, 103.Sayornis/Sayornis_0085_99503.jpg:103.Sayornis -> 155.Warbling_Vireo, 103.Sayornis/Sayornis_0030_98343.jpg:103.Sayornis -> 149.Brown_Thrasher, 
118.House_Sparrow/House_Sparrow_0007_111029.jpg:118.House_Sparrow -> 104.American_Pipit, 133.White_throated_Sparrow/White_Throated_Sparrow_0118_129084.jpg:133.White_throated_Sparrow -> 104.American_Pipit, 181.Worm_eating_Warbler/Worm_Eating_Warbler_0076_176086.jpg:181.Worm_eating_Warbler -> 104.American_Pipit, 104.American_Pipit/American_Pipit_0070_100061.jpg:104.American_Pipit -> 104.American_Pipit, 104.American_Pipit/American_Pipit_0008_100390.jpg:104.American_Pipit -> 104.American_Pipit, 104.American_Pipit/American_Pipit_0116_100015.jpg:104.American_Pipit -> 184.Louisiana_Waterthrush, 
118.House_Sparrow/House_Sparrow_0019_112645.jpg:118.House_Sparrow -> 105.Whip_poor_Will, 166.Golden_winged_Warbler/Golden_Winged_Warbler_0054_794847.jpg:166.Golden_winged_Warbler -> 105.Whip_poor_Will, 105.Whip_poor_Will/Whip_Poor_Will_0019_796433.jpg:105.Whip_poor_Will -> 105.Whip_poor_Will, 105.Whip_poor_Will/Whip_Poor_Will_0017_796429.jpg:105.Whip_poor_Will -> 149.Brown_Thrasher, 105.Whip_poor_Will/Whip_Poor_Will_0046_796440.jpg:105.Whip_poor_Will -> 105.Whip_poor_Will, 105.Whip_poor_Will/Whip_Poor_Will_0002_796427.jpg:105.Whip_poor_Will -> 167.Hooded_Warbler, 
145.Elegant_Tern/Elegant_Tern_0093_150534.jpg:145.Elegant_Tern -> 106.Horned_Puffin, 104.American_Pipit/American_Pipit_0039_99841.jpg:104.American_Pipit -> 106.Horned_Puffin, 146.Forsters_Tern/Forsters_Tern_0121_151385.jpg:146.Forsters_Tern -> 106.Horned_Puffin, 106.Horned_Puffin/Horned_Puffin_0031_100804.jpg:106.Horned_Puffin -> 106.Horned_Puffin, 106.Horned_Puffin/Horned_Puffin_0071_100651.jpg:106.Horned_Puffin -> 145.Elegant_Tern, 106.Horned_Puffin/Horned_Puffin_0001_100973.jpg:106.Horned_Puffin -> 106.Horned_Puffin, 
108.White_necked_Raven/White_Necked_Raven_0062_797382.jpg:108.White_necked_Raven -> 107.Common_Raven, 135.Bank_Swallow/Bank_Swallow_0030_129560.jpg:135.Bank_Swallow -> 107.Common_Raven, 192.Downy_Woodpecker/Downy_Woodpecker_0048_184164.jpg:192.Downy_Woodpecker -> 107.Common_Raven, 107.Common_Raven/Common_Raven_0116_101350.jpg:107.Common_Raven -> 107.Common_Raven, 107.Common_Raven/Common_Raven_0035_101466.jpg:107.Common_Raven -> 106.Horned_Puffin, 107.Common_Raven/Common_Raven_0069_101825.jpg:107.Common_Raven -> 107.Common_Raven, 
107.Common_Raven/Common_Raven_0002_102582.jpg:107.Common_Raven -> 108.White_necked_Raven, 108.White_necked_Raven/White_Necked_Raven_0025_797346.jpg:108.White_necked_Raven -> 108.White_necked_Raven, 108.White_necked_Raven/White_Necked_Raven_0011_797367.jpg:108.White_necked_Raven -> 108.White_necked_Raven, 108.White_necked_Raven/White_Necked_Raven_0056_797373.jpg:108.White_necked_Raven -> 108.White_necked_Raven, 108.White_necked_Raven/White_Necked_Raven_0050_797374.jpg:108.White_necked_Raven -> 107.Common_Raven, 108.White_necked_Raven/White_Necked_Raven_0034_102598.jpg:108.White_necked_Raven -> 107.Common_Raven, 
151.Black_capped_Vireo/Black_Capped_Vireo_0015_797450.jpg:151.Black_capped_Vireo -> 109.American_Redstart, 191.Red_headed_Woodpecker/Red_Headed_Woodpecker_0055_183515.jpg:191.Red_headed_Woodpecker -> 109.American_Redstart, 134.Cape_Glossy_Starling/Cape_Glossy_Starling_0017_129337.jpg:134.Cape_Glossy_Starling -> 109.American_Redstart, 109.American_Redstart/American_Redstart_0137_102848.jpg:109.American_Redstart -> 161.Blue_winged_Warbler, 109.American_Redstart/American_Redstart_0071_103266.jpg:109.American_Redstart -> 161.Blue_winged_Warbler, 109.American_Redstart/American_Redstart_0041_103717.jpg:109.American_Redstart -> 187.American_Three_toed_Woodpecker, 
185.Bohemian_Waxwing/Bohemian_Waxwing_0004_796652.jpg:185.Bohemian_Waxwing -> 110.Geococcyx, 193.Bewick_Wren/Bewick_Wren_0039_184989.jpg:193.Bewick_Wren -> 110.Geococcyx, 193.Bewick_Wren/Bewick_Wren_0016_184999.jpg:193.Bewick_Wren -> 110.Geococcyx, 110.Geococcyx/Geococcyx_0091_104301.jpg:110.Geococcyx -> 110.Geococcyx, 110.Geococcyx/Geococcyx_0040_104507.jpg:110.Geococcyx -> 118.House_Sparrow, 110.Geococcyx/Geococcyx_0107_104534.jpg:110.Geococcyx -> 110.Geococcyx, 
111.Loggerhead_Shrike/Loggerhead_Shrike_0115_105575.jpg:111.Loggerhead_Shrike -> 112.Great_Grey_Shrike, 111.Loggerhead_Shrike/Loggerhead_Shrike_0118_105157.jpg:111.Loggerhead_Shrike -> 107.Common_Raven, 111.Loggerhead_Shrike/Loggerhead_Shrike_0059_106086.jpg:111.Loggerhead_Shrike -> 107.Common_Raven, 111.Loggerhead_Shrike/Loggerhead_Shrike_0069_73908.jpg:111.Loggerhead_Shrike -> 118.House_Sparrow, 111.Loggerhead_Shrike/Loggerhead_Shrike_0128_105238.jpg:111.Loggerhead_Shrike -> 133.White_throated_Sparrow, 111.Loggerhead_Shrike/Loggerhead_Shrike_0069_73908.jpg:111.Loggerhead_Shrike -> 118.House_Sparrow, 
111.Loggerhead_Shrike/Loggerhead_Shrike_0064_106225.jpg:111.Loggerhead_Shrike -> 112.Great_Grey_Shrike, 112.Great_Grey_Shrike/Great_Grey_Shrike_0079_797018.jpg:112.Great_Grey_Shrike -> 112.Great_Grey_Shrike, 111.Loggerhead_Shrike/Loggerhead_Shrike_0115_105575.jpg:111.Loggerhead_Shrike -> 112.Great_Grey_Shrike, 112.Great_Grey_Shrike/Great_Grey_Shrike_0080_106850.jpg:112.Great_Grey_Shrike -> 114.Black_throated_Sparrow, 112.Great_Grey_Shrike/Great_Grey_Shrike_0043_106818.jpg:112.Great_Grey_Shrike -> 112.Great_Grey_Shrike, 112.Great_Grey_Shrike/Great_Grey_Shrike_0044_106851.jpg:112.Great_Grey_Shrike -> 112.Great_Grey_Shrike, 
113.Baird_Sparrow/Baird_Sparrow_0030_794569.jpg:113.Baird_Sparrow -> 113.Baird_Sparrow, 173.Orange_crowned_Warbler/Orange_Crowned_Warbler_0005_168314.jpg:173.Orange_crowned_Warbler -> 113.Baird_Sparrow, 193.Bewick_Wren/Bewick_Wren_0096_185139.jpg:193.Bewick_Wren -> 113.Baird_Sparrow, 113.Baird_Sparrow/Baird_Sparrow_0050_787316.jpg:113.Baird_Sparrow -> 105.Whip_poor_Will, 113.Baird_Sparrow/Baird_Sparrow_0035_106904.jpg:113.Baird_Sparrow -> 197.Marsh_Wren, 113.Baird_Sparrow/Baird_Sparrow_0033_794566.jpg:113.Baird_Sparrow -> 113.Baird_Sparrow, 
150.Sage_Thrasher/Sage_Thrasher_0083_796450.jpg:150.Sage_Thrasher -> 114.Black_throated_Sparrow, 165.Chestnut_sided_Warbler/Chestnut_Sided_Warbler_0023_164308.jpg:165.Chestnut_sided_Warbler -> 114.Black_throated_Sparrow, 150.Sage_Thrasher/Sage_Thrasher_0084_155490.jpg:150.Sage_Thrasher -> 114.Black_throated_Sparrow, 114.Black_throated_Sparrow/Black_Throated_Sparrow_0057_107036.jpg:114.Black_throated_Sparrow -> 131.Vesper_Sparrow, 114.Black_throated_Sparrow/Black_Throated_Sparrow_0043_107236.jpg:114.Black_throated_Sparrow -> 104.American_Pipit, 114.Black_throated_Sparrow/Black_Throated_Sparrow_0084_107066.jpg:114.Black_throated_Sparrow -> 125.Lincoln_Sparrow, 
128.Seaside_Sparrow/Seaside_Sparrow_0020_120743.jpg:128.Seaside_Sparrow -> 115.Brewer_Sparrow, 135.Bank_Swallow/Bank_Swallow_0050_129780.jpg:135.Bank_Swallow -> 115.Brewer_Sparrow, 128.Seaside_Sparrow/Seaside_Sparrow_0020_120743.jpg:128.Seaside_Sparrow -> 115.Brewer_Sparrow, 115.Brewer_Sparrow/Brewer_Sparrow_0031_796712.jpg:115.Brewer_Sparrow -> 119.Field_Sparrow, 115.Brewer_Sparrow/Brewer_Sparrow_0061_107438.jpg:115.Brewer_Sparrow -> 121.Grasshopper_Sparrow, 115.Brewer_Sparrow/Brewer_Sparrow_0061_107438.jpg:115.Brewer_Sparrow -> 121.Grasshopper_Sparrow, 
116.Chipping_Sparrow/Chipping_Sparrow_0004_108430.jpg:116.Chipping_Sparrow -> 129.Song_Sparrow, 116.Chipping_Sparrow/Chipping_Sparrow_0096_109853.jpg:116.Chipping_Sparrow -> 164.Cerulean_Warbler, 116.Chipping_Sparrow/Chipping_Sparrow_0021_109588.jpg:116.Chipping_Sparrow -> 125.Lincoln_Sparrow, 116.Chipping_Sparrow/Chipping_Sparrow_0016_109051.jpg:116.Chipping_Sparrow -> 128.Seaside_Sparrow, 116.Chipping_Sparrow/Chipping_Sparrow_0066_109187.jpg:116.Chipping_Sparrow -> 104.American_Pipit, 116.Chipping_Sparrow/Chipping_Sparrow_0097_107678.jpg:116.Chipping_Sparrow -> 113.Baird_Sparrow, 
117.Clay_colored_Sparrow/Clay_Colored_Sparrow_0036_110924.jpg:117.Clay_colored_Sparrow -> 109.American_Redstart, 117.Clay_colored_Sparrow/Clay_Colored_Sparrow_0014_797248.jpg:117.Clay_colored_Sparrow -> 119.Field_Sparrow, 117.Clay_colored_Sparrow/Clay_Colored_Sparrow_0095_110635.jpg:117.Clay_colored_Sparrow -> 149.Brown_Thrasher, 117.Clay_colored_Sparrow/Clay_Colored_Sparrow_0093_110677.jpg:117.Clay_colored_Sparrow -> 148.Green_tailed_Towhee, 117.Clay_colored_Sparrow/Clay_Colored_Sparrow_0062_110908.jpg:117.Clay_colored_Sparrow -> 123.Henslow_Sparrow, 117.Clay_colored_Sparrow/Clay_Colored_Sparrow_0031_110769.jpg:117.Clay_colored_Sparrow -> 123.Henslow_Sparrow, 
118.House_Sparrow/House_Sparrow_0073_112745.jpg:118.House_Sparrow -> 118.House_Sparrow, 127.Savannah_Sparrow/Savannah_Sparrow_0076_120267.jpg:127.Savannah_Sparrow -> 118.House_Sparrow, 118.House_Sparrow/House_Sparrow_0126_110959.jpg:118.House_Sparrow -> 118.House_Sparrow, 118.House_Sparrow/House_Sparrow_0055_111393.jpg:118.House_Sparrow -> 104.American_Pipit, 118.House_Sparrow/House_Sparrow_0055_111393.jpg:118.House_Sparrow -> 104.American_Pipit, 118.House_Sparrow/House_Sparrow_0144_113216.jpg:118.House_Sparrow -> 113.Baird_Sparrow, 
163.Cape_May_Warbler/Cape_May_Warbler_0061_163061.jpg:163.Cape_May_Warbler -> 119.Field_Sparrow, 133.White_throated_Sparrow/White_Throated_Sparrow_0032_128866.jpg:133.White_throated_Sparrow -> 119.Field_Sparrow, 133.White_throated_Sparrow/White_Throated_Sparrow_0039_128859.jpg:133.White_throated_Sparrow -> 119.Field_Sparrow, 119.Field_Sparrow/Field_Sparrow_0131_113582.jpg:119.Field_Sparrow -> 155.Warbling_Vireo, 119.Field_Sparrow/Field_Sparrow_0106_113350.jpg:119.Field_Sparrow -> 109.American_Redstart, 119.Field_Sparrow/Field_Sparrow_0092_113580.jpg:119.Field_Sparrow -> 119.Field_Sparrow, 
120.Fox_Sparrow/Fox_Sparrow_0055_114809.jpg:120.Fox_Sparrow -> 130.Tree_Sparrow, 120.Fox_Sparrow/Fox_Sparrow_0053_114780.jpg:120.Fox_Sparrow -> 104.American_Pipit, 120.Fox_Sparrow/Fox_Sparrow_0118_114884.jpg:120.Fox_Sparrow -> 115.Brewer_Sparrow, 120.Fox_Sparrow/Fox_Sparrow_0109_114859.jpg:120.Fox_Sparrow -> 154.Red_eyed_Vireo, 120.Fox_Sparrow/Fox_Sparrow_0041_115218.jpg:120.Fox_Sparrow -> 123.Henslow_Sparrow, 120.Fox_Sparrow/Fox_Sparrow_0119_115512.jpg:120.Fox_Sparrow -> 105.Whip_poor_Will, 
162.Canada_Warbler/Canada_Warbler_0047_162439.jpg:162.Canada_Warbler -> 121.Grasshopper_Sparrow, 123.Henslow_Sparrow/Henslow_Sparrow_0060_796619.jpg:123.Henslow_Sparrow -> 121.Grasshopper_Sparrow, 115.Brewer_Sparrow/Brewer_Sparrow_0003_107459.jpg:115.Brewer_Sparrow -> 121.Grasshopper_Sparrow, 121.Grasshopper_Sparrow/Grasshopper_Sparrow_0053_115991.jpg:121.Grasshopper_Sparrow -> 125.Lincoln_Sparrow, 121.Grasshopper_Sparrow/Grasshopper_Sparrow_0126_116029.jpg:121.Grasshopper_Sparrow -> 187.American_Three_toed_Woodpecker, 121.Grasshopper_Sparrow/Grasshopper_Sparrow_0018_116056.jpg:121.Grasshopper_Sparrow -> 127.Savannah_Sparrow, 
122.Harris_Sparrow/Harris_Sparrow_0086_116373.jpg:122.Harris_Sparrow -> 196.House_Wren, 122.Harris_Sparrow/Harris_Sparrow_0027_116687.jpg:122.Harris_Sparrow -> 121.Grasshopper_Sparrow, 122.Harris_Sparrow/Harris_Sparrow_0052_116544.jpg:122.Harris_Sparrow -> 125.Lincoln_Sparrow, 122.Harris_Sparrow/Harris_Sparrow_0034_116439.jpg:122.Harris_Sparrow -> 124.Le_Conte_Sparrow, 122.Harris_Sparrow/Harris_Sparrow_0056_116532.jpg:122.Harris_Sparrow -> 158.Bay_breasted_Warbler, 122.Harris_Sparrow/Harris_Sparrow_0072_116662.jpg:122.Harris_Sparrow -> 141.Artic_Tern, 
198.Rock_Wren/Rock_Wren_0094_189037.jpg:198.Rock_Wren -> 123.Henslow_Sparrow, 184.Louisiana_Waterthrush/Louisiana_Waterthrush_0082_177596.jpg:184.Louisiana_Waterthrush -> 123.Henslow_Sparrow, 171.Myrtle_Warbler/Myrtle_Warbler_0036_166833.jpg:171.Myrtle_Warbler -> 123.Henslow_Sparrow, 123.Henslow_Sparrow/Henslow_Sparrow_0075_116805.jpg:123.Henslow_Sparrow -> 149.Brown_Thrasher, 123.Henslow_Sparrow/Henslow_Sparrow_0061_116751.jpg:123.Henslow_Sparrow -> 189.Red_bellied_Woodpecker, 123.Henslow_Sparrow/Henslow_Sparrow_0030_116890.jpg:123.Henslow_Sparrow -> 127.Savannah_Sparrow, 
120.Fox_Sparrow/Fox_Sparrow_0106_114720.jpg:120.Fox_Sparrow -> 124.Le_Conte_Sparrow, 116.Chipping_Sparrow/Chipping_Sparrow_0026_109010.jpg:116.Chipping_Sparrow -> 124.Le_Conte_Sparrow, 131.Vesper_Sparrow/Vesper_Sparrow_0028_118217.jpg:131.Vesper_Sparrow -> 124.Le_Conte_Sparrow, 124.Le_Conte_Sparrow/Le_Conte_Sparrow_0034_795150.jpg:124.Le_Conte_Sparrow -> 123.Henslow_Sparrow, 124.Le_Conte_Sparrow/Le_Conte_Sparrow_0020_117035.jpg:124.Le_Conte_Sparrow -> 121.Grasshopper_Sparrow, 124.Le_Conte_Sparrow/Le_Conte_Sparrow_0013_795176.jpg:124.Le_Conte_Sparrow -> 113.Baird_Sparrow, 
115.Brewer_Sparrow/Brewer_Sparrow_0051_796710.jpg:115.Brewer_Sparrow -> 125.Lincoln_Sparrow, 174.Palm_Warbler/Palm_Warbler_0068_170243.jpg:174.Palm_Warbler -> 125.Lincoln_Sparrow, 129.Song_Sparrow/Song_Sparrow_0088_121615.jpg:129.Song_Sparrow -> 125.Lincoln_Sparrow, 125.Lincoln_Sparrow/Lincoln_Sparrow_0074_117584.jpg:125.Lincoln_Sparrow -> 149.Brown_Thrasher, 125.Lincoln_Sparrow/Lincoln_Sparrow_0084_117492.jpg:125.Lincoln_Sparrow -> 125.Lincoln_Sparrow, 125.Lincoln_Sparrow/Lincoln_Sparrow_0092_117294.jpg:125.Lincoln_Sparrow -> 125.Lincoln_Sparrow, 
126.Nelson_Sharp_tailed_Sparrow/Nelson_Sharp_Tailed_Sparrow_0030_118064.jpg:126.Nelson_Sharp_tailed_Sparrow -> 123.Henslow_Sparrow, 126.Nelson_Sharp_tailed_Sparrow/Nelson_Sharp_Tailed_Sparrow_0054_796936.jpg:126.Nelson_Sharp_tailed_Sparrow -> 124.Le_Conte_Sparrow, 126.Nelson_Sharp_tailed_Sparrow/Nelson_Sharp_Tailed_Sparrow_0008_796944.jpg:126.Nelson_Sharp_tailed_Sparrow -> 124.Le_Conte_Sparrow, 126.Nelson_Sharp_tailed_Sparrow/Nelson_Sharp_Tailed_Sparrow_0077_796913.jpg:126.Nelson_Sharp_tailed_Sparrow -> 176.Prairie_Warbler, 126.Nelson_Sharp_tailed_Sparrow/Nelson_Sharp_Tailed_Sparrow_0038_796920.jpg:126.Nelson_Sharp_tailed_Sparrow -> 124.Le_Conte_Sparrow, 126.Nelson_Sharp_tailed_Sparrow/Nelson_Sharp_Tailed_Sparrow_0054_796936.jpg:126.Nelson_Sharp_tailed_Sparrow -> 124.Le_Conte_Sparrow, 
122.Harris_Sparrow/Harris_Sparrow_0081_116574.jpg:122.Harris_Sparrow -> 127.Savannah_Sparrow, 183.Northern_Waterthrush/Northern_Waterthrush_0108_177059.jpg:183.Northern_Waterthrush -> 127.Savannah_Sparrow, 126.Nelson_Sharp_tailed_Sparrow/Nelson_Sharp_Tailed_Sparrow_0035_796924.jpg:126.Nelson_Sharp_tailed_Sparrow -> 127.Savannah_Sparrow, 127.Savannah_Sparrow/Savannah_Sparrow_0068_119972.jpg:127.Savannah_Sparrow -> 121.Grasshopper_Sparrow, 127.Savannah_Sparrow/Savannah_Sparrow_0028_119982.jpg:127.Savannah_Sparrow -> 127.Savannah_Sparrow, 127.Savannah_Sparrow/Savannah_Sparrow_0047_119365.jpg:127.Savannah_Sparrow -> 121.Grasshopper_Sparrow, 
197.Marsh_Wren/Marsh_Wren_0095_188371.jpg:197.Marsh_Wren -> 128.Seaside_Sparrow, 128.Seaside_Sparrow/Seaside_Sparrow_0019_120826.jpg:128.Seaside_Sparrow -> 128.Seaside_Sparrow, 128.Seaside_Sparrow/Seaside_Sparrow_0059_120794.jpg:128.Seaside_Sparrow -> 128.Seaside_Sparrow, 128.Seaside_Sparrow/Seaside_Sparrow_0012_120732.jpg:128.Seaside_Sparrow -> 125.Lincoln_Sparrow, 128.Seaside_Sparrow/Seaside_Sparrow_0056_120710.jpg:128.Seaside_Sparrow -> 197.Marsh_Wren, 128.Seaside_Sparrow/Seaside_Sparrow_0017_796513.jpg:128.Seaside_Sparrow -> 173.Orange_crowned_Warbler, 
174.Palm_Warbler/Palm_Warbler_0073_169781.jpg:174.Palm_Warbler -> 129.Song_Sparrow, 174.Palm_Warbler/Palm_Warbler_0055_170219.jpg:174.Palm_Warbler -> 129.Song_Sparrow, 198.Rock_Wren/Rock_Wren_0021_189175.jpg:198.Rock_Wren -> 129.Song_Sparrow, 129.Song_Sparrow/Song_Sparrow_0116_121211.jpg:129.Song_Sparrow -> 113.Baird_Sparrow, 129.Song_Sparrow/Song_Sparrow_0112_121027.jpg:129.Song_Sparrow -> 123.Henslow_Sparrow, 129.Song_Sparrow/Song_Sparrow_0112_121027.jpg:129.Song_Sparrow -> 123.Henslow_Sparrow, 
117.Clay_colored_Sparrow/Clay_Colored_Sparrow_0008_110536.jpg:117.Clay_colored_Sparrow -> 130.Tree_Sparrow, 175.Pine_Warbler/Pine_Warbler_0037_171649.jpg:175.Pine_Warbler -> 130.Tree_Sparrow, 165.Chestnut_sided_Warbler/Chestnut_Sided_Warbler_0096_163672.jpg:165.Chestnut_sided_Warbler -> 130.Tree_Sparrow, 130.Tree_Sparrow/Tree_Sparrow_0015_125105.jpg:130.Tree_Sparrow -> 114.Black_throated_Sparrow, 130.Tree_Sparrow/Tree_Sparrow_0080_124120.jpg:130.Tree_Sparrow -> 123.Henslow_Sparrow, 130.Tree_Sparrow/Tree_Sparrow_0080_124120.jpg:130.Tree_Sparrow -> 123.Henslow_Sparrow, 
186.Cedar_Waxwing/Cedar_Waxwing_0024_178230.jpg:186.Cedar_Waxwing -> 131.Vesper_Sparrow, 118.House_Sparrow/House_Sparrow_0010_112678.jpg:118.House_Sparrow -> 131.Vesper_Sparrow, 114.Black_throated_Sparrow/Black_Throated_Sparrow_0057_107036.jpg:114.Black_throated_Sparrow -> 131.Vesper_Sparrow, 131.Vesper_Sparrow/Vesper_Sparrow_0029_125498.jpg:131.Vesper_Sparrow -> 183.Northern_Waterthrush, 131.Vesper_Sparrow/Vesper_Sparrow_0043_125703.jpg:131.Vesper_Sparrow -> 121.Grasshopper_Sparrow, 131.Vesper_Sparrow/Vesper_Sparrow_0055_125611.jpg:131.Vesper_Sparrow -> 148.Green_tailed_Towhee, 
116.Chipping_Sparrow/Chipping_Sparrow_0030_109741.jpg:116.Chipping_Sparrow -> 132.White_crowned_Sparrow, 136.Barn_Swallow/Barn_Swallow_0045_130244.jpg:136.Barn_Swallow -> 132.White_crowned_Sparrow, 111.Loggerhead_Shrike/Loggerhead_Shrike_0116_105286.jpg:111.Loggerhead_Shrike -> 132.White_crowned_Sparrow, 132.White_crowned_Sparrow/White_Crowned_Sparrow_0017_125829.jpg:132.White_crowned_Sparrow -> 130.Tree_Sparrow, 132.White_crowned_Sparrow/White_Crowned_Sparrow_0064_126467.jpg:132.White_crowned_Sparrow -> 114.Black_throated_Sparrow, 132.White_crowned_Sparrow/White_Crowned_Sparrow_0095_127118.jpg:132.White_crowned_Sparrow -> 124.Le_Conte_Sparrow, 
149.Brown_Thrasher/Brown_Thrasher_0126_155199.jpg:149.Brown_Thrasher -> 133.White_throated_Sparrow, 133.White_throated_Sparrow/White_Throated_Sparrow_0098_129089.jpg:133.White_throated_Sparrow -> 133.White_throated_Sparrow, 151.Black_capped_Vireo/Black_Capped_Vireo_0022_797459.jpg:151.Black_capped_Vireo -> 133.White_throated_Sparrow, 133.White_throated_Sparrow/White_Throated_Sparrow_0016_129158.jpg:133.White_throated_Sparrow -> 154.Red_eyed_Vireo, 133.White_throated_Sparrow/White_Throated_Sparrow_0034_129054.jpg:133.White_throated_Sparrow -> 133.White_throated_Sparrow, 133.White_throated_Sparrow/White_Throated_Sparrow_0109_129066.jpg:133.White_throated_Sparrow -> 194.Cactus_Wren, 
134.Cape_Glossy_Starling/Cape_Glossy_Starling_0025_129341.jpg:134.Cape_Glossy_Starling -> 134.Cape_Glossy_Starling, 134.Cape_Glossy_Starling/Cape_Glossy_Starling_0018_129356.jpg:134.Cape_Glossy_Starling -> 134.Cape_Glossy_Starling, 134.Cape_Glossy_Starling/Cape_Glossy_Starling_0022_129414.jpg:134.Cape_Glossy_Starling -> 134.Cape_Glossy_Starling, 134.Cape_Glossy_Starling/Cape_Glossy_Starling_0098_129365.jpg:134.Cape_Glossy_Starling -> 118.House_Sparrow, 134.Cape_Glossy_Starling/Cape_Glossy_Starling_0099_129412.jpg:134.Cape_Glossy_Starling -> 134.Cape_Glossy_Starling, 134.Cape_Glossy_Starling/Cape_Glossy_Starling_0016_129464.jpg:134.Cape_Glossy_Starling -> 134.Cape_Glossy_Starling, 
135.Bank_Swallow/Bank_Swallow_0014_129668.jpg:135.Bank_Swallow -> 103.Sayornis, 135.Bank_Swallow/Bank_Swallow_0006_129652.jpg:135.Bank_Swallow -> 110.Geococcyx, 135.Bank_Swallow/Bank_Swallow_0031_129507.jpg:135.Bank_Swallow -> 187.American_Three_toed_Woodpecker, 135.Bank_Swallow/Bank_Swallow_0038_129830.jpg:135.Bank_Swallow -> 103.Sayornis, 135.Bank_Swallow/Bank_Swallow_0040_129674.jpg:135.Bank_Swallow -> 185.Bohemian_Waxwing, 135.Bank_Swallow/Bank_Swallow_0063_129774.jpg:135.Bank_Swallow -> 140.Summer_Tanager, 
136.Barn_Swallow/Barn_Swallow_0086_132477.jpg:136.Barn_Swallow -> 185.Bohemian_Waxwing, 136.Barn_Swallow/Barn_Swallow_0094_132154.jpg:136.Barn_Swallow -> 140.Summer_Tanager, 136.Barn_Swallow/Barn_Swallow_0066_130214.jpg:136.Barn_Swallow -> 140.Summer_Tanager, 136.Barn_Swallow/Barn_Swallow_0027_129978.jpg:136.Barn_Swallow -> 189.Red_bellied_Woodpecker, 136.Barn_Swallow/Barn_Swallow_0006_131315.jpg:136.Barn_Swallow -> 130.Tree_Sparrow, 136.Barn_Swallow/Barn_Swallow_0048_132793.jpg:136.Barn_Swallow -> 140.Summer_Tanager, 
137.Cliff_Swallow/Cliff_Swallow_0101_133069.jpg:137.Cliff_Swallow -> 142.Black_Tern, 137.Cliff_Swallow/Cliff_Swallow_0055_133624.jpg:137.Cliff_Swallow -> 107.Common_Raven, 137.Cliff_Swallow/Cliff_Swallow_0054_133287.jpg:137.Cliff_Swallow -> 112.Great_Grey_Shrike, 137.Cliff_Swallow/Cliff_Swallow_0093_133052.jpg:137.Cliff_Swallow -> 113.Baird_Sparrow, 137.Cliff_Swallow/Cliff_Swallow_0060_133280.jpg:137.Cliff_Swallow -> 189.Red_bellied_Woodpecker, 137.Cliff_Swallow/Cliff_Swallow_0031_133164.jpg:137.Cliff_Swallow -> 105.Whip_poor_Will, 
138.Tree_Swallow/Tree_Swallow_0050_135104.jpg:138.Tree_Swallow -> 189.Red_bellied_Woodpecker, 138.Tree_Swallow/Tree_Swallow_0019_137073.jpg:138.Tree_Swallow -> 164.Cerulean_Warbler, 138.Tree_Swallow/Tree_Swallow_0030_134942.jpg:138.Tree_Swallow -> 109.American_Redstart, 138.Tree_Swallow/Tree_Swallow_0002_136792.jpg:138.Tree_Swallow -> 107.Common_Raven, 138.Tree_Swallow/Tree_Swallow_0041_136439.jpg:138.Tree_Swallow -> 168.Kentucky_Warbler, 138.Tree_Swallow/Tree_Swallow_0035_136589.jpg:138.Tree_Swallow -> 107.Common_Raven, 
127.Savannah_Sparrow/Savannah_Sparrow_0032_120109.jpg:127.Savannah_Sparrow -> 139.Scarlet_Tanager, 160.Black_throated_Blue_Warbler/Black_Throated_Blue_Warbler_0072_161636.jpg:160.Black_throated_Blue_Warbler -> 139.Scarlet_Tanager, 103.Sayornis/Sayornis_0086_98829.jpg:103.Sayornis -> 139.Scarlet_Tanager, 139.Scarlet_Tanager/Scarlet_Tanager_0024_137712.jpg:139.Scarlet_Tanager -> 149.Brown_Thrasher, 139.Scarlet_Tanager/Scarlet_Tanager_0025_138712.jpg:139.Scarlet_Tanager -> 109.American_Redstart, 139.Scarlet_Tanager/Scarlet_Tanager_0097_137717.jpg:139.Scarlet_Tanager -> 166.Golden_winged_Warbler, 
123.Henslow_Sparrow/Henslow_Sparrow_0080_11360.jpg:123.Henslow_Sparrow -> 140.Summer_Tanager, 117.Clay_colored_Sparrow/Clay_Colored_Sparrow_0028_797241.jpg:117.Clay_colored_Sparrow -> 140.Summer_Tanager, 181.Worm_eating_Warbler/Worm_Eating_Warbler_0016_795528.jpg:181.Worm_eating_Warbler -> 140.Summer_Tanager, 140.Summer_Tanager/Summer_Tanager_0068_139875.jpg:140.Summer_Tanager -> 140.Summer_Tanager, 140.Summer_Tanager/Summer_Tanager_0004_139916.jpg:140.Summer_Tanager -> 139.Scarlet_Tanager, 140.Summer_Tanager/Summer_Tanager_0062_140633.jpg:140.Summer_Tanager -> 162.Canada_Warbler, 
146.Forsters_Tern/Forsters_Tern_0007_152110.jpg:146.Forsters_Tern -> 141.Artic_Tern, 169.Magnolia_Warbler/Magnolia_Warbler_0134_165801.jpg:169.Magnolia_Warbler -> 141.Artic_Tern, 141.Artic_Tern/Artic_Tern_0034_142022.jpg:141.Artic_Tern -> 141.Artic_Tern, 141.Artic_Tern/Artic_Tern_0027_141617.jpg:141.Artic_Tern -> 104.American_Pipit, 141.Artic_Tern/Artic_Tern_0142_142078.jpg:141.Artic_Tern -> 144.Common_Tern, 141.Artic_Tern/Artic_Tern_0037_141141.jpg:141.Artic_Tern -> 106.Horned_Puffin, 
142.Black_Tern/Black_Tern_0033_144328.jpg:142.Black_Tern -> 142.Black_Tern, 142.Black_Tern/Black_Tern_0055_144607.jpg:142.Black_Tern -> 142.Black_Tern, 142.Black_Tern/Black_Tern_0044_144021.jpg:142.Black_Tern -> 142.Black_Tern, 142.Black_Tern/Black_Tern_0065_144076.jpg:142.Black_Tern -> 145.Elegant_Tern, 142.Black_Tern/Black_Tern_0006_144646.jpg:142.Black_Tern -> 143.Caspian_Tern, 142.Black_Tern/Black_Tern_0056_143906.jpg:142.Black_Tern -> 145.Elegant_Tern, 
146.Forsters_Tern/Forsters_Tern_0035_151757.jpg:146.Forsters_Tern -> 143.Caspian_Tern, 143.Caspian_Tern/Caspian_Tern_0034_147643.jpg:143.Caspian_Tern -> 143.Caspian_Tern, 142.Black_Tern/Black_Tern_0010_144341.jpg:142.Black_Tern -> 143.Caspian_Tern, 143.Caspian_Tern/Caspian_Tern_0045_145554.jpg:143.Caspian_Tern -> 142.Black_Tern, 143.Caspian_Tern/Caspian_Tern_0107_145639.jpg:143.Caspian_Tern -> 143.Caspian_Tern, 143.Caspian_Tern/Caspian_Tern_0006_145594.jpg:143.Caspian_Tern -> 107.Common_Raven, 
147.Least_Tern/Least_Tern_0035_152932.jpg:147.Least_Tern -> 144.Common_Tern, 146.Forsters_Tern/Forsters_Tern_0001_152174.jpg:146.Forsters_Tern -> 144.Common_Tern, 147.Least_Tern/Least_Tern_0025_153678.jpg:147.Least_Tern -> 144.Common_Tern, 144.Common_Tern/Common_Tern_0094_148309.jpg:144.Common_Tern -> 106.Horned_Puffin, 144.Common_Tern/Common_Tern_0118_148201.jpg:144.Common_Tern -> 142.Black_Tern, 144.Common_Tern/Common_Tern_0097_148874.jpg:144.Common_Tern -> 144.Common_Tern, 
146.Forsters_Tern/Forsters_Tern_0021_144734.jpg:146.Forsters_Tern -> 145.Elegant_Tern, 143.Caspian_Tern/Caspian_Tern_0099_145939.jpg:143.Caspian_Tern -> 145.Elegant_Tern, 147.Least_Tern/Least_Tern_0129_153449.jpg:147.Least_Tern -> 145.Elegant_Tern, 145.Elegant_Tern/Elegant_Tern_0029_150494.jpg:145.Elegant_Tern -> 142.Black_Tern, 145.Elegant_Tern/Elegant_Tern_0009_150954.jpg:145.Elegant_Tern -> 145.Elegant_Tern, 145.Elegant_Tern/Elegant_Tern_0024_150852.jpg:145.Elegant_Tern -> 143.Caspian_Tern, 
146.Forsters_Tern/Forsters_Tern_0119_152709.jpg:146.Forsters_Tern -> 145.Elegant_Tern, 146.Forsters_Tern/Forsters_Tern_0116_151688.jpg:146.Forsters_Tern -> 144.Common_Tern, 146.Forsters_Tern/Forsters_Tern_0089_152372.jpg:146.Forsters_Tern -> 197.Marsh_Wren, 146.Forsters_Tern/Forsters_Tern_0080_152521.jpg:146.Forsters_Tern -> 144.Common_Tern, 146.Forsters_Tern/Forsters_Tern_0060_152190.jpg:146.Forsters_Tern -> 145.Elegant_Tern, 146.Forsters_Tern/Forsters_Tern_0032_151384.jpg:146.Forsters_Tern -> 144.Common_Tern, 
193.Bewick_Wren/Bewick_Wren_0118_185169.jpg:193.Bewick_Wren -> 147.Least_Tern, 148.Green_tailed_Towhee/Green_Tailed_Towhee_0100_154966.jpg:148.Green_tailed_Towhee -> 147.Least_Tern, 193.Bewick_Wren/Bewick_Wren_0118_185169.jpg:193.Bewick_Wren -> 147.Least_Tern, 147.Least_Tern/Least_Tern_0036_153658.jpg:147.Least_Tern -> 110.Geococcyx, 147.Least_Tern/Least_Tern_0037_153637.jpg:147.Least_Tern -> 145.Elegant_Tern, 147.Least_Tern/Least_Tern_0111_153308.jpg:147.Least_Tern -> 106.Horned_Puffin, 
133.White_throated_Sparrow/White_Throated_Sparrow_0007_128918.jpg:133.White_throated_Sparrow -> 148.Green_tailed_Towhee, 132.White_crowned_Sparrow/White_Crowned_Sparrow_0115_126027.jpg:132.White_crowned_Sparrow -> 148.Green_tailed_Towhee, 133.White_throated_Sparrow/White_Throated_Sparrow_0007_128918.jpg:133.White_throated_Sparrow -> 148.Green_tailed_Towhee, 148.Green_tailed_Towhee/Green_Tailed_Towhee_0092_797397.jpg:148.Green_tailed_Towhee -> 148.Green_tailed_Towhee, 148.Green_tailed_Towhee/Green_Tailed_Towhee_0072_154946.jpg:148.Green_tailed_Towhee -> 167.Hooded_Warbler, 148.Green_tailed_Towhee/Green_Tailed_Towhee_0014_797415.jpg:148.Green_tailed_Towhee -> 127.Savannah_Sparrow, 
149.Brown_Thrasher/Brown_Thrasher_0096_155412.jpg:149.Brown_Thrasher -> 149.Brown_Thrasher, 170.Mourning_Warbler/Mourning_Warbler_0073_166524.jpg:170.Mourning_Warbler -> 149.Brown_Thrasher, 181.Worm_eating_Warbler/Worm_Eating_Warbler_0022_176111.jpg:181.Worm_eating_Warbler -> 149.Brown_Thrasher, 149.Brown_Thrasher/Brown_Thrasher_0105_155187.jpg:149.Brown_Thrasher -> 141.Artic_Tern, 149.Brown_Thrasher/Brown_Thrasher_0038_155246.jpg:149.Brown_Thrasher -> 128.Seaside_Sparrow, 149.Brown_Thrasher/Brown_Thrasher_0012_155121.jpg:149.Brown_Thrasher -> 125.Lincoln_Sparrow, 
150.Sage_Thrasher/Sage_Thrasher_0073_155614.jpg:150.Sage_Thrasher -> 150.Sage_Thrasher, 198.Rock_Wren/Rock_Wren_0035_188998.jpg:198.Rock_Wren -> 150.Sage_Thrasher, 150.Sage_Thrasher/Sage_Thrasher_0097_155564.jpg:150.Sage_Thrasher -> 150.Sage_Thrasher, 150.Sage_Thrasher/Sage_Thrasher_0016_155566.jpg:150.Sage_Thrasher -> 150.Sage_Thrasher, 150.Sage_Thrasher/Sage_Thrasher_0025_155661.jpg:150.Sage_Thrasher -> 133.White_throated_Sparrow, 150.Sage_Thrasher/Sage_Thrasher_0106_155618.jpg:150.Sage_Thrasher -> 149.Brown_Thrasher, 
151.Black_capped_Vireo/Black_Capped_Vireo_0002_797466.jpg:151.Black_capped_Vireo -> 114.Black_throated_Sparrow, 151.Black_capped_Vireo/Black_Capped_Vireo_0012_797473.jpg:151.Black_capped_Vireo -> 168.Kentucky_Warbler, 151.Black_capped_Vireo/Black_Capped_Vireo_0010_155832.jpg:151.Black_capped_Vireo -> 152.Blue_headed_Vireo, 151.Black_capped_Vireo/Black_Capped_Vireo_0040_797463.jpg:151.Black_capped_Vireo -> 130.Tree_Sparrow, 151.Black_capped_Vireo/Black_Capped_Vireo_0019_797479.jpg:151.Black_capped_Vireo -> 103.Sayornis, 151.Black_capped_Vireo/Black_Capped_Vireo_0005_797453.jpg:151.Black_capped_Vireo -> 168.Kentucky_Warbler, 
148.Green_tailed_Towhee/Green_Tailed_Towhee_0096_154945.jpg:148.Green_tailed_Towhee -> 152.Blue_headed_Vireo, 177.Prothonotary_Warbler/Prothonotary_Warbler_0121_174643.jpg:177.Prothonotary_Warbler -> 152.Blue_headed_Vireo, 171.Myrtle_Warbler/Myrtle_Warbler_0093_166986.jpg:171.Myrtle_Warbler -> 152.Blue_headed_Vireo, 152.Blue_headed_Vireo/Blue_Headed_Vireo_0039_156397.jpg:152.Blue_headed_Vireo -> 131.Vesper_Sparrow, 152.Blue_headed_Vireo/Blue_Headed_Vireo_0107_156111.jpg:152.Blue_headed_Vireo -> 155.Warbling_Vireo, 152.Blue_headed_Vireo/Blue_Headed_Vireo_0027_155999.jpg:152.Blue_headed_Vireo -> 154.Red_eyed_Vireo, 
153.Philadelphia_Vireo/Philadelphia_Vireo_0070_794758.jpg:153.Philadelphia_Vireo -> 166.Golden_winged_Warbler, 153.Philadelphia_Vireo/Philadelphia_Vireo_0038_794759.jpg:153.Philadelphia_Vireo -> 166.Golden_winged_Warbler, 153.Philadelphia_Vireo/Philadelphia_Vireo_0013_794772.jpg:153.Philadelphia_Vireo -> 167.Hooded_Warbler, 153.Philadelphia_Vireo/Philadelphia_Vireo_0013_794772.jpg:153.Philadelphia_Vireo -> 167.Hooded_Warbler, 153.Philadelphia_Vireo/Philadelphia_Vireo_0067_156584.jpg:153.Philadelphia_Vireo -> 109.American_Redstart, 153.Philadelphia_Vireo/Philadelphia_Vireo_0035_156596.jpg:153.Philadelphia_Vireo -> 187.American_Three_toed_Woodpecker, 
123.Henslow_Sparrow/Henslow_Sparrow_0070_796571.jpg:123.Henslow_Sparrow -> 154.Red_eyed_Vireo, 200.Common_Yellowthroat/Common_Yellowthroat_0018_190904.jpg:200.Common_Yellowthroat -> 154.Red_eyed_Vireo, 183.Northern_Waterthrush/Northern_Waterthrush_0086_177358.jpg:183.Northern_Waterthrush -> 154.Red_eyed_Vireo, 154.Red_eyed_Vireo/Red_Eyed_Vireo_0123_156780.jpg:154.Red_eyed_Vireo -> 154.Red_eyed_Vireo, 154.Red_eyed_Vireo/Red_Eyed_Vireo_0134_156919.jpg:154.Red_eyed_Vireo -> 154.Red_eyed_Vireo, 154.Red_eyed_Vireo/Red_Eyed_Vireo_0141_157205.jpg:154.Red_eyed_Vireo -> 154.Red_eyed_Vireo, 
181.Worm_eating_Warbler/Worm_Eating_Warbler_0094_795522.jpg:181.Worm_eating_Warbler -> 155.Warbling_Vireo, 165.Chestnut_sided_Warbler/Chestnut_Sided_Warbler_0018_164148.jpg:165.Chestnut_sided_Warbler -> 155.Warbling_Vireo, 152.Blue_headed_Vireo/Blue_Headed_Vireo_0010_156344.jpg:152.Blue_headed_Vireo -> 155.Warbling_Vireo, 155.Warbling_Vireo/Warbling_Vireo_0107_158453.jpg:155.Warbling_Vireo -> 130.Tree_Sparrow, 155.Warbling_Vireo/Warbling_Vireo_0047_158250.jpg:155.Warbling_Vireo -> 155.Warbling_Vireo, 155.Warbling_Vireo/Warbling_Vireo_0107_158453.jpg:155.Warbling_Vireo -> 130.Tree_Sparrow, 
156.White_eyed_Vireo/White_Eyed_Vireo_0125_159078.jpg:156.White_eyed_Vireo -> 173.Orange_crowned_Warbler, 156.White_eyed_Vireo/White_Eyed_Vireo_0114_159206.jpg:156.White_eyed_Vireo -> 139.Scarlet_Tanager, 156.White_eyed_Vireo/White_Eyed_Vireo_0134_158889.jpg:156.White_eyed_Vireo -> 149.Brown_Thrasher, 156.White_eyed_Vireo/White_Eyed_Vireo_0019_159095.jpg:156.White_eyed_Vireo -> 164.Cerulean_Warbler, 156.White_eyed_Vireo/White_Eyed_Vireo_0071_159072.jpg:156.White_eyed_Vireo -> 155.Warbling_Vireo, 156.White_eyed_Vireo/White_Eyed_Vireo_0002_159180.jpg:156.White_eyed_Vireo -> 188.Pileated_Woodpecker, 
157.Yellow_throated_Vireo/Yellow_Throated_Vireo_0077_159581.jpg:157.Yellow_throated_Vireo -> 166.Golden_winged_Warbler, 157.Yellow_throated_Vireo/Yellow_Throated_Vireo_0002_159625.jpg:157.Yellow_throated_Vireo -> 155.Warbling_Vireo, 157.Yellow_throated_Vireo/Yellow_Throated_Vireo_0005_159588.jpg:157.Yellow_throated_Vireo -> 149.Brown_Thrasher, 157.Yellow_throated_Vireo/Yellow_Throated_Vireo_0042_159655.jpg:157.Yellow_throated_Vireo -> 167.Hooded_Warbler, 157.Yellow_throated_Vireo/Yellow_Throated_Vireo_0041_794998.jpg:157.Yellow_throated_Vireo -> 188.Pileated_Woodpecker, 157.Yellow_throated_Vireo/Yellow_Throated_Vireo_0036_159595.jpg:157.Yellow_throated_Vireo -> 158.Bay_breasted_Warbler, 
157.Yellow_throated_Vireo/Yellow_Throated_Vireo_0054_159635.jpg:157.Yellow_throated_Vireo -> 158.Bay_breasted_Warbler, 181.Worm_eating_Warbler/Worm_Eating_Warbler_0018_795546.jpg:181.Worm_eating_Warbler -> 158.Bay_breasted_Warbler, 157.Yellow_throated_Vireo/Yellow_Throated_Vireo_0054_159635.jpg:157.Yellow_throated_Vireo -> 158.Bay_breasted_Warbler, 158.Bay_breasted_Warbler/Bay_Breasted_Warbler_0049_797129.jpg:158.Bay_breasted_Warbler -> 176.Prairie_Warbler, 158.Bay_breasted_Warbler/Bay_Breasted_Warbler_0012_797171.jpg:158.Bay_breasted_Warbler -> 158.Bay_breasted_Warbler, 158.Bay_breasted_Warbler/Bay_Breasted_Warbler_0060_159863.jpg:158.Bay_breasted_Warbler -> 168.Kentucky_Warbler, 
159.Black_and_white_Warbler/Black_And_White_Warbler_0001_160352.jpg:159.Black_and_white_Warbler -> 164.Cerulean_Warbler, 159.Black_and_white_Warbler/Black_And_White_Warbler_0109_160245.jpg:159.Black_and_white_Warbler -> 162.Canada_Warbler, 159.Black_and_white_Warbler/Black_And_White_Warbler_0095_160406.jpg:159.Black_and_white_Warbler -> 112.Great_Grey_Shrike, 159.Black_and_white_Warbler/Black_And_White_Warbler_0122_160106.jpg:159.Black_and_white_Warbler -> 118.House_Sparrow, 159.Black_and_white_Warbler/Black_And_White_Warbler_0088_160668.jpg:159.Black_and_white_Warbler -> 187.American_Three_toed_Woodpecker, 159.Black_and_white_Warbler/Black_And_White_Warbler_0090_160247.jpg:159.Black_and_white_Warbler -> 158.Bay_breasted_Warbler, 
160.Black_throated_Blue_Warbler/Black_Throated_Blue_Warbler_0100_161622.jpg:160.Black_throated_Blue_Warbler -> 155.Warbling_Vireo, 160.Black_throated_Blue_Warbler/Black_Throated_Blue_Warbler_0128_161708.jpg:160.Black_throated_Blue_Warbler -> 164.Cerulean_Warbler, 160.Black_throated_Blue_Warbler/Black_Throated_Blue_Warbler_0085_161621.jpg:160.Black_throated_Blue_Warbler -> 154.Red_eyed_Vireo, 160.Black_throated_Blue_Warbler/Black_Throated_Blue_Warbler_0108_161714.jpg:160.Black_throated_Blue_Warbler -> 164.Cerulean_Warbler, 160.Black_throated_Blue_Warbler/Black_Throated_Blue_Warbler_0130_161682.jpg:160.Black_throated_Blue_Warbler -> 155.Warbling_Vireo, 160.Black_throated_Blue_Warbler/Black_Throated_Blue_Warbler_0111_161615.jpg:160.Black_throated_Blue_Warbler -> 155.Warbling_Vireo, 
186.Cedar_Waxwing/Cedar_Waxwing_0041_179183.jpg:186.Cedar_Waxwing -> 161.Blue_winged_Warbler, 124.Le_Conte_Sparrow/Le_Conte_Sparrow_0010_795166.jpg:124.Le_Conte_Sparrow -> 161.Blue_winged_Warbler, 178.Swainson_Warbler/Swainson_Warbler_0023_174717.jpg:178.Swainson_Warbler -> 161.Blue_winged_Warbler, 161.Blue_winged_Warbler/Blue_Winged_Warbler_0045_161997.jpg:161.Blue_winged_Warbler -> 186.Cedar_Waxwing, 161.Blue_winged_Warbler/Blue_Winged_Warbler_0032_162029.jpg:161.Blue_winged_Warbler -> 161.Blue_winged_Warbler, 161.Blue_winged_Warbler/Blue_Winged_Warbler_0057_162085.jpg:161.Blue_winged_Warbler -> 188.Pileated_Woodpecker, 
112.Great_Grey_Shrike/Great_Grey_Shrike_0074_106689.jpg:112.Great_Grey_Shrike -> 162.Canada_Warbler, 119.Field_Sparrow/Field_Sparrow_0095_113842.jpg:119.Field_Sparrow -> 162.Canada_Warbler, 180.Wilson_Warbler/Wilson_Warbler_0038_175449.jpg:180.Wilson_Warbler -> 162.Canada_Warbler, 162.Canada_Warbler/Canada_Warbler_0094_26880.jpg:162.Canada_Warbler -> 162.Canada_Warbler, 162.Canada_Warbler/Canada_Warbler_0048_162326.jpg:162.Canada_Warbler -> 162.Canada_Warbler, 162.Canada_Warbler/Canada_Warbler_0064_162417.jpg:162.Canada_Warbler -> 154.Red_eyed_Vireo, 
163.Cape_May_Warbler/Cape_May_Warbler_0124_163037.jpg:163.Cape_May_Warbler -> 158.Bay_breasted_Warbler, 163.Cape_May_Warbler/Cape_May_Warbler_0073_162993.jpg:163.Cape_May_Warbler -> 139.Scarlet_Tanager, 163.Cape_May_Warbler/Cape_May_Warbler_0092_163057.jpg:163.Cape_May_Warbler -> 176.Prairie_Warbler, 163.Cape_May_Warbler/Cape_May_Warbler_0032_162659.jpg:163.Cape_May_Warbler -> 167.Hooded_Warbler, 163.Cape_May_Warbler/Cape_May_Warbler_0008_163062.jpg:163.Cape_May_Warbler -> 158.Bay_breasted_Warbler, 163.Cape_May_Warbler/Cape_May_Warbler_0008_163062.jpg:163.Cape_May_Warbler -> 158.Bay_breasted_Warbler, 
164.Cerulean_Warbler/Cerulean_Warbler_0025_797232.jpg:164.Cerulean_Warbler -> 164.Cerulean_Warbler, 153.Philadelphia_Vireo/Philadelphia_Vireo_0021_794765.jpg:153.Philadelphia_Vireo -> 164.Cerulean_Warbler, 179.Tennessee_Warbler/Tennessee_Warbler_0095_174903.jpg:179.Tennessee_Warbler -> 164.Cerulean_Warbler, 164.Cerulean_Warbler/Cerulean_Warbler_0051_163244.jpg:164.Cerulean_Warbler -> 164.Cerulean_Warbler, 164.Cerulean_Warbler/Cerulean_Warbler_0041_163535.jpg:164.Cerulean_Warbler -> 173.Orange_crowned_Warbler, 164.Cerulean_Warbler/Cerulean_Warbler_0039_163420.jpg:164.Cerulean_Warbler -> 195.Carolina_Wren, 
165.Chestnut_sided_Warbler/Chestnut_Sided_Warbler_0090_163629.jpg:165.Chestnut_sided_Warbler -> 155.Warbling_Vireo, 165.Chestnut_sided_Warbler/Chestnut_Sided_Warbler_0097_163750.jpg:165.Chestnut_sided_Warbler -> 177.Prothonotary_Warbler, 165.Chestnut_sided_Warbler/Chestnut_Sided_Warbler_0057_163957.jpg:165.Chestnut_sided_Warbler -> 187.American_Three_toed_Woodpecker, 165.Chestnut_sided_Warbler/Chestnut_Sided_Warbler_0030_163847.jpg:165.Chestnut_sided_Warbler -> 176.Prairie_Warbler, 165.Chestnut_sided_Warbler/Chestnut_Sided_Warbler_0069_163921.jpg:165.Chestnut_sided_Warbler -> 155.Warbling_Vireo, 165.Chestnut_sided_Warbler/Chestnut_Sided_Warbler_0101_164324.jpg:165.Chestnut_sided_Warbler -> 123.Henslow_Sparrow, 
168.Kentucky_Warbler/Kentucky_Warbler_0035_795878.jpg:168.Kentucky_Warbler -> 166.Golden_winged_Warbler, 118.House_Sparrow/House_Sparrow_0053_111388.jpg:118.House_Sparrow -> 166.Golden_winged_Warbler, 153.Philadelphia_Vireo/Philadelphia_Vireo_0049_794756.jpg:153.Philadelphia_Vireo -> 166.Golden_winged_Warbler, 166.Golden_winged_Warbler/Golden_Winged_Warbler_0046_794828.jpg:166.Golden_winged_Warbler -> 166.Golden_winged_Warbler, 166.Golden_winged_Warbler/Golden_Winged_Warbler_0004_164470.jpg:166.Golden_winged_Warbler -> 187.American_Three_toed_Woodpecker, 166.Golden_winged_Warbler/Golden_Winged_Warbler_0067_794846.jpg:166.Golden_winged_Warbler -> 195.Carolina_Wren, 
180.Wilson_Warbler/Wilson_Warbler_0007_175618.jpg:180.Wilson_Warbler -> 167.Hooded_Warbler, 178.Swainson_Warbler/Swainson_Warbler_0009_174746.jpg:178.Swainson_Warbler -> 167.Hooded_Warbler, 162.Canada_Warbler/Canada_Warbler_0109_93363.jpg:162.Canada_Warbler -> 167.Hooded_Warbler, 167.Hooded_Warbler/Hooded_Warbler_0128_164620.jpg:167.Hooded_Warbler -> 167.Hooded_Warbler, 167.Hooded_Warbler/Hooded_Warbler_0090_164794.jpg:167.Hooded_Warbler -> 186.Cedar_Waxwing, 167.Hooded_Warbler/Hooded_Warbler_0062_165199.jpg:167.Hooded_Warbler -> 191.Red_headed_Woodpecker, 
138.Tree_Swallow/Tree_Swallow_0041_136439.jpg:138.Tree_Swallow -> 168.Kentucky_Warbler, 168.Kentucky_Warbler/Kentucky_Warbler_0020_795903.jpg:168.Kentucky_Warbler -> 168.Kentucky_Warbler, 170.Mourning_Warbler/Mourning_Warbler_0053_795345.jpg:170.Mourning_Warbler -> 168.Kentucky_Warbler, 168.Kentucky_Warbler/Kentucky_Warbler_0035_795878.jpg:168.Kentucky_Warbler -> 166.Golden_winged_Warbler, 168.Kentucky_Warbler/Kentucky_Warbler_0027_795917.jpg:168.Kentucky_Warbler -> 155.Warbling_Vireo, 168.Kentucky_Warbler/Kentucky_Warbler_0079_165339.jpg:168.Kentucky_Warbler -> 162.Canada_Warbler, 
169.Magnolia_Warbler/Magnolia_Warbler_0032_165960.jpg:169.Magnolia_Warbler -> 149.Brown_Thrasher, 169.Magnolia_Warbler/Magnolia_Warbler_0111_165478.jpg:169.Magnolia_Warbler -> 187.American_Three_toed_Woodpecker, 169.Magnolia_Warbler/Magnolia_Warbler_0040_165921.jpg:169.Magnolia_Warbler -> 167.Hooded_Warbler, 169.Magnolia_Warbler/Magnolia_Warbler_0103_165647.jpg:169.Magnolia_Warbler -> 164.Cerulean_Warbler, 169.Magnolia_Warbler/Magnolia_Warbler_0047_165900.jpg:169.Magnolia_Warbler -> 166.Golden_winged_Warbler, 169.Magnolia_Warbler/Magnolia_Warbler_0131_166197.jpg:169.Magnolia_Warbler -> 164.Cerulean_Warbler, 
170.Mourning_Warbler/Mourning_Warbler_0065_795374.jpg:170.Mourning_Warbler -> 104.American_Pipit, 170.Mourning_Warbler/Mourning_Warbler_0023_795362.jpg:170.Mourning_Warbler -> 155.Warbling_Vireo, 170.Mourning_Warbler/Mourning_Warbler_0069_166559.jpg:170.Mourning_Warbler -> 166.Golden_winged_Warbler, 170.Mourning_Warbler/Mourning_Warbler_0079_166564.jpg:170.Mourning_Warbler -> 154.Red_eyed_Vireo, 170.Mourning_Warbler/Mourning_Warbler_0066_166491.jpg:170.Mourning_Warbler -> 133.White_throated_Sparrow, 170.Mourning_Warbler/Mourning_Warbler_0018_795386.jpg:170.Mourning_Warbler -> 161.Blue_winged_Warbler, 
171.Myrtle_Warbler/Myrtle_Warbler_0100_166871.jpg:171.Myrtle_Warbler -> 166.Golden_winged_Warbler, 171.Myrtle_Warbler/Myrtle_Warbler_0054_166985.jpg:171.Myrtle_Warbler -> 189.Red_bellied_Woodpecker, 171.Myrtle_Warbler/Myrtle_Warbler_0043_166708.jpg:171.Myrtle_Warbler -> 166.Golden_winged_Warbler, 171.Myrtle_Warbler/Myrtle_Warbler_0063_93378.jpg:171.Myrtle_Warbler -> 185.Bohemian_Waxwing, 171.Myrtle_Warbler/Myrtle_Warbler_0110_166785.jpg:171.Myrtle_Warbler -> 166.Golden_winged_Warbler, 171.Myrtle_Warbler/Myrtle_Warbler_0054_166985.jpg:171.Myrtle_Warbler -> 189.Red_bellied_Woodpecker, 
172.Nashville_Warbler/Nashville_Warbler_0064_167411.jpg:172.Nashville_Warbler -> 125.Lincoln_Sparrow, 172.Nashville_Warbler/Nashville_Warbler_0126_167274.jpg:172.Nashville_Warbler -> 149.Brown_Thrasher, 172.Nashville_Warbler/Nashville_Warbler_0123_167324.jpg:172.Nashville_Warbler -> 124.Le_Conte_Sparrow, 172.Nashville_Warbler/Nashville_Warbler_0055_167331.jpg:172.Nashville_Warbler -> 195.Carolina_Wren, 172.Nashville_Warbler/Nashville_Warbler_0018_167191.jpg:172.Nashville_Warbler -> 173.Orange_crowned_Warbler, 172.Nashville_Warbler/Nashville_Warbler_0107_167186.jpg:172.Nashville_Warbler -> 186.Cedar_Waxwing, 
121.Grasshopper_Sparrow/Grasshopper_Sparrow_0102_116101.jpg:121.Grasshopper_Sparrow -> 173.Orange_crowned_Warbler, 117.Clay_colored_Sparrow/Clay_Colored_Sparrow_0023_797258.jpg:117.Clay_colored_Sparrow -> 173.Orange_crowned_Warbler, 173.Orange_crowned_Warbler/Orange_Crowned_Warbler_0033_167991.jpg:173.Orange_crowned_Warbler -> 173.Orange_crowned_Warbler, 173.Orange_crowned_Warbler/Orange_Crowned_Warbler_0090_167607.jpg:173.Orange_crowned_Warbler -> 195.Carolina_Wren, 173.Orange_crowned_Warbler/Orange_Crowned_Warbler_0040_168029.jpg:173.Orange_crowned_Warbler -> 176.Prairie_Warbler, 173.Orange_crowned_Warbler/Orange_Crowned_Warbler_0094_167584.jpg:173.Orange_crowned_Warbler -> 176.Prairie_Warbler, 
174.Palm_Warbler/Palm_Warbler_0112_169595.jpg:174.Palm_Warbler -> 140.Summer_Tanager, 174.Palm_Warbler/Palm_Warbler_0056_168740.jpg:174.Palm_Warbler -> 140.Summer_Tanager, 174.Palm_Warbler/Palm_Warbler_0061_169954.jpg:174.Palm_Warbler -> 149.Brown_Thrasher, 174.Palm_Warbler/Palm_Warbler_0004_168786.jpg:174.Palm_Warbler -> 119.Field_Sparrow, 174.Palm_Warbler/Palm_Warbler_0113_170080.jpg:174.Palm_Warbler -> 105.Whip_poor_Will, 174.Palm_Warbler/Palm_Warbler_0107_170620.jpg:174.Palm_Warbler -> 104.American_Pipit, 
177.Prothonotary_Warbler/Prothonotary_Warbler_0108_174125.jpg:177.Prothonotary_Warbler -> 175.Pine_Warbler, 177.Prothonotary_Warbler/Prothonotary_Warbler_0108_174125.jpg:177.Prothonotary_Warbler -> 175.Pine_Warbler, 168.Kentucky_Warbler/Kentucky_Warbler_0010_795912.jpg:168.Kentucky_Warbler -> 175.Pine_Warbler, 175.Pine_Warbler/Pine_Warbler_0129_171035.jpg:175.Pine_Warbler -> 164.Cerulean_Warbler, 175.Pine_Warbler/Pine_Warbler_0009_171869.jpg:175.Pine_Warbler -> 175.Pine_Warbler, 175.Pine_Warbler/Pine_Warbler_0009_171869.jpg:175.Pine_Warbler -> 175.Pine_Warbler, 
181.Worm_eating_Warbler/Worm_Eating_Warbler_0015_795570.jpg:181.Worm_eating_Warbler -> 176.Prairie_Warbler, 200.Common_Yellowthroat/Common_Yellowthroat_0010_190572.jpg:200.Common_Yellowthroat -> 176.Prairie_Warbler, 163.Cape_May_Warbler/Cape_May_Warbler_0023_163133.jpg:163.Cape_May_Warbler -> 176.Prairie_Warbler, 176.Prairie_Warbler/Prairie_Warbler_0028_173123.jpg:176.Prairie_Warbler -> 176.Prairie_Warbler, 176.Prairie_Warbler/Prairie_Warbler_0082_172783.jpg:176.Prairie_Warbler -> 190.Red_cockaded_Woodpecker, 176.Prairie_Warbler/Prairie_Warbler_0031_172818.jpg:176.Prairie_Warbler -> 104.American_Pipit, 
130.Tree_Sparrow/Tree_Sparrow_0066_123569.jpg:130.Tree_Sparrow -> 177.Prothonotary_Warbler, 148.Green_tailed_Towhee/Green_Tailed_Towhee_0062_797424.jpg:148.Green_tailed_Towhee -> 177.Prothonotary_Warbler, 178.Swainson_Warbler/Swainson_Warbler_0041_794893.jpg:178.Swainson_Warbler -> 177.Prothonotary_Warbler, 177.Prothonotary_Warbler/Prothonotary_Warbler_0019_173838.jpg:177.Prothonotary_Warbler -> 105.Whip_poor_Will, 177.Prothonotary_Warbler/Prothonotary_Warbler_0127_174149.jpg:177.Prothonotary_Warbler -> 177.Prothonotary_Warbler, 177.Prothonotary_Warbler/Prothonotary_Warbler_0085_173829.jpg:177.Prothonotary_Warbler -> 191.Red_headed_Woodpecker, 
178.Swainson_Warbler/Swainson_Warbler_0015_794891.jpg:178.Swainson_Warbler -> 155.Warbling_Vireo, 178.Swainson_Warbler/Swainson_Warbler_0054_174689.jpg:178.Swainson_Warbler -> 104.American_Pipit, 178.Swainson_Warbler/Swainson_Warbler_0001_794869.jpg:178.Swainson_Warbler -> 125.Lincoln_Sparrow, 178.Swainson_Warbler/Swainson_Warbler_0033_794856.jpg:178.Swainson_Warbler -> 189.Red_bellied_Woodpecker, 178.Swainson_Warbler/Swainson_Warbler_0046_794872.jpg:178.Swainson_Warbler -> 123.Henslow_Sparrow, 178.Swainson_Warbler/Swainson_Warbler_0039_794859.jpg:178.Swainson_Warbler -> 155.Warbling_Vireo, 
179.Tennessee_Warbler/Tennessee_Warbler_0075_174763.jpg:179.Tennessee_Warbler -> 125.Lincoln_Sparrow, 179.Tennessee_Warbler/Tennessee_Warbler_0045_174913.jpg:179.Tennessee_Warbler -> 158.Bay_breasted_Warbler, 179.Tennessee_Warbler/Tennessee_Warbler_0081_174771.jpg:179.Tennessee_Warbler -> 130.Tree_Sparrow, 179.Tennessee_Warbler/Tennessee_Warbler_0046_174798.jpg:179.Tennessee_Warbler -> 161.Blue_winged_Warbler, 179.Tennessee_Warbler/Tennessee_Warbler_0013_163552.jpg:179.Tennessee_Warbler -> 125.Lincoln_Sparrow, 179.Tennessee_Warbler/Tennessee_Warbler_0007_174796.jpg:179.Tennessee_Warbler -> 130.Tree_Sparrow, 
180.Wilson_Warbler/Wilson_Warbler_0056_175269.jpg:180.Wilson_Warbler -> 166.Golden_winged_Warbler, 180.Wilson_Warbler/Wilson_Warbler_0126_175368.jpg:180.Wilson_Warbler -> 161.Blue_winged_Warbler, 180.Wilson_Warbler/Wilson_Warbler_0018_175389.jpg:180.Wilson_Warbler -> 139.Scarlet_Tanager, 180.Wilson_Warbler/Wilson_Warbler_0083_175253.jpg:180.Wilson_Warbler -> 176.Prairie_Warbler, 180.Wilson_Warbler/Wilson_Warbler_0029_175417.jpg:180.Wilson_Warbler -> 155.Warbling_Vireo, 180.Wilson_Warbler/Wilson_Warbler_0027_175290.jpg:180.Wilson_Warbler -> 167.Hooded_Warbler, 
181.Worm_eating_Warbler/Worm_Eating_Warbler_0015_795570.jpg:181.Worm_eating_Warbler -> 176.Prairie_Warbler, 181.Worm_eating_Warbler/Worm_Eating_Warbler_0027_176062.jpg:181.Worm_eating_Warbler -> 133.White_throated_Sparrow, 181.Worm_eating_Warbler/Worm_Eating_Warbler_0098_795565.jpg:181.Worm_eating_Warbler -> 115.Brewer_Sparrow, 181.Worm_eating_Warbler/Worm_Eating_Warbler_0092_795524.jpg:181.Worm_eating_Warbler -> 149.Brown_Thrasher, 181.Worm_eating_Warbler/Worm_Eating_Warbler_0049_795561.jpg:181.Worm_eating_Warbler -> 105.Whip_poor_Will, 181.Worm_eating_Warbler/Worm_Eating_Warbler_0049_795561.jpg:181.Worm_eating_Warbler -> 105.Whip_poor_Will, 
182.Yellow_Warbler/Yellow_Warbler_0063_176800.jpg:182.Yellow_Warbler -> 130.Tree_Sparrow, 182.Yellow_Warbler/Yellow_Warbler_0119_176485.jpg:182.Yellow_Warbler -> 104.American_Pipit, 182.Yellow_Warbler/Yellow_Warbler_0100_176733.jpg:182.Yellow_Warbler -> 186.Cedar_Waxwing, 182.Yellow_Warbler/Yellow_Warbler_0003_176429.jpg:182.Yellow_Warbler -> 175.Pine_Warbler, 182.Yellow_Warbler/Yellow_Warbler_0013_176437.jpg:182.Yellow_Warbler -> 109.American_Redstart, 182.Yellow_Warbler/Yellow_Warbler_0112_176301.jpg:182.Yellow_Warbler -> 140.Summer_Tanager, 
110.Geococcyx/Geococcyx_0096_104369.jpg:110.Geococcyx -> 183.Northern_Waterthrush, 126.Nelson_Sharp_tailed_Sparrow/Nelson_Sharp_Tailed_Sparrow_0053_118069.jpg:126.Nelson_Sharp_tailed_Sparrow -> 183.Northern_Waterthrush, 131.Vesper_Sparrow/Vesper_Sparrow_0029_125498.jpg:131.Vesper_Sparrow -> 183.Northern_Waterthrush, 183.Northern_Waterthrush/Northern_Waterthrush_0073_177063.jpg:183.Northern_Waterthrush -> 149.Brown_Thrasher, 183.Northern_Waterthrush/Northern_Waterthrush_0048_177129.jpg:183.Northern_Waterthrush -> 110.Geococcyx, 183.Northern_Waterthrush/Northern_Waterthrush_0055_177114.jpg:183.Northern_Waterthrush -> 104.American_Pipit, 
116.Chipping_Sparrow/Chipping_Sparrow_0086_109022.jpg:116.Chipping_Sparrow -> 184.Louisiana_Waterthrush, 184.Louisiana_Waterthrush/Louisiana_Waterthrush_0002_795285.jpg:184.Louisiana_Waterthrush -> 184.Louisiana_Waterthrush, 183.Northern_Waterthrush/Northern_Waterthrush_0044_176961.jpg:183.Northern_Waterthrush -> 184.Louisiana_Waterthrush, 184.Louisiana_Waterthrush/Louisiana_Waterthrush_0031_177509.jpg:184.Louisiana_Waterthrush -> 184.Louisiana_Waterthrush, 184.Louisiana_Waterthrush/Louisiana_Waterthrush_0040_795251.jpg:184.Louisiana_Waterthrush -> 104.American_Pipit, 184.Louisiana_Waterthrush/Louisiana_Waterthrush_0019_177062.jpg:184.Louisiana_Waterthrush -> 184.Louisiana_Waterthrush, 
185.Bohemian_Waxwing/Bohemian_Waxwing_0101_796653.jpg:185.Bohemian_Waxwing -> 185.Bohemian_Waxwing, 185.Bohemian_Waxwing/Bohemian_Waxwing_0034_796646.jpg:185.Bohemian_Waxwing -> 185.Bohemian_Waxwing, 136.Barn_Swallow/Barn_Swallow_0075_130014.jpg:136.Barn_Swallow -> 185.Bohemian_Waxwing, 185.Bohemian_Waxwing/Bohemian_Waxwing_0079_796687.jpg:185.Bohemian_Waxwing -> 185.Bohemian_Waxwing, 185.Bohemian_Waxwing/Bohemian_Waxwing_0029_177915.jpg:185.Bohemian_Waxwing -> 186.Cedar_Waxwing, 185.Bohemian_Waxwing/Bohemian_Waxwing_0060_796642.jpg:185.Bohemian_Waxwing -> 110.Geococcyx, 
167.Hooded_Warbler/Hooded_Warbler_0118_164991.jpg:167.Hooded_Warbler -> 186.Cedar_Waxwing, 109.American_Redstart/American_Redstart_0138_102869.jpg:109.American_Redstart -> 186.Cedar_Waxwing, 186.Cedar_Waxwing/Cedar_Waxwing_0061_179305.jpg:186.Cedar_Waxwing -> 186.Cedar_Waxwing, 186.Cedar_Waxwing/Cedar_Waxwing_0096_178164.jpg:186.Cedar_Waxwing -> 110.Geococcyx, 186.Cedar_Waxwing/Cedar_Waxwing_0002_179071.jpg:186.Cedar_Waxwing -> 167.Hooded_Warbler, 186.Cedar_Waxwing/Cedar_Waxwing_0041_179183.jpg:186.Cedar_Waxwing -> 161.Blue_winged_Warbler, 
139.Scarlet_Tanager/Scarlet_Tanager_0129_137745.jpg:139.Scarlet_Tanager -> 187.American_Three_toed_Woodpecker, 109.American_Redstart/American_Redstart_0036_103231.jpg:109.American_Redstart -> 187.American_Three_toed_Woodpecker, 135.Bank_Swallow/Bank_Swallow_0034_129496.jpg:135.Bank_Swallow -> 187.American_Three_toed_Woodpecker, 187.American_Three_toed_Woodpecker/American_Three_Toed_Woodpecker_0042_796149.jpg:187.American_Three_toed_Woodpecker -> 107.Common_Raven, 187.American_Three_toed_Woodpecker/American_Three_Toed_Woodpecker_0006_179838.jpg:187.American_Three_toed_Woodpecker -> 105.Whip_poor_Will, 187.American_Three_toed_Woodpecker/American_Three_Toed_Woodpecker_0048_796163.jpg:187.American_Three_toed_Woodpecker -> 105.Whip_poor_Will, 
161.Blue_winged_Warbler/Blue_Winged_Warbler_0057_162085.jpg:161.Blue_winged_Warbler -> 188.Pileated_Woodpecker, 105.Whip_poor_Will/Whip_Poor_Will_0009_796423.jpg:105.Whip_poor_Will -> 188.Pileated_Woodpecker, 183.Northern_Waterthrush/Northern_Waterthrush_0027_177286.jpg:183.Northern_Waterthrush -> 188.Pileated_Woodpecker, 188.Pileated_Woodpecker/Pileated_Woodpecker_0112_180439.jpg:188.Pileated_Woodpecker -> 108.White_necked_Raven, 188.Pileated_Woodpecker/Pileated_Woodpecker_0041_180461.jpg:188.Pileated_Woodpecker -> 168.Kentucky_Warbler, 188.Pileated_Woodpecker/Pileated_Woodpecker_0091_180343.jpg:188.Pileated_Woodpecker -> 188.Pileated_Woodpecker, 
156.White_eyed_Vireo/White_Eyed_Vireo_0086_159202.jpg:156.White_eyed_Vireo -> 189.Red_bellied_Woodpecker, 199.Winter_Wren/Winter_Wren_0093_189686.jpg:199.Winter_Wren -> 189.Red_bellied_Woodpecker, 193.Bewick_Wren/Bewick_Wren_0109_185170.jpg:193.Bewick_Wren -> 189.Red_bellied_Woodpecker, 189.Red_bellied_Woodpecker/Red_Bellied_Woodpecker_0114_181092.jpg:189.Red_bellied_Woodpecker -> 190.Red_cockaded_Woodpecker, 189.Red_bellied_Woodpecker/Red_Bellied_Woodpecker_0120_181420.jpg:189.Red_bellied_Woodpecker -> 105.Whip_poor_Will, 189.Red_bellied_Woodpecker/Red_Bellied_Woodpecker_0015_182320.jpg:189.Red_bellied_Woodpecker -> 149.Brown_Thrasher, 
178.Swainson_Warbler/Swainson_Warbler_0048_794887.jpg:178.Swainson_Warbler -> 190.Red_cockaded_Woodpecker, 192.Downy_Woodpecker/Downy_Woodpecker_0029_184046.jpg:192.Downy_Woodpecker -> 190.Red_cockaded_Woodpecker, 190.Red_cockaded_Woodpecker/Red_Cockaded_Woodpecker_0041_182408.jpg:190.Red_cockaded_Woodpecker -> 190.Red_cockaded_Woodpecker, 190.Red_cockaded_Woodpecker/Red_Cockaded_Woodpecker_0002_794696.jpg:190.Red_cockaded_Woodpecker -> 105.Whip_poor_Will, 190.Red_cockaded_Woodpecker/Red_Cockaded_Woodpecker_0033_794721.jpg:190.Red_cockaded_Woodpecker -> 190.Red_cockaded_Woodpecker, 190.Red_cockaded_Woodpecker/Red_Cockaded_Woodpecker_0055_182520.jpg:190.Red_cockaded_Woodpecker -> 105.Whip_poor_Will, 
136.Barn_Swallow/Barn_Swallow_0084_130800.jpg:136.Barn_Swallow -> 191.Red_headed_Woodpecker, 177.Prothonotary_Warbler/Prothonotary_Warbler_0084_173939.jpg:177.Prothonotary_Warbler -> 191.Red_headed_Woodpecker, 189.Red_bellied_Woodpecker/Red_Bellied_Woodpecker_0025_180756.jpg:189.Red_bellied_Woodpecker -> 191.Red_headed_Woodpecker, 191.Red_headed_Woodpecker/Red_Headed_Woodpecker_0081_182811.jpg:191.Red_headed_Woodpecker -> 110.Geococcyx, 191.Red_headed_Woodpecker/Red_Headed_Woodpecker_0041_182788.jpg:191.Red_headed_Woodpecker -> 176.Prairie_Warbler, 191.Red_headed_Woodpecker/Red_Headed_Woodpecker_0005_183414.jpg:191.Red_headed_Woodpecker -> 191.Red_headed_Woodpecker, 
192.Downy_Woodpecker/Downy_Woodpecker_0136_184534.jpg:192.Downy_Woodpecker -> 190.Red_cockaded_Woodpecker, 192.Downy_Woodpecker/Downy_Woodpecker_0121_184002.jpg:192.Downy_Woodpecker -> 190.Red_cockaded_Woodpecker, 192.Downy_Woodpecker/Downy_Woodpecker_0027_183940.jpg:192.Downy_Woodpecker -> 118.House_Sparrow, 192.Downy_Woodpecker/Downy_Woodpecker_0094_184478.jpg:192.Downy_Woodpecker -> 105.Whip_poor_Will, 192.Downy_Woodpecker/Downy_Woodpecker_0043_184314.jpg:192.Downy_Woodpecker -> 114.Black_throated_Sparrow, 192.Downy_Woodpecker/Downy_Woodpecker_0132_184408.jpg:192.Downy_Woodpecker -> 107.Common_Raven, 
193.Bewick_Wren/Bewick_Wren_0051_185425.jpg:193.Bewick_Wren -> 149.Brown_Thrasher, 193.Bewick_Wren/Bewick_Wren_0083_185190.jpg:193.Bewick_Wren -> 150.Sage_Thrasher, 193.Bewick_Wren/Bewick_Wren_0023_185400.jpg:193.Bewick_Wren -> 107.Common_Raven, 193.Bewick_Wren/Bewick_Wren_0097_185358.jpg:193.Bewick_Wren -> 155.Warbling_Vireo, 193.Bewick_Wren/Bewick_Wren_0083_185190.jpg:193.Bewick_Wren -> 150.Sage_Thrasher, 193.Bewick_Wren/Bewick_Wren_0060_185366.jpg:193.Bewick_Wren -> 196.House_Wren, 
131.Vesper_Sparrow/Vesper_Sparrow_0022_125719.jpg:131.Vesper_Sparrow -> 194.Cactus_Wren, 133.White_throated_Sparrow/White_Throated_Sparrow_0069_128951.jpg:133.White_throated_Sparrow -> 194.Cactus_Wren, 113.Baird_Sparrow/Baird_Sparrow_0026_794574.jpg:113.Baird_Sparrow -> 194.Cactus_Wren, 194.Cactus_Wren/Cactus_Wren_0102_185902.jpg:194.Cactus_Wren -> 194.Cactus_Wren, 194.Cactus_Wren/Cactus_Wren_0004_185797.jpg:194.Cactus_Wren -> 190.Red_cockaded_Woodpecker, 194.Cactus_Wren/Cactus_Wren_0124_185501.jpg:194.Cactus_Wren -> 190.Red_cockaded_Woodpecker, 
195.Carolina_Wren/Carolina_Wren_0011_186871.jpg:195.Carolina_Wren -> 195.Carolina_Wren, 116.Chipping_Sparrow/Chipping_Sparrow_0089_107535.jpg:116.Chipping_Sparrow -> 195.Carolina_Wren, 195.Carolina_Wren/Carolina_Wren_0013_187086.jpg:195.Carolina_Wren -> 195.Carolina_Wren, 195.Carolina_Wren/Carolina_Wren_0011_186871.jpg:195.Carolina_Wren -> 195.Carolina_Wren, 195.Carolina_Wren/Carolina_Wren_0112_186562.jpg:195.Carolina_Wren -> 106.Horned_Puffin, 195.Carolina_Wren/Carolina_Wren_0056_186313.jpg:195.Carolina_Wren -> 186.Cedar_Waxwing, 
196.House_Wren/House_Wren_0139_187177.jpg:196.House_Wren -> 196.House_Wren, 178.Swainson_Warbler/Swainson_Warbler_0042_794895.jpg:178.Swainson_Warbler -> 196.House_Wren, 197.Marsh_Wren/Marsh_Wren_0102_188654.jpg:197.Marsh_Wren -> 196.House_Wren, 196.House_Wren/House_Wren_0125_187251.jpg:196.House_Wren -> 196.House_Wren, 196.House_Wren/House_Wren_0072_187899.jpg:196.House_Wren -> 195.Carolina_Wren, 196.House_Wren/House_Wren_0064_187489.jpg:196.House_Wren -> 149.Brown_Thrasher, 
197.Marsh_Wren/Marsh_Wren_0117_188676.jpg:197.Marsh_Wren -> 197.Marsh_Wren, 197.Marsh_Wren/Marsh_Wren_0103_188483.jpg:197.Marsh_Wren -> 197.Marsh_Wren, 105.Whip_poor_Will/Whip_Poor_Will_0024_100444.jpg:105.Whip_poor_Will -> 197.Marsh_Wren, 197.Marsh_Wren/Marsh_Wren_0106_188100.jpg:197.Marsh_Wren -> 104.American_Pipit, 197.Marsh_Wren/Marsh_Wren_0095_188371.jpg:197.Marsh_Wren -> 128.Seaside_Sparrow, 197.Marsh_Wren/Marsh_Wren_0095_188371.jpg:197.Marsh_Wren -> 128.Seaside_Sparrow, 
198.Rock_Wren/Rock_Wren_0004_189046.jpg:198.Rock_Wren -> 110.Geococcyx, 198.Rock_Wren/Rock_Wren_0050_189207.jpg:198.Rock_Wren -> 196.House_Wren, 198.Rock_Wren/Rock_Wren_0033_189397.jpg:198.Rock_Wren -> 133.White_throated_Sparrow, 198.Rock_Wren/Rock_Wren_0009_189162.jpg:198.Rock_Wren -> 104.American_Pipit, 198.Rock_Wren/Rock_Wren_0037_189256.jpg:198.Rock_Wren -> 196.House_Wren, 198.Rock_Wren/Rock_Wren_0001_189289.jpg:198.Rock_Wren -> 110.Geococcyx, 
199.Winter_Wren/Winter_Wren_0047_190390.jpg:199.Winter_Wren -> 149.Brown_Thrasher, 199.Winter_Wren/Winter_Wren_0066_189637.jpg:199.Winter_Wren -> 152.Blue_headed_Vireo, 199.Winter_Wren/Winter_Wren_0007_190052.jpg:199.Winter_Wren -> 119.Field_Sparrow, 199.Winter_Wren/Winter_Wren_0066_189637.jpg:199.Winter_Wren -> 152.Blue_headed_Vireo, 199.Winter_Wren/Winter_Wren_0109_189850.jpg:199.Winter_Wren -> 104.American_Pipit, 199.Winter_Wren/Winter_Wren_0026_189816.jpg:199.Winter_Wren -> 149.Brown_Thrasher, 
200.Common_Yellowthroat/Common_Yellowthroat_0125_190902.jpg:200.Common_Yellowthroat -> 166.Golden_winged_Warbler, 200.Common_Yellowthroat/Common_Yellowthroat_0111_190569.jpg:200.Common_Yellowthroat -> 191.Red_headed_Woodpecker, 200.Common_Yellowthroat/Common_Yellowthroat_0071_190665.jpg:200.Common_Yellowthroat -> 191.Red_headed_Woodpecker, 200.Common_Yellowthroat/Common_Yellowthroat_0077_190990.jpg:200.Common_Yellowthroat -> 152.Blue_headed_Vireo, 200.Common_Yellowthroat/Common_Yellowthroat_0121_190597.jpg:200.Common_Yellowthroat -> 162.Canada_Warbler, 200.Common_Yellowthroat/Common_Yellowthroat_0118_190805.jpg:200.Common_Yellowthroat -> 162.Canada_Warbler, 
