065.Slaty_backed_Gull/Slaty_Backed_Gull_0017_796034.jpg:065.Slaty_backed_Gull -> 061.Heermann_Gull, 066.Western_Gull/Western_Gull_0128_53852.jpg:066.Western_Gull -> 061.Heermann_Gull, 062.Herring_Gull/Herring_Gull_0068_46392.jpg:062.Herring_Gull -> 061.Heermann_Gull, 061.Heermann_Gull/Heermann_Gull_0090_45834.jpg:061.Heermann_Gull -> 086.Pacific_Loon, 061.Heermann_Gull/Heermann_Gull_0083_45879.jpg:061.Heermann_Gull -> 061.Heermann_Gull, 061.Heermann_Gull/Heermann_Gull_0009_45905.jpg:061.Heermann_Gull -> 089.Hooded_Merganser, 
062.Herring_Gull/Herring_Gull_0103_45996.jpg:062.Herring_Gull -> 063.Ivory_Gull, 062.Herring_Gull/Herring_Gull_0093_46029.jpg:062.Herring_Gull -> 061.Heermann_Gull, 062.Herring_Gull/Herring_Gull_0082_47540.jpg:062.Herring_Gull -> 063.Ivory_Gull, 062.Herring_Gull/Herring_Gull_0103_45996.jpg:062.Herring_Gull -> 063.Ivory_Gull, 062.Herring_Gull/Herring_Gull_0141_47184.jpg:062.Herring_Gull -> 092.Nighthawk, 062.Herring_Gull/Herring_Gull_0027_46389.jpg:062.Herring_Gull -> 092.Nighthawk, 
093.Clark_Nutcracker/Clark_Nutcracker_0024_85718.jpg:093.Clark_Nutcracker -> 063.Ivory_Gull, 084.Red_legged_Kittiwake/Red_Legged_Kittiwake_0016_795460.jpg:084.Red_legged_Kittiwake -> 063.Ivory_Gull, 063.Ivory_Gull/Ivory_Gull_0015_49199.jpg:063.Ivory_Gull -> 063.Ivory_Gull, 063.Ivory_Gull/Ivory_Gull_0071_49402.jpg:063.Ivory_Gull -> 063.Ivory_Gull, 063.Ivory_Gull/Ivory_Gull_0114_49535.jpg:063.Ivory_Gull -> 084.Red_legged_Kittiwake, 063.Ivory_Gull/Ivory_Gull_0045_49696.jpg:063.Ivory_Gull -> 061.Heermann_Gull, 
064.Ring_billed_Gull/Ring_Billed_Gull_0055_51156.jpg:064.Ring_billed_Gull -> 063.Ivory_Gull, 064.Ring_billed_Gull/Ring_Billed_Gull_0095_50362.jpg:064.Ring_billed_Gull -> 063.Ivory_Gull, 064.Ring_billed_Gull/Ring_Billed_Gull_0017_51412.jpg:064.Ring_billed_Gull -> 061.Heermann_Gull, 064.Ring_billed_Gull/Ring_Billed_Gull_0059_51554.jpg:064.Ring_billed_Gull -> 084.Red_legged_Kittiwake, 064.Ring_billed_Gull/Ring_Billed_Gull_0028_51454.jpg:064.Ring_billed_Gull -> 063.Ivory_Gull, 064.Ring_billed_Gull/Ring_Billed_Gull_0039_50191.jpg:064.Ring_billed_Gull -> 084.Red_legged_Kittiwake, 
065.Slaty_backed_Gull/Slaty_Backed_Gull_0072_53314.jpg:065.Slaty_backed_Gull -> 072.Pomarine_Jaeger, 065.Slaty_backed_Gull/Slaty_Backed_Gull_0063_796050.jpg:065.Slaty_backed_Gull -> 061.Heermann_Gull, 065.Slaty_backed_Gull/Slaty_Backed_Gull_0077_796017.jpg:065.Slaty_backed_Gull -> 061.Heermann_Gull, 065.Slaty_backed_Gull/Slaty_Backed_Gull_0027_53080.jpg:065.Slaty_backed_Gull -> 063.Ivory_Gull, 065.Slaty_backed_Gull/Slaty_Backed_Gull_0038_796044.jpg:065.Slaty_backed_Gull -> 072.Pomarine_Jaeger, 065.Slaty_backed_Gull/Slaty_Backed_Gull_0066_796016.jpg:065.Slaty_backed_Gull -> 084.Red_legged_Kittiwake, 
066.Western_Gull/Western_Gull_0006_53504.jpg:066.Western_Gull -> 061.Heermann_Gull, 066.Western_Gull/Western_Gull_0122_40866.jpg:066.Western_Gull -> 084.Red_legged_Kittiwake, 066.Western_Gull/Western_Gull_0007_53431.jpg:066.Western_Gull -> 061.Heermann_Gull, 066.Western_Gull/Western_Gull_0099_53670.jpg:066.Western_Gull -> 086.Pacific_Loon, 066.Western_Gull/Western_Gull_0049_53748.jpg:066.Western_Gull -> 084.Red_legged_Kittiwake, 066.Western_Gull/Western_Gull_0080_53445.jpg:066.Western_Gull -> 061.Heermann_Gull, 
069.Rufous_Hummingbird/Rufous_Hummingbird_0057_59489.jpg:069.Rufous_Hummingbird -> 067.Anna_Hummingbird, 070.Green_Violetear/Green_Violetear_0119_795724.jpg:070.Green_Violetear -> 067.Anna_Hummingbird, 067.Anna_Hummingbird/Anna_Hummingbird_0042_55990.jpg:067.Anna_Hummingbird -> 067.Anna_Hummingbird, 067.Anna_Hummingbird/Anna_Hummingbird_0126_55983.jpg:067.Anna_Hummingbird -> 067.Anna_Hummingbird, 067.Anna_Hummingbird/Anna_Hummingbird_0119_56309.jpg:067.Anna_Hummingbird -> 067.Anna_Hummingbird, 067.Anna_Hummingbird/Anna_Hummingbird_0054_56419.jpg:067.Anna_Hummingbird -> 069.Rufous_Hummingbird, 
070.Green_Violetear/Green_Violetear_0084_795641.jpg:070.Green_Violetear -> 068.Ruby_throated_Hummingbird, 082.Ringed_Kingfisher/Ringed_Kingfisher_0008_72943.jpg:082.Ringed_Kingfisher -> 068.Ruby_throated_Hummingbird, 069.Rufous_Hummingbird/Rufous_Hummingbird_0052_59581.jpg:069.Rufous_Hummingbird -> 068.Ruby_throated_Hummingbird, 068.Ruby_throated_Hummingbird/Ruby_Throated_Hummingbird_0034_58148.jpg:068.Ruby_throated_Hummingbird -> 068.Ruby_throated_Hummingbird, 068.Ruby_throated_Hummingbird/Ruby_Throated_Hummingbird_0014_57477.jpg:068.Ruby_throated_Hummingbird -> 067.Anna_Hummingbird, 068.Ruby_throated_Hummingbird/Ruby_Throated_Hummingbird_0116_58031.jpg:068.Ruby_throated_Hummingbird -> 068.Ruby_throated_Hummingbird, 
067.Anna_Hummingbird/Anna_Hummingbird_0050_56794.jpg:067.Anna_Hummingbird -> 069.Rufous_Hummingbird, 096.Hooded_Oriole/Hooded_Oriole_0115_90442.jpg:096.Hooded_Oriole -> 069.Rufous_Hummingbird, 069.Rufous_Hummingbird/Rufous_Hummingbird_0106_60465.jpg:069.Rufous_Hummingbird -> 069.Rufous_Hummingbird, 069.Rufous_Hummingbird/Rufous_Hummingbird_0115_59202.jpg:069.Rufous_Hummingbird -> 080.Green_Kingfisher, 069.Rufous_Hummingbird/Rufous_Hummingbird_0037_60415.jpg:069.Rufous_Hummingbird -> 092.Nighthawk, 069.Rufous_Hummingbird/Rufous_Hummingbird_0067_59510.jpg:069.Rufous_Hummingbird -> 067.Anna_Hummingbird, 
070.Green_Violetear/Green_Violetear_0069_795723.jpg:070.Green_Violetear -> 070.Green_Violetear, 070.Green_Violetear/Green_Violetear_0080_795716.jpg:070.Green_Violetear -> 070.Green_Violetear, 068.Ruby_throated_Hummingbird/Ruby_Throated_Hummingbird_0077_57858.jpg:068.Ruby_throated_Hummingbird -> 070.Green_Violetear, 070.Green_Violetear/Green_Violetear_0005_795666.jpg:070.Green_Violetear -> 070.Green_Violetear, 070.Green_Violetear/Green_Violetear_0066_795682.jpg:070.Green_Violetear -> 067.Anna_Hummingbird, 070.Green_Violetear/Green_Violetear_0094_795634.jpg:070.Green_Violetear -> 070.Green_Violetear, 
099.Ovenbird/Ovenbird_0122_92993.jpg:099.Ovenbird -> 071.Long_tailed_Jaeger, 072.Pomarine_Jaeger/Pomarine_Jaeger_0036_61410.jpg:072.Pomarine_Jaeger -> 071.Long_tailed_Jaeger, 071.Long_tailed_Jaeger/Long_Tailed_Jaeger_0001_797061.jpg:071.Long_tailed_Jaeger -> 071.Long_tailed_Jaeger, 071.Long_tailed_Jaeger/Long_Tailed_Jaeger_0055_61046.jpg:071.Long_tailed_Jaeger -> 092.Nighthawk, 071.Long_tailed_Jaeger/Long_Tailed_Jaeger_0021_797083.jpg:071.Long_tailed_Jaeger -> 061.Heermann_Gull, 071.Long_tailed_Jaeger/Long_Tailed_Jaeger_0035_797100.jpg:071.Long_tailed_Jaeger -> 071.Long_tailed_Jaeger, 
076.Dark_eyed_Junco/Dark_Eyed_Junco_0016_68738.jpg:076.Dark_eyed_Junco -> 072.Pomarine_Jaeger, 072.Pomarine_Jaeger/Pomarine_Jaeger_0029_61365.jpg:072.Pomarine_Jaeger -> 072.Pomarine_Jaeger, 071.Long_tailed_Jaeger/Long_Tailed_Jaeger_0064_60999.jpg:071.Long_tailed_Jaeger -> 072.Pomarine_Jaeger, 072.Pomarine_Jaeger/Pomarine_Jaeger_0071_795769.jpg:072.Pomarine_Jaeger -> 072.Pomarine_Jaeger, 072.Pomarine_Jaeger/Pomarine_Jaeger_0022_795747.jpg:072.Pomarine_Jaeger -> 072.Pomarine_Jaeger, 072.Pomarine_Jaeger/Pomarine_Jaeger_0010_61457.jpg:072.Pomarine_Jaeger -> 072.Pomarine_Jaeger, 
073.Blue_Jay/Blue_Jay_0051_63339.jpg:073.Blue_Jay -> 073.Blue_Jay, 073.Blue_Jay/Blue_Jay_0095_63505.jpg:073.Blue_Jay -> 073.Blue_Jay, 082.Ringed_Kingfisher/Ringed_Kingfisher_0011_72982.jpg:082.Ringed_Kingfisher -> 073.Blue_Jay, 073.Blue_Jay/Blue_Jay_0052_63148.jpg:073.Blue_Jay -> 074.Florida_Jay, 073.Blue_Jay/Blue_Jay_0050_62974.jpg:073.Blue_Jay -> 073.Blue_Jay, 073.Blue_Jay/Blue_Jay_0031_62913.jpg:073.Blue_Jay -> 073.Blue_Jay, 
075.Green_Jay/Green_Jay_0100_65786.jpg:075.Green_Jay -> 074.Florida_Jay, 073.Blue_Jay/Blue_Jay_0072_62944.jpg:073.Blue_Jay -> 074.Florida_Jay, 073.Blue_Jay/Blue_Jay_0075_63021.jpg:073.Blue_Jay -> 074.Florida_Jay, 074.Florida_Jay/Florida_Jay_0105_64522.jpg:074.Florida_Jay -> 073.Blue_Jay, 074.Florida_Jay/Florida_Jay_0029_65114.jpg:074.Florida_Jay -> 091.Mockingbird, 074.Florida_Jay/Florida_Jay_0079_64713.jpg:074.Florida_Jay -> 075.Green_Jay, 
075.Green_Jay/Green_Jay_0098_65857.jpg:075.Green_Jay -> 075.Green_Jay, 075.Green_Jay/Green_Jay_0039_66118.jpg:075.Green_Jay -> 075.Green_Jay, 083.White_breasted_Kingfisher/White_Breasted_Kingfisher_0040_73266.jpg:083.White_breasted_Kingfisher -> 075.Green_Jay, 075.Green_Jay/Green_Jay_0077_65736.jpg:075.Green_Jay -> 091.Mockingbird, 075.Green_Jay/Green_Jay_0027_65783.jpg:075.Green_Jay -> 082.Ringed_Kingfisher, 075.Green_Jay/Green_Jay_0100_65786.jpg:075.Green_Jay -> 074.Florida_Jay, 
076.Dark_eyed_Junco/Dark_Eyed_Junco_0014_66258.jpg:076.Dark_eyed_Junco -> 076.Dark_eyed_Junco, 078.Gray_Kingbird/Gray_Kingbird_0014_70227.jpg:078.Gray_Kingbird -> 076.Dark_eyed_Junco, 076.Dark_eyed_Junco/Dark_Eyed_Junco_0062_68198.jpg:076.Dark_eyed_Junco -> 076.Dark_eyed_Junco, 076.Dark_eyed_Junco/Dark_Eyed_Junco_0104_67820.jpg:076.Dark_eyed_Junco -> 094.White_breasted_Nuthatch, 076.Dark_eyed_Junco/Dark_Eyed_Junco_0005_68813.jpg:076.Dark_eyed_Junco -> 076.Dark_eyed_Junco, 076.Dark_eyed_Junco/Dark_Eyed_Junco_0103_67700.jpg:076.Dark_eyed_Junco -> 099.Ovenbird, 
077.Tropical_Kingbird/Tropical_Kingbird_0038_69455.jpg:077.Tropical_Kingbird -> 077.Tropical_Kingbird, 080.Green_Kingfisher/Green_Kingfisher_0010_71191.jpg:080.Green_Kingfisher -> 077.Tropical_Kingbird, 097.Orchard_Oriole/Orchard_Oriole_0018_91601.jpg:097.Orchard_Oriole -> 077.Tropical_Kingbird, 077.Tropical_Kingbird/Tropical_Kingbird_0040_69728.jpg:077.Tropical_Kingbird -> 077.Tropical_Kingbird, 077.Tropical_Kingbird/Tropical_Kingbird_0074_69949.jpg:077.Tropical_Kingbird -> 094.White_breasted_Nuthatch, 077.Tropical_Kingbird/Tropical_Kingbird_0095_69482.jpg:077.Tropical_Kingbird -> 095.Baltimore_Oriole, 
074.Florida_Jay/Florida_Jay_0100_64645.jpg:074.Florida_Jay -> 078.Gray_Kingbird, 082.Ringed_Kingfisher/Ringed_Kingfisher_0050_73002.jpg:082.Ringed_Kingfisher -> 078.Gray_Kingbird, 082.Ringed_Kingfisher/Ringed_Kingfisher_0050_73002.jpg:082.Ringed_Kingfisher -> 078.Gray_Kingbird, 078.Gray_Kingbird/Gray_Kingbird_0050_70056.jpg:078.Gray_Kingbird -> 078.Gray_Kingbird, 078.Gray_Kingbird/Gray_Kingbird_0068_70292.jpg:078.Gray_Kingbird -> 077.Tropical_Kingbird, 078.Gray_Kingbird/Gray_Kingbird_0037_70050.jpg:078.Gray_Kingbird -> 078.Gray_Kingbird, 
079.Belted_Kingfisher/Belted_Kingfisher_0099_70449.jpg:079.Belted_Kingfisher -> 093.Clark_Nutcracker, 079.Belted_Kingfisher/Belted_Kingfisher_0048_70532.jpg:079.Belted_Kingfisher -> 091.Mockingbird, 079.Belted_Kingfisher/Belted_Kingfisher_0011_70923.jpg:079.Belted_Kingfisher -> 074.Florida_Jay, 079.Belted_Kingfisher/Belted_Kingfisher_0078_70366.jpg:079.Belted_Kingfisher -> 083.White_breasted_Kingfisher, 079.Belted_Kingfisher/Belted_Kingfisher_0094_70698.jpg:079.Belted_Kingfisher -> 078.Gray_Kingbird, 079.Belted_Kingfisher/Belted_Kingfisher_0071_70584.jpg:079.Belted_Kingfisher -> 073.Blue_Jay, 
091.Mockingbird/Mockingbird_0006_79819.jpg:091.Mockingbird -> 080.Green_Kingfisher, 099.Ovenbird/Ovenbird_0124_93103.jpg:099.Ovenbird -> 080.Green_Kingfisher, 067.Anna_Hummingbird/Anna_Hummingbird_0121_56436.jpg:067.Anna_Hummingbird -> 080.Green_Kingfisher, 080.Green_Kingfisher/Green_Kingfisher_0048_71164.jpg:080.Green_Kingfisher -> 078.Gray_Kingbird, 080.Green_Kingfisher/Green_Kingfisher_0015_71042.jpg:080.Green_Kingfisher -> 078.Gray_Kingbird, 080.Green_Kingfisher/Green_Kingfisher_0018_71189.jpg:080.Green_Kingfisher -> 099.Ovenbird, 
081.Pied_Kingfisher/Pied_Kingfisher_0132_72706.jpg:081.Pied_Kingfisher -> 081.Pied_Kingfisher, 063.Ivory_Gull/Ivory_Gull_0064_49406.jpg:063.Ivory_Gull -> 081.Pied_Kingfisher, 082.Ringed_Kingfisher/Ringed_Kingfisher_0078_72826.jpg:082.Ringed_Kingfisher -> 081.Pied_Kingfisher, 081.Pied_Kingfisher/Pied_Kingfisher_0068_72278.jpg:081.Pied_Kingfisher -> 092.Nighthawk, 081.Pied_Kingfisher/Pied_Kingfisher_0036_72275.jpg:081.Pied_Kingfisher -> 081.Pied_Kingfisher, 081.Pied_Kingfisher/Pied_Kingfisher_0045_71143.jpg:081.Pied_Kingfisher -> 081.Pied_Kingfisher, 
079.Belted_Kingfisher/Belted_Kingfisher_0080_70725.jpg:079.Belted_Kingfisher -> 082.Ringed_Kingfisher, 075.Green_Jay/Green_Jay_0059_65586.jpg:075.Green_Jay -> 082.Ringed_Kingfisher, 093.Clark_Nutcracker/Clark_Nutcracker_0112_85350.jpg:093.Clark_Nutcracker -> 082.Ringed_Kingfisher, 082.Ringed_Kingfisher/Ringed_Kingfisher_0102_72941.jpg:082.Ringed_Kingfisher -> 091.Mockingbird, 082.Ringed_Kingfisher/Ringed_Kingfisher_0040_72852.jpg:082.Ringed_Kingfisher -> 069.Rufous_Hummingbird, 082.Ringed_Kingfisher/Ringed_Kingfisher_0094_72998.jpg:082.Ringed_Kingfisher -> 074.Florida_Jay, 
083.White_breasted_Kingfisher/White_Breasted_Kingfisher_0088_73386.jpg:083.White_breasted_Kingfisher -> 083.White_breasted_Kingfisher, 067.Anna_Hummingbird/Anna_Hummingbird_0087_56435.jpg:067.Anna_Hummingbird -> 083.White_breasted_Kingfisher, 081.Pied_Kingfisher/Pied_Kingfisher_0062_72379.jpg:081.Pied_Kingfisher -> 083.White_breasted_Kingfisher, 083.White_breasted_Kingfisher/White_Breasted_Kingfisher_0032_73248.jpg:083.White_breasted_Kingfisher -> 081.Pied_Kingfisher, 083.White_breasted_Kingfisher/White_Breasted_Kingfisher_0084_73247.jpg:083.White_breasted_Kingfisher -> 083.White_breasted_Kingfisher, 083.White_breasted_Kingfisher/White_Breasted_Kingfisher_0109_73683.jpg:083.White_breasted_Kingfisher -> 081.Pied_Kingfisher, 
065.Slaty_backed_Gull/Slaty_Backed_Gull_0066_796016.jpg:065.Slaty_backed_Gull -> 084.Red_legged_Kittiwake, 066.Western_Gull/Western_Gull_0073_54118.jpg:066.Western_Gull -> 084.Red_legged_Kittiwake, 062.Herring_Gull/Herring_Gull_0010_46425.jpg:062.Herring_Gull -> 084.Red_legged_Kittiwake, 084.Red_legged_Kittiwake/Red_Legged_Kittiwake_0061_795420.jpg:084.Red_legged_Kittiwake -> 084.Red_legged_Kittiwake, 084.Red_legged_Kittiwake/Red_Legged_Kittiwake_0021_73808.jpg:084.Red_legged_Kittiwake -> 084.Red_legged_Kittiwake, 084.Red_legged_Kittiwake/Red_Legged_Kittiwake_0031_795442.jpg:084.Red_legged_Kittiwake -> 063.Ivory_Gull, 
085.Horned_Lark/Horned_Lark_0127_74414.jpg:085.Horned_Lark -> 085.Horned_Lark, 085.Horned_Lark/Horned_Lark_0048_73894.jpg:085.Horned_Lark -> 085.Horned_Lark, 076.Dark_eyed_Junco/Dark_Eyed_Junco_0048_66981.jpg:076.Dark_eyed_Junco -> 085.Horned_Lark, 085.Horned_Lark/Horned_Lark_0113_74613.jpg:085.Horned_Lark -> 085.Horned_Lark, 085.Horned_Lark/Horned_Lark_0141_74396.jpg:085.Horned_Lark -> 085.Horned_Lark, 085.Horned_Lark/Horned_Lark_0097_74496.jpg:085.Horned_Lark -> 085.Horned_Lark, 
071.Long_tailed_Jaeger/Long_Tailed_Jaeger_0045_61007.jpg:071.Long_tailed_Jaeger -> 086.Pacific_Loon, 072.Pomarine_Jaeger/Pomarine_Jaeger_0066_795780.jpg:072.Pomarine_Jaeger -> 086.Pacific_Loon, 086.Pacific_Loon/Pacific_Loon_0044_75467.jpg:086.Pacific_Loon -> 086.Pacific_Loon, 086.Pacific_Loon/Pacific_Loon_0012_75736.jpg:086.Pacific_Loon -> 086.Pacific_Loon, 086.Pacific_Loon/Pacific_Loon_0046_75439.jpg:086.Pacific_Loon -> 086.Pacific_Loon, 086.Pacific_Loon/Pacific_Loon_0036_75539.jpg:086.Pacific_Loon -> 086.Pacific_Loon, 
087.Mallard/Mallard_0055_77102.jpg:087.Mallard -> 087.Mallard, 087.Mallard/Mallard_0048_76995.jpg:087.Mallard -> 087.Mallard, 087.Mallard/Mallard_0061_76378.jpg:087.Mallard -> 087.Mallard, 087.Mallard/Mallard_0112_77046.jpg:087.Mallard -> 089.Hooded_Merganser, 087.Mallard/Mallard_0089_77068.jpg:087.Mallard -> 089.Hooded_Merganser, 087.Mallard/Mallard_0123_76653.jpg:087.Mallard -> 089.Hooded_Merganser, 
099.Ovenbird/Ovenbird_0095_92796.jpg:099.Ovenbird -> 088.Western_Meadowlark, 067.Anna_Hummingbird/Anna_Hummingbird_0127_56520.jpg:067.Anna_Hummingbird -> 088.Western_Meadowlark, 081.Pied_Kingfisher/Pied_Kingfisher_0004_72135.jpg:081.Pied_Kingfisher -> 088.Western_Meadowlark, 088.Western_Meadowlark/Western_Meadowlark_0069_78587.jpg:088.Western_Meadowlark -> 088.Western_Meadowlark, 088.Western_Meadowlark/Western_Meadowlark_0095_78568.jpg:088.Western_Meadowlark -> 077.Tropical_Kingbird, 088.Western_Meadowlark/Western_Meadowlark_0101_78899.jpg:088.Western_Meadowlark -> 092.Nighthawk, 
089.Hooded_Merganser/Hooded_Merganser_0056_79112.jpg:089.Hooded_Merganser -> 089.Hooded_Merganser, 089.Hooded_Merganser/Hooded_Merganser_0070_79054.jpg:089.Hooded_Merganser -> 089.Hooded_Merganser, 089.Hooded_Merganser/Hooded_Merganser_0046_796764.jpg:089.Hooded_Merganser -> 089.Hooded_Merganser, 089.Hooded_Merganser/Hooded_Merganser_0016_79079.jpg:089.Hooded_Merganser -> 086.Pacific_Loon, 089.Hooded_Merganser/Hooded_Merganser_0094_796786.jpg:089.Hooded_Merganser -> 086.Pacific_Loon, 089.Hooded_Merganser/Hooded_Merganser_0061_796723.jpg:089.Hooded_Merganser -> 089.Hooded_Merganser, 
090.Red_breasted_Merganser/Red_Breasted_Merganser_0009_79576.jpg:090.Red_breasted_Merganser -> 086.Pacific_Loon, 090.Red_breasted_Merganser/Red_Breasted_Merganser_0032_79280.jpg:090.Red_breasted_Merganser -> 089.Hooded_Merganser, 090.Red_breasted_Merganser/Red_Breasted_Merganser_0021_79168.jpg:090.Red_breasted_Merganser -> 089.Hooded_Merganser, 090.Red_breasted_Merganser/Red_Breasted_Merganser_0063_79238.jpg:090.Red_breasted_Merganser -> 086.Pacific_Loon, 090.Red_breasted_Merganser/Red_Breasted_Merganser_0083_79562.jpg:090.Red_breasted_Merganser -> 089.Hooded_Merganser, 090.Red_breasted_Merganser/Red_Breasted_Merganser_0021_79168.jpg:090.Red_breasted_Merganser -> 089.Hooded_Merganser, 
099.Ovenbird/Ovenbird_0032_93199.jpg:099.Ovenbird -> 091.Mockingbird, 074.Florida_Jay/Florida_Jay_0007_64708.jpg:074.Florida_Jay -> 091.Mockingbird, 075.Green_Jay/Green_Jay_0044_66228.jpg:075.Green_Jay -> 091.Mockingbird, 091.Mockingbird/Mockingbird_0001_79812.jpg:091.Mockingbird -> 085.Horned_Lark, 091.Mockingbird/Mockingbird_0106_81381.jpg:091.Mockingbird -> 073.Blue_Jay, 091.Mockingbird/Mockingbird_0067_79723.jpg:091.Mockingbird -> 094.White_breasted_Nuthatch, 
092.Nighthawk/Nighthawk_0018_83639.jpg:092.Nighthawk -> 092.Nighthawk, 088.Western_Meadowlark/Western_Meadowlark_0100_78037.jpg:088.Western_Meadowlark -> 092.Nighthawk, 092.Nighthawk/Nighthawk_0020_83869.jpg:092.Nighthawk -> 092.Nighthawk, 092.Nighthawk/Nighthawk_0028_82636.jpg:092.Nighthawk -> 092.Nighthawk, 092.Nighthawk/Nighthawk_0069_82613.jpg:092.Nighthawk -> 092.Nighthawk, 092.Nighthawk/Nighthawk_0025_82808.jpg:092.Nighthawk -> 092.Nighthawk, 
073.Blue_Jay/Blue_Jay_0068_61543.jpg:073.Blue_Jay -> 093.Clark_Nutcracker, 093.Clark_Nutcracker/Clark_Nutcracker_0106_84856.jpg:093.Clark_Nutcracker -> 093.Clark_Nutcracker, 081.Pied_Kingfisher/Pied_Kingfisher_0013_72114.jpg:081.Pied_Kingfisher -> 093.Clark_Nutcracker, 093.Clark_Nutcracker/Clark_Nutcracker_0067_85302.jpg:093.Clark_Nutcracker -> 074.Florida_Jay, 093.Clark_Nutcracker/Clark_Nutcracker_0003_85296.jpg:093.Clark_Nutcracker -> 082.Ringed_Kingfisher, 093.Clark_Nutcracker/Clark_Nutcracker_0018_85166.jpg:093.Clark_Nutcracker -> 074.Florida_Jay, 
074.Florida_Jay/Florida_Jay_0047_65088.jpg:074.Florida_Jay -> 094.White_breasted_Nuthatch, 091.Mockingbird/Mockingbird_0023_80121.jpg:091.Mockingbird -> 094.White_breasted_Nuthatch, 091.Mockingbird/Mockingbird_0082_80570.jpg:091.Mockingbird -> 094.White_breasted_Nuthatch, 094.White_breasted_Nuthatch/White_Breasted_Nuthatch_0003_86029.jpg:094.White_breasted_Nuthatch -> 094.White_breasted_Nuthatch, 094.White_breasted_Nuthatch/White_Breasted_Nuthatch_0004_86969.jpg:094.White_breasted_Nuthatch -> 094.White_breasted_Nuthatch, 094.White_breasted_Nuthatch/White_Breasted_Nuthatch_0063_86573.jpg:094.White_breasted_Nuthatch -> 093.Clark_Nutcracker, 
098.Scott_Oriole/Scott_Oriole_0069_92271.jpg:098.Scott_Oriole -> 095.Baltimore_Oriole, 098.Scott_Oriole/Scott_Oriole_0069_92271.jpg:098.Scott_Oriole -> 095.Baltimore_Oriole, 095.Baltimore_Oriole/Baltimore_Oriole_0128_87796.jpg:095.Baltimore_Oriole -> 095.Baltimore_Oriole, 095.Baltimore_Oriole/Baltimore_Oriole_0045_88178.jpg:095.Baltimore_Oriole -> 095.Baltimore_Oriole, 095.Baltimore_Oriole/Baltimore_Oriole_0126_89651.jpg:095.Baltimore_Oriole -> 083.White_breasted_Kingfisher, 095.Baltimore_Oriole/Baltimore_Oriole_0006_89935.jpg:095.Baltimore_Oriole -> 075.Green_Jay, 
096.Hooded_Oriole/Hooded_Oriole_0048_89957.jpg:096.Hooded_Oriole -> 075.Green_Jay, 096.Hooded_Oriole/Hooded_Oriole_0076_90895.jpg:096.Hooded_Oriole -> 095.Baltimore_Oriole, 096.Hooded_Oriole/Hooded_Oriole_0054_90849.jpg:096.Hooded_Oriole -> 075.Green_Jay, 096.Hooded_Oriole/Hooded_Oriole_0124_90350.jpg:096.Hooded_Oriole -> 075.Green_Jay, 096.Hooded_Oriole/Hooded_Oriole_0125_90382.jpg:096.Hooded_Oriole -> 082.Ringed_Kingfisher, 096.Hooded_Oriole/Hooded_Oriole_0126_90319.jpg:096.Hooded_Oriole -> 091.Mockingbird, 
097.Orchard_Oriole/Orchard_Oriole_0019_91338.jpg:097.Orchard_Oriole -> 077.Tropical_Kingbird, 097.Orchard_Oriole/Orchard_Oriole_0082_91654.jpg:097.Orchard_Oriole -> 095.Baltimore_Oriole, 097.Orchard_Oriole/Orchard_Oriole_0106_91830.jpg:097.Orchard_Oriole -> 095.Baltimore_Oriole, 097.Orchard_Oriole/Orchard_Oriole_0077_91651.jpg:097.Orchard_Oriole -> 077.Tropical_Kingbird, 097.Orchard_Oriole/Orchard_Oriole_0026_91444.jpg:097.Orchard_Oriole -> 077.Tropical_Kingbird, 097.Orchard_Oriole/Orchard_Oriole_0059_92046.jpg:097.Orchard_Oriole -> 086.Pacific_Loon, 
098.Scott_Oriole/Scott_Oriole_0017_795832.jpg:098.Scott_Oriole -> 082.Ringed_Kingfisher, 098.Scott_Oriole/Scott_Oriole_0081_92374.jpg:098.Scott_Oriole -> 075.Green_Jay, 098.Scott_Oriole/Scott_Oriole_0025_92207.jpg:098.Scott_Oriole -> 082.Ringed_Kingfisher, 098.Scott_Oriole/Scott_Oriole_0046_92371.jpg:098.Scott_Oriole -> 091.Mockingbird, 098.Scott_Oriole/Scott_Oriole_0008_795814.jpg:098.Scott_Oriole -> 095.Baltimore_Oriole, 098.Scott_Oriole/Scott_Oriole_0025_92207.jpg:098.Scott_Oriole -> 082.Ringed_Kingfisher, 
082.Ringed_Kingfisher/Ringed_Kingfisher_0017_73145.jpg:082.Ringed_Kingfisher -> 099.Ovenbird, 099.Ovenbird/Ovenbird_0019_92699.jpg:099.Ovenbird -> 099.Ovenbird, 079.Belted_Kingfisher/Belted_Kingfisher_0034_70329.jpg:079.Belted_Kingfisher -> 099.Ovenbird, 099.Ovenbird/Ovenbird_0023_92534.jpg:099.Ovenbird -> 099.Ovenbird, 099.Ovenbird/Ovenbird_0034_93006.jpg:099.Ovenbird -> 085.Horned_Lark, 099.Ovenbird/Ovenbird_0015_93037.jpg:099.Ovenbird -> 085.Horned_Lark, 
100.Brown_Pelican/Brown_Pelican_0122_94022.jpg:100.Brown_Pelican -> 100.Brown_Pelican, 100.Brown_Pelican/Brown_Pelican_0115_93731.jpg:100.Brown_Pelican -> 100.Brown_Pelican, 100.Brown_Pelican/Brown_Pelican_0041_93720.jpg:100.Brown_Pelican -> 100.Brown_Pelican, 100.Brown_Pelican/Brown_Pelican_0095_94290.jpg:100.Brown_Pelican -> 092.Nighthawk, 100.Brown_Pelican/Brown_Pelican_0103_94787.jpg:100.Brown_Pelican -> 100.Brown_Pelican, 100.Brown_Pelican/Brown_Pelican_0017_94383.jpg:100.Brown_Pelican -> 071.Long_tailed_Jaeger, 
