071.Long_tailed_Jaeger/Long_Tailed_Jaeger_0057_797094.jpg:071.Long_tailed_Jaeger -> 061.Heermann_Gull, 072.Pomarine_Jaeger/Pomarine_Jaeger_0058_795746.jpg:072.Pomarine_Jaeger -> 061.Heermann_Gull, 100.Brown_Pelican/Brown_Pelican_0085_95053.jpg:100.Brown_Pelican -> 061.Heermann_Gull, 061.Heermann_Gull/Heermann_Gull_0074_45351.jpg:061.Heermann_Gull -> 061.Heermann_Gull, 061.Heermann_Gull/Heermann_Gull_0044_45705.jpg:061.Heermann_Gull -> 086.Pacific_Loon, 061.Heermann_Gull/Heermann_Gull_0089_45679.jpg:061.Heermann_Gull -> 061.Heermann_Gull, 
083.White_breasted_Kingfisher/White_Breasted_Kingfisher_0119_73401.jpg:083.White_breasted_Kingfisher -> 062.Herring_Gull, 065.Slaty_backed_Gull/Slaty_Backed_Gull_0032_796046.jpg:065.Slaty_backed_Gull -> 062.Herring_Gull, 062.Herring_Gull/Herring_Gull_0047_46218.jpg:062.Herring_Gull -> 062.Herring_Gull, 062.Herring_Gull/Herring_Gull_0115_47123.jpg:062.Herring_Gull -> 064.Ring_billed_Gull, 062.Herring_Gull/Herring_Gull_0139_47006.jpg:062.Herring_Gull -> 084.Red_legged_Kittiwake, 062.Herring_Gull/Herring_Gull_0048_46061.jpg:062.Herring_Gull -> 066.Western_Gull, 
063.Ivory_Gull/Ivory_Gull_0004_49019.jpg:063.Ivory_Gull -> 063.Ivory_Gull, 063.Ivory_Gull/Ivory_Gull_0018_49988.jpg:063.Ivory_Gull -> 063.Ivory_Gull, 064.Ring_billed_Gull/Ring_Billed_Gull_0034_51270.jpg:064.Ring_billed_Gull -> 063.Ivory_Gull, 063.Ivory_Gull/Ivory_Gull_0059_49662.jpg:063.Ivory_Gull -> 092.Nighthawk, 063.Ivory_Gull/Ivory_Gull_0039_49412.jpg:063.Ivory_Gull -> 066.Western_Gull, 063.Ivory_Gull/Ivory_Gull_0073_49287.jpg:063.Ivory_Gull -> 063.Ivory_Gull, 
064.Ring_billed_Gull/Ring_Billed_Gull_0044_50239.jpg:064.Ring_billed_Gull -> 064.Ring_billed_Gull, 064.Ring_billed_Gull/Ring_Billed_Gull_0038_51275.jpg:064.Ring_billed_Gull -> 064.Ring_billed_Gull, 062.Herring_Gull/Herring_Gull_0051_46276.jpg:062.Herring_Gull -> 064.Ring_billed_Gull, 064.Ring_billed_Gull/Ring_Billed_Gull_0078_51494.jpg:064.Ring_billed_Gull -> 063.Ivory_Gull, 064.Ring_billed_Gull/Ring_Billed_Gull_0033_51288.jpg:064.Ring_billed_Gull -> 061.Heermann_Gull, 064.Ring_billed_Gull/Ring_Billed_Gull_0052_51357.jpg:064.Ring_billed_Gull -> 064.Ring_billed_Gull, 
072.Pomarine_Jaeger/Pomarine_Jaeger_0010_61457.jpg:072.Pomarine_Jaeger -> 065.Slaty_backed_Gull, 072.Pomarine_Jaeger/Pomarine_Jaeger_0062_61351.jpg:072.Pomarine_Jaeger -> 065.Slaty_backed_Gull, 084.Red_legged_Kittiwake/Red_Legged_Kittiwake_0002_73788.jpg:084.Red_legged_Kittiwake -> 065.Slaty_backed_Gull, 065.Slaty_backed_Gull/Slaty_Backed_Gull_0058_796024.jpg:065.Slaty_backed_Gull -> 061.Heermann_Gull, 065.Slaty_backed_Gull/Slaty_Backed_Gull_0071_796037.jpg:065.Slaty_backed_Gull -> 063.Ivory_Gull, 065.Slaty_backed_Gull/Slaty_Backed_Gull_0020_796012.jpg:065.Slaty_backed_Gull -> 066.Western_Gull, 
063.Ivory_Gull/Ivory_Gull_0117_49227.jpg:063.Ivory_Gull -> 066.Western_Gull, 078.Gray_Kingbird/Gray_Kingbird_0016_70288.jpg:078.Gray_Kingbird -> 066.Western_Gull, 066.Western_Gull/Western_Gull_0128_53852.jpg:066.Western_Gull -> 066.Western_Gull, 066.Western_Gull/Western_Gull_0116_54037.jpg:066.Western_Gull -> 066.Western_Gull, 066.Western_Gull/Western_Gull_0029_54143.jpg:066.Western_Gull -> 066.Western_Gull, 066.Western_Gull/Western_Gull_0048_53776.jpg:066.Western_Gull -> 066.Western_Gull, 
067.Anna_Hummingbird/Anna_Hummingbird_0042_55990.jpg:067.Anna_Hummingbird -> 067.Anna_Hummingbird, 068.Ruby_throated_Hummingbird/Ruby_Throated_Hummingbird_0014_57477.jpg:068.Ruby_throated_Hummingbird -> 067.Anna_Hummingbird, 078.Gray_Kingbird/Gray_Kingbird_0041_70119.jpg:078.Gray_Kingbird -> 067.Anna_Hummingbird, 067.Anna_Hummingbird/Anna_Hummingbird_0034_56614.jpg:067.Anna_Hummingbird -> 067.Anna_Hummingbird, 067.Anna_Hummingbird/Anna_Hummingbird_0006_55871.jpg:067.Anna_Hummingbird -> 072.Pomarine_Jaeger, 067.Anna_Hummingbird/Anna_Hummingbird_0101_56459.jpg:067.Anna_Hummingbird -> 067.Anna_Hummingbird, 
067.Anna_Hummingbird/Anna_Hummingbird_0119_56309.jpg:067.Anna_Hummingbird -> 068.Ruby_throated_Hummingbird, 068.Ruby_throated_Hummingbird/Ruby_Throated_Hummingbird_0066_57518.jpg:068.Ruby_throated_Hummingbird -> 068.Ruby_throated_Hummingbird, 067.Anna_Hummingbird/Anna_Hummingbird_0055_56396.jpg:067.Anna_Hummingbird -> 068.Ruby_throated_Hummingbird, 068.Ruby_throated_Hummingbird/Ruby_Throated_Hummingbird_0131_57813.jpg:068.Ruby_throated_Hummingbird -> 096.Hooded_Oriole, 068.Ruby_throated_Hummingbird/Ruby_Throated_Hummingbird_0040_57982.jpg:068.Ruby_throated_Hummingbird -> 067.Anna_Hummingbird, 068.Ruby_throated_Hummingbird/Ruby_Throated_Hummingbird_0131_57813.jpg:068.Ruby_throated_Hummingbird -> 096.Hooded_Oriole, 
068.Ruby_throated_Hummingbird/Ruby_Throated_Hummingbird_0077_57858.jpg:068.Ruby_throated_Hummingbird -> 069.Rufous_Hummingbird, 069.Rufous_Hummingbird/Rufous_Hummingbird_0024_59636.jpg:069.Rufous_Hummingbird -> 069.Rufous_Hummingbird, 069.Rufous_Hummingbird/Rufous_Hummingbird_0007_58433.jpg:069.Rufous_Hummingbird -> 069.Rufous_Hummingbird, 069.Rufous_Hummingbird/Rufous_Hummingbird_0090_58598.jpg:069.Rufous_Hummingbird -> 069.Rufous_Hummingbird, 069.Rufous_Hummingbird/Rufous_Hummingbird_0100_59541.jpg:069.Rufous_Hummingbird -> 068.Ruby_throated_Hummingbird, 069.Rufous_Hummingbird/Rufous_Hummingbird_0006_59621.jpg:069.Rufous_Hummingbird -> 069.Rufous_Hummingbird, 
070.Green_Violetear/Green_Violetear_0064_795661.jpg:070.Green_Violetear -> 070.Green_Violetear, 070.Green_Violetear/Green_Violetear_0030_795736.jpg:070.Green_Violetear -> 070.Green_Violetear, 070.Green_Violetear/Green_Violetear_0017_795652.jpg:070.Green_Violetear -> 070.Green_Violetear, 070.Green_Violetear/Green_Violetear_0119_795724.jpg:070.Green_Violetear -> 069.Rufous_Hummingbird, 070.Green_Violetear/Green_Violetear_0036_795635.jpg:070.Green_Violetear -> 067.Anna_Hummingbird, 070.Green_Violetear/Green_Violetear_0108_795711.jpg:070.Green_Violetear -> 067.Anna_Hummingbird, 
072.Pomarine_Jaeger/Pomarine_Jaeger_0014_61335.jpg:072.Pomarine_Jaeger -> 071.Long_tailed_Jaeger, 072.Pomarine_Jaeger/Pomarine_Jaeger_0053_795792.jpg:072.Pomarine_Jaeger -> 071.Long_tailed_Jaeger, 072.Pomarine_Jaeger/Pomarine_Jaeger_0077_795739.jpg:072.Pomarine_Jaeger -> 071.Long_tailed_Jaeger, 071.Long_tailed_Jaeger/Long_Tailed_Jaeger_0020_61084.jpg:071.Long_tailed_Jaeger -> 072.Pomarine_Jaeger, 071.Long_tailed_Jaeger/Long_Tailed_Jaeger_0024_60915.jpg:071.Long_tailed_Jaeger -> 081.Pied_Kingfisher, 071.Long_tailed_Jaeger/Long_Tailed_Jaeger_0059_797079.jpg:071.Long_tailed_Jaeger -> 061.Heermann_Gull, 
082.Ringed_Kingfisher/Ringed_Kingfisher_0011_72982.jpg:082.Ringed_Kingfisher -> 072.Pomarine_Jaeger, 079.Belted_Kingfisher/Belted_Kingfisher_0035_70644.jpg:079.Belted_Kingfisher -> 072.Pomarine_Jaeger, 072.Pomarine_Jaeger/Pomarine_Jaeger_0046_61301.jpg:072.Pomarine_Jaeger -> 072.Pomarine_Jaeger, 072.Pomarine_Jaeger/Pomarine_Jaeger_0046_61301.jpg:072.Pomarine_Jaeger -> 072.Pomarine_Jaeger, 072.Pomarine_Jaeger/Pomarine_Jaeger_0009_795740.jpg:072.Pomarine_Jaeger -> 072.Pomarine_Jaeger, 072.Pomarine_Jaeger/Pomarine_Jaeger_0051_795738.jpg:072.Pomarine_Jaeger -> 071.Long_tailed_Jaeger, 
073.Blue_Jay/Blue_Jay_0095_63505.jpg:073.Blue_Jay -> 073.Blue_Jay, 073.Blue_Jay/Blue_Jay_0054_61656.jpg:073.Blue_Jay -> 073.Blue_Jay, 073.Blue_Jay/Blue_Jay_0017_62854.jpg:073.Blue_Jay -> 073.Blue_Jay, 073.Blue_Jay/Blue_Jay_0028_63599.jpg:073.Blue_Jay -> 073.Blue_Jay, 073.Blue_Jay/Blue_Jay_0099_64435.jpg:073.Blue_Jay -> 073.Blue_Jay, 073.Blue_Jay/Blue_Jay_0066_61490.jpg:073.Blue_Jay -> 073.Blue_Jay, 
080.Green_Kingfisher/Green_Kingfisher_0081_70953.jpg:080.Green_Kingfisher -> 074.Florida_Jay, 074.Florida_Jay/Florida_Jay_0062_64996.jpg:074.Florida_Jay -> 074.Florida_Jay, 083.White_breasted_Kingfisher/White_Breasted_Kingfisher_0098_73227.jpg:083.White_breasted_Kingfisher -> 074.Florida_Jay, 074.Florida_Jay/Florida_Jay_0097_64906.jpg:074.Florida_Jay -> 083.White_breasted_Kingfisher, 074.Florida_Jay/Florida_Jay_0013_64706.jpg:074.Florida_Jay -> 073.Blue_Jay, 074.Florida_Jay/Florida_Jay_0026_64938.jpg:074.Florida_Jay -> 074.Florida_Jay, 
083.White_breasted_Kingfisher/White_Breasted_Kingfisher_0017_73355.jpg:083.White_breasted_Kingfisher -> 075.Green_Jay, 083.White_breasted_Kingfisher/White_Breasted_Kingfisher_0047_73251.jpg:083.White_breasted_Kingfisher -> 075.Green_Jay, 067.Anna_Hummingbird/Anna_Hummingbird_0130_56122.jpg:067.Anna_Hummingbird -> 075.Green_Jay, 075.Green_Jay/Green_Jay_0051_65662.jpg:075.Green_Jay -> 075.Green_Jay, 075.Green_Jay/Green_Jay_0102_65813.jpg:075.Green_Jay -> 099.Ovenbird, 075.Green_Jay/Green_Jay_0042_65740.jpg:075.Green_Jay -> 096.Hooded_Oriole, 
061.Heermann_Gull/Heermann_Gull_0001_45472.jpg:061.Heermann_Gull -> 076.Dark_eyed_Junco, 076.Dark_eyed_Junco/Dark_Eyed_Junco_0021_66261.jpg:076.Dark_eyed_Junco -> 076.Dark_eyed_Junco, 076.Dark_eyed_Junco/Dark_Eyed_Junco_0081_67223.jpg:076.Dark_eyed_Junco -> 076.Dark_eyed_Junco, 076.Dark_eyed_Junco/Dark_Eyed_Junco_0040_66689.jpg:076.Dark_eyed_Junco -> 099.Ovenbird, 076.Dark_eyed_Junco/Dark_Eyed_Junco_0013_66332.jpg:076.Dark_eyed_Junco -> 085.Horned_Lark, 076.Dark_eyed_Junco/Dark_Eyed_Junco_0087_68102.jpg:076.Dark_eyed_Junco -> 076.Dark_eyed_Junco, 
077.Tropical_Kingbird/Tropical_Kingbird_0084_69312.jpg:077.Tropical_Kingbird -> 077.Tropical_Kingbird, 097.Orchard_Oriole/Orchard_Oriole_0088_92086.jpg:097.Orchard_Oriole -> 077.Tropical_Kingbird, 077.Tropical_Kingbird/Tropical_Kingbird_0005_69662.jpg:077.Tropical_Kingbird -> 077.Tropical_Kingbird, 077.Tropical_Kingbird/Tropical_Kingbird_0096_69684.jpg:077.Tropical_Kingbird -> 097.Orchard_Oriole, 077.Tropical_Kingbird/Tropical_Kingbird_0022_69742.jpg:077.Tropical_Kingbird -> 082.Ringed_Kingfisher, 077.Tropical_Kingbird/Tropical_Kingbird_0067_69792.jpg:077.Tropical_Kingbird -> 061.Heermann_Gull, 
073.Blue_Jay/Blue_Jay_0078_62351.jpg:073.Blue_Jay -> 078.Gray_Kingbird, 094.White_breasted_Nuthatch/White_Breasted_Nuthatch_0078_85828.jpg:094.White_breasted_Nuthatch -> 078.Gray_Kingbird, 094.White_breasted_Nuthatch/White_Breasted_Nuthatch_0030_85823.jpg:094.White_breasted_Nuthatch -> 078.Gray_Kingbird, 078.Gray_Kingbird/Gray_Kingbird_0003_70305.jpg:078.Gray_Kingbird -> 079.Belted_Kingfisher, 078.Gray_Kingbird/Gray_Kingbird_0001_70224.jpg:078.Gray_Kingbird -> 072.Pomarine_Jaeger, 078.Gray_Kingbird/Gray_Kingbird_0051_70139.jpg:078.Gray_Kingbird -> 078.Gray_Kingbird, 
074.Florida_Jay/Florida_Jay_0007_64708.jpg:074.Florida_Jay -> 079.Belted_Kingfisher, 097.Orchard_Oriole/Orchard_Oriole_0059_92046.jpg:097.Orchard_Oriole -> 079.Belted_Kingfisher, 082.Ringed_Kingfisher/Ringed_Kingfisher_0098_73110.jpg:082.Ringed_Kingfisher -> 079.Belted_Kingfisher, 079.Belted_Kingfisher/Belted_Kingfisher_0085_70503.jpg:079.Belted_Kingfisher -> 079.Belted_Kingfisher, 079.Belted_Kingfisher/Belted_Kingfisher_0028_70358.jpg:079.Belted_Kingfisher -> 078.Gray_Kingbird, 079.Belted_Kingfisher/Belted_Kingfisher_0061_70363.jpg:079.Belted_Kingfisher -> 079.Belted_Kingfisher, 
080.Green_Kingfisher/Green_Kingfisher_0069_71053.jpg:080.Green_Kingfisher -> 080.Green_Kingfisher, 082.Ringed_Kingfisher/Ringed_Kingfisher_0080_72923.jpg:082.Ringed_Kingfisher -> 080.Green_Kingfisher, 082.Ringed_Kingfisher/Ringed_Kingfisher_0080_72923.jpg:082.Ringed_Kingfisher -> 080.Green_Kingfisher, 080.Green_Kingfisher/Green_Kingfisher_0056_70972.jpg:080.Green_Kingfisher -> 079.Belted_Kingfisher, 080.Green_Kingfisher/Green_Kingfisher_0036_71156.jpg:080.Green_Kingfisher -> 066.Western_Gull, 080.Green_Kingfisher/Green_Kingfisher_0048_71164.jpg:080.Green_Kingfisher -> 079.Belted_Kingfisher, 
088.Western_Meadowlark/Western_Meadowlark_0014_78421.jpg:088.Western_Meadowlark -> 081.Pied_Kingfisher, 079.Belted_Kingfisher/Belted_Kingfisher_0027_70397.jpg:079.Belted_Kingfisher -> 081.Pied_Kingfisher, 081.Pied_Kingfisher/Pied_Kingfisher_0095_72008.jpg:081.Pied_Kingfisher -> 081.Pied_Kingfisher, 081.Pied_Kingfisher/Pied_Kingfisher_0059_72492.jpg:081.Pied_Kingfisher -> 078.Gray_Kingbird, 081.Pied_Kingfisher/Pied_Kingfisher_0078_71985.jpg:081.Pied_Kingfisher -> 066.Western_Gull, 081.Pied_Kingfisher/Pied_Kingfisher_0071_72576.jpg:081.Pied_Kingfisher -> 082.Ringed_Kingfisher, 
094.White_breasted_Nuthatch/White_Breasted_Nuthatch_0020_86143.jpg:094.White_breasted_Nuthatch -> 082.Ringed_Kingfisher, 091.Mockingbird/Mockingbird_0106_81381.jpg:091.Mockingbird -> 082.Ringed_Kingfisher, 067.Anna_Hummingbird/Anna_Hummingbird_0028_55993.jpg:067.Anna_Hummingbird -> 082.Ringed_Kingfisher, 082.Ringed_Kingfisher/Ringed_Kingfisher_0053_72875.jpg:082.Ringed_Kingfisher -> 082.Ringed_Kingfisher, 082.Ringed_Kingfisher/Ringed_Kingfisher_0012_72974.jpg:082.Ringed_Kingfisher -> 072.Pomarine_Jaeger, 082.Ringed_Kingfisher/Ringed_Kingfisher_0074_73130.jpg:082.Ringed_Kingfisher -> 092.Nighthawk, 
082.Ringed_Kingfisher/Ringed_Kingfisher_0091_72839.jpg:082.Ringed_Kingfisher -> 083.White_breasted_Kingfisher, 083.White_breasted_Kingfisher/White_Breasted_Kingfisher_0071_73236.jpg:083.White_breasted_Kingfisher -> 083.White_breasted_Kingfisher, 075.Green_Jay/Green_Jay_0089_66075.jpg:075.Green_Jay -> 083.White_breasted_Kingfisher, 083.White_breasted_Kingfisher/White_Breasted_Kingfisher_0056_73353.jpg:083.White_breasted_Kingfisher -> 082.Ringed_Kingfisher, 083.White_breasted_Kingfisher/White_Breasted_Kingfisher_0088_73386.jpg:083.White_breasted_Kingfisher -> 083.White_breasted_Kingfisher, 083.White_breasted_Kingfisher/White_Breasted_Kingfisher_0024_73736.jpg:083.White_breasted_Kingfisher -> 083.White_breasted_Kingfisher, 
084.Red_legged_Kittiwake/Red_Legged_Kittiwake_0003_795389.jpg:084.Red_legged_Kittiwake -> 084.Red_legged_Kittiwake, 061.Heermann_Gull/Heermann_Gull_0018_45608.jpg:061.Heermann_Gull -> 084.Red_legged_Kittiwake, 062.Herring_Gull/Herring_Gull_0140_46455.jpg:062.Herring_Gull -> 084.Red_legged_Kittiwake, 084.Red_legged_Kittiwake/Red_Legged_Kittiwake_0068_795430.jpg:084.Red_legged_Kittiwake -> 084.Red_legged_Kittiwake, 084.Red_legged_Kittiwake/Red_Legged_Kittiwake_0006_795436.jpg:084.Red_legged_Kittiwake -> 066.Western_Gull, 084.Red_legged_Kittiwake/Red_Legged_Kittiwake_0059_795424.jpg:084.Red_legged_Kittiwake -> 062.Herring_Gull, 
099.Ovenbird/Ovenbird_0015_93037.jpg:099.Ovenbird -> 085.Horned_Lark, 085.Horned_Lark/Horned_Lark_0104_74142.jpg:085.Horned_Lark -> 085.Horned_Lark, 077.Tropical_Kingbird/Tropical_Kingbird_0103_69311.jpg:077.Tropical_Kingbird -> 085.Horned_Lark, 085.Horned_Lark/Horned_Lark_0067_75266.jpg:085.Horned_Lark -> 085.Horned_Lark, 085.Horned_Lark/Horned_Lark_0012_74511.jpg:085.Horned_Lark -> 085.Horned_Lark, 085.Horned_Lark/Horned_Lark_0009_74646.jpg:085.Horned_Lark -> 099.Ovenbird, 
086.Pacific_Loon/Pacific_Loon_0054_75543.jpg:086.Pacific_Loon -> 086.Pacific_Loon, 086.Pacific_Loon/Pacific_Loon_0051_75514.jpg:086.Pacific_Loon -> 086.Pacific_Loon, 086.Pacific_Loon/Pacific_Loon_0026_75593.jpg:086.Pacific_Loon -> 086.Pacific_Loon, 086.Pacific_Loon/Pacific_Loon_0042_75385.jpg:086.Pacific_Loon -> 086.Pacific_Loon, 086.Pacific_Loon/Pacific_Loon_0062_75587.jpg:086.Pacific_Loon -> 089.Hooded_Merganser, 086.Pacific_Loon/Pacific_Loon_0035_75395.jpg:086.Pacific_Loon -> 089.Hooded_Merganser, 
087.Mallard/Mallard_0046_76165.jpg:087.Mallard -> 087.Mallard, 087.Mallard/Mallard_0024_75932.jpg:087.Mallard -> 087.Mallard, 089.Hooded_Merganser/Hooded_Merganser_0062_78998.jpg:089.Hooded_Merganser -> 087.Mallard, 087.Mallard/Mallard_0004_76958.jpg:087.Mallard -> 087.Mallard, 087.Mallard/Mallard_0121_77434.jpg:087.Mallard -> 087.Mallard, 087.Mallard/Mallard_0050_76519.jpg:087.Mallard -> 087.Mallard, 
088.Western_Meadowlark/Western_Meadowlark_0048_78354.jpg:088.Western_Meadowlark -> 088.Western_Meadowlark, 081.Pied_Kingfisher/Pied_Kingfisher_0085_71557.jpg:081.Pied_Kingfisher -> 088.Western_Meadowlark, 088.Western_Meadowlark/Western_Meadowlark_0048_78354.jpg:088.Western_Meadowlark -> 088.Western_Meadowlark, 088.Western_Meadowlark/Western_Meadowlark_0108_78155.jpg:088.Western_Meadowlark -> 099.Ovenbird, 088.Western_Meadowlark/Western_Meadowlark_0109_77990.jpg:088.Western_Meadowlark -> 082.Ringed_Kingfisher, 088.Western_Meadowlark/Western_Meadowlark_0013_77712.jpg:088.Western_Meadowlark -> 085.Horned_Lark, 
090.Red_breasted_Merganser/Red_Breasted_Merganser_0006_79216.jpg:090.Red_breasted_Merganser -> 089.Hooded_Merganser, 089.Hooded_Merganser/Hooded_Merganser_0085_79146.jpg:089.Hooded_Merganser -> 089.Hooded_Merganser, 086.Pacific_Loon/Pacific_Loon_0044_75467.jpg:086.Pacific_Loon -> 089.Hooded_Merganser, 089.Hooded_Merganser/Hooded_Merganser_0062_78998.jpg:089.Hooded_Merganser -> 087.Mallard, 089.Hooded_Merganser/Hooded_Merganser_0075_78977.jpg:089.Hooded_Merganser -> 087.Mallard, 089.Hooded_Merganser/Hooded_Merganser_0093_79075.jpg:089.Hooded_Merganser -> 089.Hooded_Merganser, 
090.Red_breasted_Merganser/Red_Breasted_Merganser_0004_79232.jpg:090.Red_breasted_Merganser -> 090.Red_breasted_Merganser, 086.Pacific_Loon/Pacific_Loon_0057_75854.jpg:086.Pacific_Loon -> 090.Red_breasted_Merganser, 090.Red_breasted_Merganser/Red_Breasted_Merganser_0068_79203.jpg:090.Red_breasted_Merganser -> 090.Red_breasted_Merganser, 090.Red_breasted_Merganser/Red_Breasted_Merganser_0049_79432.jpg:090.Red_breasted_Merganser -> 090.Red_breasted_Merganser, 090.Red_breasted_Merganser/Red_Breasted_Merganser_0034_79292.jpg:090.Red_breasted_Merganser -> 086.Pacific_Loon, 090.Red_breasted_Merganser/Red_Breasted_Merganser_0070_79570.jpg:090.Red_breasted_Merganser -> 086.Pacific_Loon, 
091.Mockingbird/Mockingbird_0049_80336.jpg:091.Mockingbird -> 091.Mockingbird, 078.Gray_Kingbird/Gray_Kingbird_0023_795035.jpg:078.Gray_Kingbird -> 091.Mockingbird, 078.Gray_Kingbird/Gray_Kingbird_0052_795024.jpg:078.Gray_Kingbird -> 091.Mockingbird, 091.Mockingbird/Mockingbird_0035_79635.jpg:091.Mockingbird -> 098.Scott_Oriole, 091.Mockingbird/Mockingbird_0049_80336.jpg:091.Mockingbird -> 091.Mockingbird, 091.Mockingbird/Mockingbird_0084_80670.jpg:091.Mockingbird -> 079.Belted_Kingfisher, 
092.Nighthawk/Nighthawk_0064_82196.jpg:092.Nighthawk -> 092.Nighthawk, 092.Nighthawk/Nighthawk_0090_82579.jpg:092.Nighthawk -> 092.Nighthawk, 068.Ruby_throated_Hummingbird/Ruby_Throated_Hummingbird_0119_57575.jpg:068.Ruby_throated_Hummingbird -> 092.Nighthawk, 092.Nighthawk/Nighthawk_0021_82562.jpg:092.Nighthawk -> 092.Nighthawk, 092.Nighthawk/Nighthawk_0057_82640.jpg:092.Nighthawk -> 092.Nighthawk, 092.Nighthawk/Nighthawk_0045_82807.jpg:092.Nighthawk -> 088.Western_Meadowlark, 
093.Clark_Nutcracker/Clark_Nutcracker_0105_85097.jpg:093.Clark_Nutcracker -> 093.Clark_Nutcracker, 093.Clark_Nutcracker/Clark_Nutcracker_0105_85097.jpg:093.Clark_Nutcracker -> 093.Clark_Nutcracker, 093.Clark_Nutcracker/Clark_Nutcracker_0082_85477.jpg:093.Clark_Nutcracker -> 093.Clark_Nutcracker, 093.Clark_Nutcracker/Clark_Nutcracker_0113_85587.jpg:093.Clark_Nutcracker -> 093.Clark_Nutcracker, 093.Clark_Nutcracker/Clark_Nutcracker_0101_85656.jpg:093.Clark_Nutcracker -> 061.Heermann_Gull, 093.Clark_Nutcracker/Clark_Nutcracker_0051_84950.jpg:093.Clark_Nutcracker -> 093.Clark_Nutcracker, 
091.Mockingbird/Mockingbird_0067_79723.jpg:091.Mockingbird -> 094.White_breasted_Nuthatch, 094.White_breasted_Nuthatch/White_Breasted_Nuthatch_0003_86029.jpg:094.White_breasted_Nuthatch -> 094.White_breasted_Nuthatch, 094.White_breasted_Nuthatch/White_Breasted_Nuthatch_0129_86761.jpg:094.White_breasted_Nuthatch -> 094.White_breasted_Nuthatch, 094.White_breasted_Nuthatch/White_Breasted_Nuthatch_0076_85801.jpg:094.White_breasted_Nuthatch -> 094.White_breasted_Nuthatch, 094.White_breasted_Nuthatch/White_Breasted_Nuthatch_0064_86324.jpg:094.White_breasted_Nuthatch -> 078.Gray_Kingbird, 094.White_breasted_Nuthatch/White_Breasted_Nuthatch_0068_86033.jpg:094.White_breasted_Nuthatch -> 080.Green_Kingfisher, 
098.Scott_Oriole/Scott_Oriole_0034_795813.jpg:098.Scott_Oriole -> 095.Baltimore_Oriole, 098.Scott_Oriole/Scott_Oriole_0078_795833.jpg:098.Scott_Oriole -> 095.Baltimore_Oriole, 095.Baltimore_Oriole/Baltimore_Oriole_0128_87796.jpg:095.Baltimore_Oriole -> 095.Baltimore_Oriole, 095.Baltimore_Oriole/Baltimore_Oriole_0104_86979.jpg:095.Baltimore_Oriole -> 096.Hooded_Oriole, 095.Baltimore_Oriole/Baltimore_Oriole_0114_89873.jpg:095.Baltimore_Oriole -> 074.Florida_Jay, 095.Baltimore_Oriole/Baltimore_Oriole_0104_86979.jpg:095.Baltimore_Oriole -> 096.Hooded_Oriole, 
095.Baltimore_Oriole/Baltimore_Oriole_0102_88818.jpg:095.Baltimore_Oriole -> 096.Hooded_Oriole, 095.Baltimore_Oriole/Baltimore_Oriole_0071_89611.jpg:095.Baltimore_Oriole -> 096.Hooded_Oriole, 080.Green_Kingfisher/Green_Kingfisher_0089_71325.jpg:080.Green_Kingfisher -> 096.Hooded_Oriole, 096.Hooded_Oriole/Hooded_Oriole_0008_90118.jpg:096.Hooded_Oriole -> 096.Hooded_Oriole, 096.Hooded_Oriole/Hooded_Oriole_0107_89985.jpg:096.Hooded_Oriole -> 098.Scott_Oriole, 096.Hooded_Oriole/Hooded_Oriole_0041_90218.jpg:096.Hooded_Oriole -> 095.Baltimore_Oriole, 
091.Mockingbird/Mockingbird_0097_79951.jpg:091.Mockingbird -> 097.Orchard_Oriole, 073.Blue_Jay/Blue_Jay_0074_63487.jpg:073.Blue_Jay -> 097.Orchard_Oriole, 076.Dark_eyed_Junco/Dark_Eyed_Junco_0071_67426.jpg:076.Dark_eyed_Junco -> 097.Orchard_Oriole, 097.Orchard_Oriole/Orchard_Oriole_0088_92086.jpg:097.Orchard_Oriole -> 077.Tropical_Kingbird, 097.Orchard_Oriole/Orchard_Oriole_0059_92046.jpg:097.Orchard_Oriole -> 079.Belted_Kingfisher, 097.Orchard_Oriole/Orchard_Oriole_0074_91979.jpg:097.Orchard_Oriole -> 099.Ovenbird, 
077.Tropical_Kingbird/Tropical_Kingbird_0018_69619.jpg:077.Tropical_Kingbird -> 098.Scott_Oriole, 075.Green_Jay/Green_Jay_0016_65864.jpg:075.Green_Jay -> 098.Scott_Oriole, 075.Green_Jay/Green_Jay_0041_65548.jpg:075.Green_Jay -> 098.Scott_Oriole, 098.Scott_Oriole/Scott_Oriole_0056_795816.jpg:098.Scott_Oriole -> 095.Baltimore_Oriole, 098.Scott_Oriole/Scott_Oriole_0057_795856.jpg:098.Scott_Oriole -> 097.Orchard_Oriole, 098.Scott_Oriole/Scott_Oriole_0042_795844.jpg:098.Scott_Oriole -> 098.Scott_Oriole, 
088.Western_Meadowlark/Western_Meadowlark_0104_78105.jpg:088.Western_Meadowlark -> 099.Ovenbird, 078.Gray_Kingbird/Gray_Kingbird_0070_70051.jpg:078.Gray_Kingbird -> 099.Ovenbird, 088.Western_Meadowlark/Western_Meadowlark_0107_78608.jpg:088.Western_Meadowlark -> 099.Ovenbird, 099.Ovenbird/Ovenbird_0118_93002.jpg:099.Ovenbird -> 099.Ovenbird, 099.Ovenbird/Ovenbird_0130_92452.jpg:099.Ovenbird -> 099.Ovenbird, 099.Ovenbird/Ovenbird_0126_92602.jpg:099.Ovenbird -> 099.Ovenbird, 
100.Brown_Pelican/Brown_Pelican_0009_94256.jpg:100.Brown_Pelican -> 100.Brown_Pelican, 100.Brown_Pelican/Brown_Pelican_0074_93692.jpg:100.Brown_Pelican -> 100.Brown_Pelican, 100.Brown_Pelican/Brown_Pelican_0010_94370.jpg:100.Brown_Pelican -> 100.Brown_Pelican, 100.Brown_Pelican/Brown_Pelican_0010_94370.jpg:100.Brown_Pelican -> 100.Brown_Pelican, 100.Brown_Pelican/Brown_Pelican_0102_93727.jpg:100.Brown_Pelican -> 072.Pomarine_Jaeger, 100.Brown_Pelican/Brown_Pelican_0111_93872.jpg:100.Brown_Pelican -> 100.Brown_Pelican, 
