094.White_breasted_Nuthatch/White_Breasted_Nuthatch_0095_86425.jpg:094.White_breasted_Nuthatch -> 061.Heermann_Gull, 072.Pomarine_Jaeger/Pomarine_Jaeger_0028_795797.jpg:072.Pomarine_Jaeger -> 061.Heermann_Gull, 072.Pomarine_Jaeger/Pomarine_Jaeger_0033_795749.jpg:072.Pomarine_Jaeger -> 061.Heermann_Gull, 061.Heermann_Gull/Heermann_Gull_0138_45269.jpg:061.Heermann_Gull -> 061.Heermann_Gull, 061.Heermann_Gull/Heermann_Gull_0090_45834.jpg:061.Heermann_Gull -> 100.Brown_Pelican, 061.Heermann_Gull/Heermann_Gull_0055_45901.jpg:061.Heermann_Gull -> 066.Western_Gull, 
066.Western_Gull/Western_Gull_0069_53553.jpg:066.Western_Gull -> 062.Herring_Gull, 066.Western_Gull/Western_Gull_0011_53713.jpg:066.Western_Gull -> 062.Herring_Gull, 065.Slaty_backed_Gull/Slaty_Backed_Gull_0087_786374.jpg:065.Slaty_backed_Gull -> 062.Herring_Gull, 062.Herring_Gull/Herring_Gull_0082_47540.jpg:062.Herring_Gull -> 063.Ivory_Gull, 062.Herring_Gull/Herring_Gull_0071_48751.jpg:062.Herring_Gull -> 062.Herring_Gull, 062.Herring_Gull/Herring_Gull_0037_48655.jpg:062.Herring_Gull -> 063.Ivory_Gull, 
063.Ivory_Gull/Ivory_Gull_0055_49353.jpg:063.Ivory_Gull -> 063.Ivory_Gull, 062.Herring_Gull/Herring_Gull_0120_48822.jpg:062.Herring_Gull -> 063.Ivory_Gull, 063.Ivory_Gull/Ivory_Gull_0096_49487.jpg:063.Ivory_Gull -> 063.Ivory_Gull, 063.Ivory_Gull/Ivory_Gull_0041_49172.jpg:063.Ivory_Gull -> 063.Ivory_Gull, 063.Ivory_Gull/Ivory_Gull_0005_49021.jpg:063.Ivory_Gull -> 062.Herring_Gull, 063.Ivory_Gull/Ivory_Gull_0062_49722.jpg:063.Ivory_Gull -> 063.Ivory_Gull, 
064.Ring_billed_Gull/Ring_Billed_Gull_0100_52779.jpg:064.Ring_billed_Gull -> 064.Ring_billed_Gull, 064.Ring_billed_Gull/Ring_Billed_Gull_0044_50239.jpg:064.Ring_billed_Gull -> 064.Ring_billed_Gull, 064.Ring_billed_Gull/Ring_Billed_Gull_0125_51307.jpg:064.Ring_billed_Gull -> 064.Ring_billed_Gull, 064.Ring_billed_Gull/Ring_Billed_Gull_0045_50215.jpg:064.Ring_billed_Gull -> 084.Red_legged_Kittiwake, 064.Ring_billed_Gull/Ring_Billed_Gull_0101_51375.jpg:064.Ring_billed_Gull -> 064.Ring_billed_Gull, 064.Ring_billed_Gull/Ring_Billed_Gull_0093_51303.jpg:064.Ring_billed_Gull -> 064.Ring_billed_Gull, 
063.Ivory_Gull/Ivory_Gull_0045_49696.jpg:063.Ivory_Gull -> 065.Slaty_backed_Gull, 065.Slaty_backed_Gull/Slaty_Backed_Gull_0022_796022.jpg:065.Slaty_backed_Gull -> 065.Slaty_backed_Gull, 065.Slaty_backed_Gull/Slaty_Backed_Gull_0060_796052.jpg:065.Slaty_backed_Gull -> 065.Slaty_backed_Gull, 065.Slaty_backed_Gull/Slaty_Backed_Gull_0007_53334.jpg:065.Slaty_backed_Gull -> 071.Long_tailed_Jaeger, 065.Slaty_backed_Gull/Slaty_Backed_Gull_0086_786387.jpg:065.Slaty_backed_Gull -> 061.Heermann_Gull, 065.Slaty_backed_Gull/Slaty_Backed_Gull_0003_796032.jpg:065.Slaty_backed_Gull -> 066.Western_Gull, 
066.Western_Gull/Western_Gull_0057_55312.jpg:066.Western_Gull -> 066.Western_Gull, 065.Slaty_backed_Gull/Slaty_Backed_Gull_0076_796005.jpg:065.Slaty_backed_Gull -> 066.Western_Gull, 066.Western_Gull/Western_Gull_0128_53852.jpg:066.Western_Gull -> 066.Western_Gull, 066.Western_Gull/Western_Gull_0042_53843.jpg:066.Western_Gull -> 066.Western_Gull, 066.Western_Gull/Western_Gull_0098_53925.jpg:066.Western_Gull -> 084.Red_legged_Kittiwake, 066.Western_Gull/Western_Gull_0011_53713.jpg:066.Western_Gull -> 062.Herring_Gull, 
083.White_breasted_Kingfisher/White_Breasted_Kingfisher_0087_73264.jpg:083.White_breasted_Kingfisher -> 067.Anna_Hummingbird, 067.Anna_Hummingbird/Anna_Hummingbird_0101_56459.jpg:067.Anna_Hummingbird -> 067.Anna_Hummingbird, 067.Anna_Hummingbird/Anna_Hummingbird_0101_56459.jpg:067.Anna_Hummingbird -> 067.Anna_Hummingbird, 067.Anna_Hummingbird/Anna_Hummingbird_0019_57025.jpg:067.Anna_Hummingbird -> 067.Anna_Hummingbird, 067.Anna_Hummingbird/Anna_Hummingbird_0085_56756.jpg:067.Anna_Hummingbird -> 068.Ruby_throated_Hummingbird, 067.Anna_Hummingbird/Anna_Hummingbird_0130_56122.jpg:067.Anna_Hummingbird -> 069.Rufous_Hummingbird, 
069.Rufous_Hummingbird/Rufous_Hummingbird_0123_58546.jpg:069.Rufous_Hummingbird -> 068.Ruby_throated_Hummingbird, 068.Ruby_throated_Hummingbird/Ruby_Throated_Hummingbird_0030_57422.jpg:068.Ruby_throated_Hummingbird -> 068.Ruby_throated_Hummingbird, 068.Ruby_throated_Hummingbird/Ruby_Throated_Hummingbird_0118_57536.jpg:068.Ruby_throated_Hummingbird -> 068.Ruby_throated_Hummingbird, 068.Ruby_throated_Hummingbird/Ruby_Throated_Hummingbird_0111_58141.jpg:068.Ruby_throated_Hummingbird -> 068.Ruby_throated_Hummingbird, 068.Ruby_throated_Hummingbird/Ruby_Throated_Hummingbird_0119_57575.jpg:068.Ruby_throated_Hummingbird -> 079.Belted_Kingfisher, 068.Ruby_throated_Hummingbird/Ruby_Throated_Hummingbird_0129_57666.jpg:068.Ruby_throated_Hummingbird -> 068.Ruby_throated_Hummingbird, 
069.Rufous_Hummingbird/Rufous_Hummingbird_0052_59581.jpg:069.Rufous_Hummingbird -> 069.Rufous_Hummingbird, 082.Ringed_Kingfisher/Ringed_Kingfisher_0018_72957.jpg:082.Ringed_Kingfisher -> 069.Rufous_Hummingbird, 079.Belted_Kingfisher/Belted_Kingfisher_0073_70326.jpg:079.Belted_Kingfisher -> 069.Rufous_Hummingbird, 069.Rufous_Hummingbird/Rufous_Hummingbird_0109_60021.jpg:069.Rufous_Hummingbird -> 069.Rufous_Hummingbird, 069.Rufous_Hummingbird/Rufous_Hummingbird_0109_60021.jpg:069.Rufous_Hummingbird -> 069.Rufous_Hummingbird, 069.Rufous_Hummingbird/Rufous_Hummingbird_0025_59461.jpg:069.Rufous_Hummingbird -> 069.Rufous_Hummingbird, 
070.Green_Violetear/Green_Violetear_0064_795661.jpg:070.Green_Violetear -> 070.Green_Violetear, 070.Green_Violetear/Green_Violetear_0067_795674.jpg:070.Green_Violetear -> 070.Green_Violetear, 070.Green_Violetear/Green_Violetear_0073_795680.jpg:070.Green_Violetear -> 070.Green_Violetear, 070.Green_Violetear/Green_Violetear_0022_60799.jpg:070.Green_Violetear -> 070.Green_Violetear, 070.Green_Violetear/Green_Violetear_0034_60792.jpg:070.Green_Violetear -> 070.Green_Violetear, 070.Green_Violetear/Green_Violetear_0114_60809.jpg:070.Green_Violetear -> 068.Ruby_throated_Hummingbird, 
097.Orchard_Oriole/Orchard_Oriole_0059_92046.jpg:097.Orchard_Oriole -> 071.Long_tailed_Jaeger, 093.Clark_Nutcracker/Clark_Nutcracker_0101_85656.jpg:093.Clark_Nutcracker -> 071.Long_tailed_Jaeger, 071.Long_tailed_Jaeger/Long_Tailed_Jaeger_0056_797092.jpg:071.Long_tailed_Jaeger -> 071.Long_tailed_Jaeger, 071.Long_tailed_Jaeger/Long_Tailed_Jaeger_0018_61081.jpg:071.Long_tailed_Jaeger -> 071.Long_tailed_Jaeger, 071.Long_tailed_Jaeger/Long_Tailed_Jaeger_0062_797104.jpg:071.Long_tailed_Jaeger -> 072.Pomarine_Jaeger, 071.Long_tailed_Jaeger/Long_Tailed_Jaeger_0035_797100.jpg:071.Long_tailed_Jaeger -> 071.Long_tailed_Jaeger, 
072.Pomarine_Jaeger/Pomarine_Jaeger_0055_795762.jpg:072.Pomarine_Jaeger -> 072.Pomarine_Jaeger, 072.Pomarine_Jaeger/Pomarine_Jaeger_0032_795789.jpg:072.Pomarine_Jaeger -> 072.Pomarine_Jaeger, 072.Pomarine_Jaeger/Pomarine_Jaeger_0059_61347.jpg:072.Pomarine_Jaeger -> 072.Pomarine_Jaeger, 072.Pomarine_Jaeger/Pomarine_Jaeger_0069_61381.jpg:072.Pomarine_Jaeger -> 061.Heermann_Gull, 072.Pomarine_Jaeger/Pomarine_Jaeger_0021_795776.jpg:072.Pomarine_Jaeger -> 071.Long_tailed_Jaeger, 072.Pomarine_Jaeger/Pomarine_Jaeger_0009_795740.jpg:072.Pomarine_Jaeger -> 065.Slaty_backed_Gull, 
074.Florida_Jay/Florida_Jay_0004_65042.jpg:074.Florida_Jay -> 073.Blue_Jay, 073.Blue_Jay/Blue_Jay_0099_64435.jpg:073.Blue_Jay -> 073.Blue_Jay, 074.Florida_Jay/Florida_Jay_0041_64734.jpg:074.Florida_Jay -> 073.Blue_Jay, 073.Blue_Jay/Blue_Jay_0029_62199.jpg:073.Blue_Jay -> 073.Blue_Jay, 073.Blue_Jay/Blue_Jay_0052_63148.jpg:073.Blue_Jay -> 073.Blue_Jay, 073.Blue_Jay/Blue_Jay_0089_61521.jpg:073.Blue_Jay -> 099.Ovenbird, 
091.Mockingbird/Mockingbird_0040_79680.jpg:091.Mockingbird -> 074.Florida_Jay, 074.Florida_Jay/Florida_Jay_0110_64605.jpg:074.Florida_Jay -> 074.Florida_Jay, 074.Florida_Jay/Florida_Jay_0111_64651.jpg:074.Florida_Jay -> 074.Florida_Jay, 074.Florida_Jay/Florida_Jay_0079_64713.jpg:074.Florida_Jay -> 073.Blue_Jay, 074.Florida_Jay/Florida_Jay_0100_64645.jpg:074.Florida_Jay -> 074.Florida_Jay, 074.Florida_Jay/Florida_Jay_0012_64887.jpg:074.Florida_Jay -> 074.Florida_Jay, 
075.Green_Jay/Green_Jay_0130_65885.jpg:075.Green_Jay -> 075.Green_Jay, 095.Baltimore_Oriole/Baltimore_Oriole_0020_87066.jpg:095.Baltimore_Oriole -> 075.Green_Jay, 075.Green_Jay/Green_Jay_0014_65825.jpg:075.Green_Jay -> 075.Green_Jay, 075.Green_Jay/Green_Jay_0036_65660.jpg:075.Green_Jay -> 075.Green_Jay, 075.Green_Jay/Green_Jay_0132_65886.jpg:075.Green_Jay -> 083.White_breasted_Kingfisher, 075.Green_Jay/Green_Jay_0023_65898.jpg:075.Green_Jay -> 075.Green_Jay, 
076.Dark_eyed_Junco/Dark_Eyed_Junco_0062_68198.jpg:076.Dark_eyed_Junco -> 076.Dark_eyed_Junco, 076.Dark_eyed_Junco/Dark_Eyed_Junco_0087_68102.jpg:076.Dark_eyed_Junco -> 076.Dark_eyed_Junco, 076.Dark_eyed_Junco/Dark_Eyed_Junco_0026_68061.jpg:076.Dark_eyed_Junco -> 076.Dark_eyed_Junco, 076.Dark_eyed_Junco/Dark_Eyed_Junco_0014_66258.jpg:076.Dark_eyed_Junco -> 076.Dark_eyed_Junco, 076.Dark_eyed_Junco/Dark_Eyed_Junco_0069_68416.jpg:076.Dark_eyed_Junco -> 085.Horned_Lark, 076.Dark_eyed_Junco/Dark_Eyed_Junco_0058_68784.jpg:076.Dark_eyed_Junco -> 076.Dark_eyed_Junco, 
077.Tropical_Kingbird/Tropical_Kingbird_0019_69643.jpg:077.Tropical_Kingbird -> 077.Tropical_Kingbird, 077.Tropical_Kingbird/Tropical_Kingbird_0103_69311.jpg:077.Tropical_Kingbird -> 077.Tropical_Kingbird, 077.Tropical_Kingbird/Tropical_Kingbird_0045_69605.jpg:077.Tropical_Kingbird -> 077.Tropical_Kingbird, 077.Tropical_Kingbird/Tropical_Kingbird_0084_69312.jpg:077.Tropical_Kingbird -> 077.Tropical_Kingbird, 077.Tropical_Kingbird/Tropical_Kingbird_0040_69728.jpg:077.Tropical_Kingbird -> 077.Tropical_Kingbird, 077.Tropical_Kingbird/Tropical_Kingbird_0038_69455.jpg:077.Tropical_Kingbird -> 077.Tropical_Kingbird, 
077.Tropical_Kingbird/Tropical_Kingbird_0004_69659.jpg:077.Tropical_Kingbird -> 078.Gray_Kingbird, 094.White_breasted_Nuthatch/White_Breasted_Nuthatch_0064_86324.jpg:094.White_breasted_Nuthatch -> 078.Gray_Kingbird, 078.Gray_Kingbird/Gray_Kingbird_0017_70161.jpg:078.Gray_Kingbird -> 078.Gray_Kingbird, 078.Gray_Kingbird/Gray_Kingbird_0043_795032.jpg:078.Gray_Kingbird -> 078.Gray_Kingbird, 078.Gray_Kingbird/Gray_Kingbird_0071_70100.jpg:078.Gray_Kingbird -> 079.Belted_Kingfisher, 078.Gray_Kingbird/Gray_Kingbird_0028_70303.jpg:078.Gray_Kingbird -> 078.Gray_Kingbird, 
080.Green_Kingfisher/Green_Kingfisher_0043_71212.jpg:080.Green_Kingfisher -> 079.Belted_Kingfisher, 079.Belted_Kingfisher/Belted_Kingfisher_0035_70644.jpg:079.Belted_Kingfisher -> 079.Belted_Kingfisher, 079.Belted_Kingfisher/Belted_Kingfisher_0024_70538.jpg:079.Belted_Kingfisher -> 079.Belted_Kingfisher, 079.Belted_Kingfisher/Belted_Kingfisher_0078_70366.jpg:079.Belted_Kingfisher -> 079.Belted_Kingfisher, 079.Belted_Kingfisher/Belted_Kingfisher_0073_70326.jpg:079.Belted_Kingfisher -> 069.Rufous_Hummingbird, 079.Belted_Kingfisher/Belted_Kingfisher_0055_70517.jpg:079.Belted_Kingfisher -> 079.Belted_Kingfisher, 
079.Belted_Kingfisher/Belted_Kingfisher_0084_70399.jpg:079.Belted_Kingfisher -> 080.Green_Kingfisher, 083.White_breasted_Kingfisher/White_Breasted_Kingfisher_0096_73552.jpg:083.White_breasted_Kingfisher -> 080.Green_Kingfisher, 076.Dark_eyed_Junco/Dark_Eyed_Junco_0124_67664.jpg:076.Dark_eyed_Junco -> 080.Green_Kingfisher, 080.Green_Kingfisher/Green_Kingfisher_0088_71122.jpg:080.Green_Kingfisher -> 083.White_breasted_Kingfisher, 080.Green_Kingfisher/Green_Kingfisher_0062_70985.jpg:080.Green_Kingfisher -> 083.White_breasted_Kingfisher, 080.Green_Kingfisher/Green_Kingfisher_0079_71267.jpg:080.Green_Kingfisher -> 099.Ovenbird, 
081.Pied_Kingfisher/Pied_Kingfisher_0046_72156.jpg:081.Pied_Kingfisher -> 081.Pied_Kingfisher, 081.Pied_Kingfisher/Pied_Kingfisher_0121_72378.jpg:081.Pied_Kingfisher -> 081.Pied_Kingfisher, 093.Clark_Nutcracker/Clark_Nutcracker_0011_85698.jpg:093.Clark_Nutcracker -> 081.Pied_Kingfisher, 081.Pied_Kingfisher/Pied_Kingfisher_0046_72156.jpg:081.Pied_Kingfisher -> 081.Pied_Kingfisher, 081.Pied_Kingfisher/Pied_Kingfisher_0007_72438.jpg:081.Pied_Kingfisher -> 081.Pied_Kingfisher, 081.Pied_Kingfisher/Pied_Kingfisher_0061_72193.jpg:081.Pied_Kingfisher -> 082.Ringed_Kingfisher, 
080.Green_Kingfisher/Green_Kingfisher_0063_71345.jpg:080.Green_Kingfisher -> 082.Ringed_Kingfisher, 080.Green_Kingfisher/Green_Kingfisher_0032_71050.jpg:080.Green_Kingfisher -> 082.Ringed_Kingfisher, 082.Ringed_Kingfisher/Ringed_Kingfisher_0005_73086.jpg:082.Ringed_Kingfisher -> 082.Ringed_Kingfisher, 082.Ringed_Kingfisher/Ringed_Kingfisher_0001_73048.jpg:082.Ringed_Kingfisher -> 080.Green_Kingfisher, 082.Ringed_Kingfisher/Ringed_Kingfisher_0001_73048.jpg:082.Ringed_Kingfisher -> 080.Green_Kingfisher, 082.Ringed_Kingfisher/Ringed_Kingfisher_0035_73012.jpg:082.Ringed_Kingfisher -> 082.Ringed_Kingfisher, 
067.Anna_Hummingbird/Anna_Hummingbird_0050_56794.jpg:067.Anna_Hummingbird -> 083.White_breasted_Kingfisher, 083.White_breasted_Kingfisher/White_Breasted_Kingfisher_0029_73233.jpg:083.White_breasted_Kingfisher -> 083.White_breasted_Kingfisher, 075.Green_Jay/Green_Jay_0104_65908.jpg:075.Green_Jay -> 083.White_breasted_Kingfisher, 083.White_breasted_Kingfisher/White_Breasted_Kingfisher_0048_73292.jpg:083.White_breasted_Kingfisher -> 099.Ovenbird, 083.White_breasted_Kingfisher/White_Breasted_Kingfisher_0103_73316.jpg:083.White_breasted_Kingfisher -> 079.Belted_Kingfisher, 083.White_breasted_Kingfisher/White_Breasted_Kingfisher_0026_73201.jpg:083.White_breasted_Kingfisher -> 083.White_breasted_Kingfisher, 
062.Herring_Gull/Herring_Gull_0103_45996.jpg:062.Herring_Gull -> 084.Red_legged_Kittiwake, 084.Red_legged_Kittiwake/Red_Legged_Kittiwake_0016_795460.jpg:084.Red_legged_Kittiwake -> 084.Red_legged_Kittiwake, 084.Red_legged_Kittiwake/Red_Legged_Kittiwake_0072_795438.jpg:084.Red_legged_Kittiwake -> 084.Red_legged_Kittiwake, 084.Red_legged_Kittiwake/Red_Legged_Kittiwake_0051_795404.jpg:084.Red_legged_Kittiwake -> 084.Red_legged_Kittiwake, 084.Red_legged_Kittiwake/Red_Legged_Kittiwake_0069_795435.jpg:084.Red_legged_Kittiwake -> 066.Western_Gull, 084.Red_legged_Kittiwake/Red_Legged_Kittiwake_0044_795388.jpg:084.Red_legged_Kittiwake -> 061.Heermann_Gull, 
085.Horned_Lark/Horned_Lark_0134_74689.jpg:085.Horned_Lark -> 085.Horned_Lark, 088.Western_Meadowlark/Western_Meadowlark_0121_78402.jpg:088.Western_Meadowlark -> 085.Horned_Lark, 085.Horned_Lark/Horned_Lark_0138_74083.jpg:085.Horned_Lark -> 085.Horned_Lark, 085.Horned_Lark/Horned_Lark_0089_74386.jpg:085.Horned_Lark -> 085.Horned_Lark, 085.Horned_Lark/Horned_Lark_0082_73833.jpg:085.Horned_Lark -> 085.Horned_Lark, 085.Horned_Lark/Horned_Lark_0067_75266.jpg:085.Horned_Lark -> 061.Heermann_Gull, 
100.Brown_Pelican/Brown_Pelican_0077_93464.jpg:100.Brown_Pelican -> 086.Pacific_Loon, 100.Brown_Pelican/Brown_Pelican_0056_95229.jpg:100.Brown_Pelican -> 086.Pacific_Loon, 086.Pacific_Loon/Pacific_Loon_0002_75775.jpg:086.Pacific_Loon -> 086.Pacific_Loon, 086.Pacific_Loon/Pacific_Loon_0014_75468.jpg:086.Pacific_Loon -> 086.Pacific_Loon, 086.Pacific_Loon/Pacific_Loon_0046_75439.jpg:086.Pacific_Loon -> 086.Pacific_Loon, 086.Pacific_Loon/Pacific_Loon_0008_75428.jpg:086.Pacific_Loon -> 086.Pacific_Loon, 
087.Mallard/Mallard_0083_77052.jpg:087.Mallard -> 087.Mallard, 087.Mallard/Mallard_0095_76080.jpg:087.Mallard -> 087.Mallard, 087.Mallard/Mallard_0033_76565.jpg:087.Mallard -> 087.Mallard, 087.Mallard/Mallard_0044_76317.jpg:087.Mallard -> 087.Mallard, 087.Mallard/Mallard_0119_76925.jpg:087.Mallard -> 087.Mallard, 087.Mallard/Mallard_0022_77166.jpg:087.Mallard -> 089.Hooded_Merganser, 
092.Nighthawk/Nighthawk_0028_82636.jpg:092.Nighthawk -> 088.Western_Meadowlark, 088.Western_Meadowlark/Western_Meadowlark_0037_77759.jpg:088.Western_Meadowlark -> 088.Western_Meadowlark, 088.Western_Meadowlark/Western_Meadowlark_0099_78176.jpg:088.Western_Meadowlark -> 088.Western_Meadowlark, 088.Western_Meadowlark/Western_Meadowlark_0112_78760.jpg:088.Western_Meadowlark -> 095.Baltimore_Oriole, 088.Western_Meadowlark/Western_Meadowlark_0060_78368.jpg:088.Western_Meadowlark -> 088.Western_Meadowlark, 088.Western_Meadowlark/Western_Meadowlark_0083_78197.jpg:088.Western_Meadowlark -> 085.Horned_Lark, 
087.Mallard/Mallard_0014_76166.jpg:087.Mallard -> 089.Hooded_Merganser, 089.Hooded_Merganser/Hooded_Merganser_0079_796768.jpg:089.Hooded_Merganser -> 089.Hooded_Merganser, 089.Hooded_Merganser/Hooded_Merganser_0002_796781.jpg:089.Hooded_Merganser -> 089.Hooded_Merganser, 089.Hooded_Merganser/Hooded_Merganser_0053_796728.jpg:089.Hooded_Merganser -> 090.Red_breasted_Merganser, 089.Hooded_Merganser/Hooded_Merganser_0068_79057.jpg:089.Hooded_Merganser -> 089.Hooded_Merganser, 089.Hooded_Merganser/Hooded_Merganser_0007_79157.jpg:089.Hooded_Merganser -> 089.Hooded_Merganser, 
089.Hooded_Merganser/Hooded_Merganser_0053_796728.jpg:089.Hooded_Merganser -> 090.Red_breasted_Merganser, 090.Red_breasted_Merganser/Red_Breasted_Merganser_0017_79224.jpg:090.Red_breasted_Merganser -> 090.Red_breasted_Merganser, 089.Hooded_Merganser/Hooded_Merganser_0058_796770.jpg:089.Hooded_Merganser -> 090.Red_breasted_Merganser, 090.Red_breasted_Merganser/Red_Breasted_Merganser_0074_79497.jpg:090.Red_breasted_Merganser -> 090.Red_breasted_Merganser, 090.Red_breasted_Merganser/Red_Breasted_Merganser_0049_79432.jpg:090.Red_breasted_Merganser -> 090.Red_breasted_Merganser, 090.Red_breasted_Merganser/Red_Breasted_Merganser_0027_79284.jpg:090.Red_breasted_Merganser -> 086.Pacific_Loon, 
091.Mockingbird/Mockingbird_0018_81183.jpg:091.Mockingbird -> 091.Mockingbird, 091.Mockingbird/Mockingbird_0030_79876.jpg:091.Mockingbird -> 091.Mockingbird, 098.Scott_Oriole/Scott_Oriole_0044_92262.jpg:098.Scott_Oriole -> 091.Mockingbird, 091.Mockingbird/Mockingbird_0086_81868.jpg:091.Mockingbird -> 078.Gray_Kingbird, 091.Mockingbird/Mockingbird_0042_81728.jpg:091.Mockingbird -> 078.Gray_Kingbird, 091.Mockingbird/Mockingbird_0018_81183.jpg:091.Mockingbird -> 091.Mockingbird, 
092.Nighthawk/Nighthawk_0007_83419.jpg:092.Nighthawk -> 092.Nighthawk, 092.Nighthawk/Nighthawk_0061_82509.jpg:092.Nighthawk -> 092.Nighthawk, 092.Nighthawk/Nighthawk_0064_82196.jpg:092.Nighthawk -> 092.Nighthawk, 092.Nighthawk/Nighthawk_0054_795337.jpg:092.Nighthawk -> 092.Nighthawk, 092.Nighthawk/Nighthawk_0061_82509.jpg:092.Nighthawk -> 092.Nighthawk, 092.Nighthawk/Nighthawk_0031_83636.jpg:092.Nighthawk -> 088.Western_Meadowlark, 
093.Clark_Nutcracker/Clark_Nutcracker_0106_84856.jpg:093.Clark_Nutcracker -> 093.Clark_Nutcracker, 093.Clark_Nutcracker/Clark_Nutcracker_0124_85128.jpg:093.Clark_Nutcracker -> 093.Clark_Nutcracker, 081.Pied_Kingfisher/Pied_Kingfisher_0027_71434.jpg:081.Pied_Kingfisher -> 093.Clark_Nutcracker, 093.Clark_Nutcracker/Clark_Nutcracker_0089_85004.jpg:093.Clark_Nutcracker -> 093.Clark_Nutcracker, 093.Clark_Nutcracker/Clark_Nutcracker_0014_85386.jpg:093.Clark_Nutcracker -> 093.Clark_Nutcracker, 093.Clark_Nutcracker/Clark_Nutcracker_0066_85390.jpg:093.Clark_Nutcracker -> 081.Pied_Kingfisher, 
094.White_breasted_Nuthatch/White_Breasted_Nuthatch_0101_86708.jpg:094.White_breasted_Nuthatch -> 094.White_breasted_Nuthatch, 078.Gray_Kingbird/Gray_Kingbird_0038_70118.jpg:078.Gray_Kingbird -> 094.White_breasted_Nuthatch, 094.White_breasted_Nuthatch/White_Breasted_Nuthatch_0024_86200.jpg:094.White_breasted_Nuthatch -> 094.White_breasted_Nuthatch, 094.White_breasted_Nuthatch/White_Breasted_Nuthatch_0131_86416.jpg:094.White_breasted_Nuthatch -> 082.Ringed_Kingfisher, 094.White_breasted_Nuthatch/White_Breasted_Nuthatch_0050_85815.jpg:094.White_breasted_Nuthatch -> 094.White_breasted_Nuthatch, 094.White_breasted_Nuthatch/White_Breasted_Nuthatch_0111_86621.jpg:094.White_breasted_Nuthatch -> 094.White_breasted_Nuthatch, 
095.Baltimore_Oriole/Baltimore_Oriole_0127_87560.jpg:095.Baltimore_Oriole -> 095.Baltimore_Oriole, 095.Baltimore_Oriole/Baltimore_Oriole_0042_87216.jpg:095.Baltimore_Oriole -> 095.Baltimore_Oriole, 096.Hooded_Oriole/Hooded_Oriole_0053_90898.jpg:096.Hooded_Oriole -> 095.Baltimore_Oriole, 095.Baltimore_Oriole/Baltimore_Oriole_0069_87839.jpg:095.Baltimore_Oriole -> 095.Baltimore_Oriole, 095.Baltimore_Oriole/Baltimore_Oriole_0100_89908.jpg:095.Baltimore_Oriole -> 095.Baltimore_Oriole, 095.Baltimore_Oriole/Baltimore_Oriole_0083_89712.jpg:095.Baltimore_Oriole -> 083.White_breasted_Kingfisher, 
095.Baltimore_Oriole/Baltimore_Oriole_0071_89611.jpg:095.Baltimore_Oriole -> 096.Hooded_Oriole, 099.Ovenbird/Ovenbird_0032_93199.jpg:099.Ovenbird -> 096.Hooded_Oriole, 099.Ovenbird/Ovenbird_0054_92594.jpg:099.Ovenbird -> 096.Hooded_Oriole, 096.Hooded_Oriole/Hooded_Oriole_0006_90685.jpg:096.Hooded_Oriole -> 095.Baltimore_Oriole, 096.Hooded_Oriole/Hooded_Oriole_0035_90331.jpg:096.Hooded_Oriole -> 096.Hooded_Oriole, 096.Hooded_Oriole/Hooded_Oriole_0035_90331.jpg:096.Hooded_Oriole -> 096.Hooded_Oriole, 
097.Orchard_Oriole/Orchard_Oriole_0080_91417.jpg:097.Orchard_Oriole -> 097.Orchard_Oriole, 080.Green_Kingfisher/Green_Kingfisher_0059_71119.jpg:080.Green_Kingfisher -> 097.Orchard_Oriole, 095.Baltimore_Oriole/Baltimore_Oriole_0024_89720.jpg:095.Baltimore_Oriole -> 097.Orchard_Oriole, 097.Orchard_Oriole/Orchard_Oriole_0093_92020.jpg:097.Orchard_Oriole -> 097.Orchard_Oriole, 097.Orchard_Oriole/Orchard_Oriole_0093_92020.jpg:097.Orchard_Oriole -> 097.Orchard_Oriole, 097.Orchard_Oriole/Orchard_Oriole_0116_91645.jpg:097.Orchard_Oriole -> 083.White_breasted_Kingfisher, 
098.Scott_Oriole/Scott_Oriole_0065_795819.jpg:098.Scott_Oriole -> 098.Scott_Oriole, 098.Scott_Oriole/Scott_Oriole_0042_795844.jpg:098.Scott_Oriole -> 098.Scott_Oriole, 098.Scott_Oriole/Scott_Oriole_0016_92398.jpg:098.Scott_Oriole -> 098.Scott_Oriole, 098.Scott_Oriole/Scott_Oriole_0034_795813.jpg:098.Scott_Oriole -> 095.Baltimore_Oriole, 098.Scott_Oriole/Scott_Oriole_0025_92207.jpg:098.Scott_Oriole -> 080.Green_Kingfisher, 098.Scott_Oriole/Scott_Oriole_0030_795830.jpg:098.Scott_Oriole -> 077.Tropical_Kingbird, 
099.Ovenbird/Ovenbird_0023_92534.jpg:099.Ovenbird -> 099.Ovenbird, 099.Ovenbird/Ovenbird_0118_93002.jpg:099.Ovenbird -> 099.Ovenbird, 099.Ovenbird/Ovenbird_0136_92859.jpg:099.Ovenbird -> 099.Ovenbird, 099.Ovenbird/Ovenbird_0096_93131.jpg:099.Ovenbird -> 099.Ovenbird, 099.Ovenbird/Ovenbird_0033_93232.jpg:099.Ovenbird -> 096.Hooded_Oriole, 099.Ovenbird/Ovenbird_0033_93232.jpg:099.Ovenbird -> 096.Hooded_Oriole, 
100.Brown_Pelican/Brown_Pelican_0081_94085.jpg:100.Brown_Pelican -> 100.Brown_Pelican, 100.Brown_Pelican/Brown_Pelican_0003_94427.jpg:100.Brown_Pelican -> 100.Brown_Pelican, 100.Brown_Pelican/Brown_Pelican_0080_93439.jpg:100.Brown_Pelican -> 100.Brown_Pelican, 100.Brown_Pelican/Brown_Pelican_0085_95053.jpg:100.Brown_Pelican -> 100.Brown_Pelican, 100.Brown_Pelican/Brown_Pelican_0122_94022.jpg:100.Brown_Pelican -> 100.Brown_Pelican, 100.Brown_Pelican/Brown_Pelican_0011_94683.jpg:100.Brown_Pelican -> 100.Brown_Pelican, 
