066.Western_Gull/Western_Gull_0006_53504.jpg:066.Western_Gull -> 061.Heermann_Gull, 066.Western_Gull/Western_Gull_0029_54143.jpg:066.Western_Gull -> 061.Heermann_Gull, 066.Western_Gull/Western_Gull_0128_53852.jpg:066.Western_Gull -> 061.Heermann_Gull, 061.Heermann_Gull/Heermann_Gull_0098_45753.jpg:061.Heermann_Gull -> 061.Heermann_Gull, 061.Heermann_Gull/Heermann_Gull_0111_45652.jpg:061.Heermann_Gull -> 061.Heermann_Gull, 061.Heermann_Gull/Heermann_Gull_0118_45626.jpg:061.Heermann_Gull -> 066.Western_Gull, 
062.Herring_Gull/Herring_Gull_0039_46420.jpg:062.Herring_Gull -> 066.Western_Gull, 062.Herring_Gull/Herring_Gull_0065_48098.jpg:062.Herring_Gull -> 071.Long_tailed_Jaeger, 062.Herring_Gull/Herring_Gull_0055_47994.jpg:062.Herring_Gull -> 066.Western_Gull, 062.Herring_Gull/Herring_Gull_0103_45996.jpg:062.Herring_Gull -> 066.Western_Gull, 062.Herring_Gull/Herring_Gull_0071_48751.jpg:062.Herring_Gull -> 066.Western_Gull, 062.Herring_Gull/Herring_Gull_0070_46615.jpg:062.Herring_Gull -> 066.Western_Gull, 
065.Slaty_backed_Gull/Slaty_Backed_Gull_0071_796037.jpg:065.Slaty_backed_Gull -> 063.Ivory_Gull, 063.Ivory_Gull/Ivory_Gull_0087_49202.jpg:063.Ivory_Gull -> 063.Ivory_Gull, 064.Ring_billed_Gull/Ring_Billed_Gull_0125_51307.jpg:064.Ring_billed_Gull -> 063.Ivory_Gull, 063.Ivory_Gull/Ivory_Gull_0105_49559.jpg:063.Ivory_Gull -> 066.Western_Gull, 063.Ivory_Gull/Ivory_Gull_0032_49322.jpg:063.Ivory_Gull -> 063.Ivory_Gull, 063.Ivory_Gull/Ivory_Gull_0092_49996.jpg:063.Ivory_Gull -> 063.Ivory_Gull, 
064.Ring_billed_Gull/Ring_Billed_Gull_0108_51108.jpg:064.Ring_billed_Gull -> 066.Western_Gull, 064.Ring_billed_Gull/Ring_Billed_Gull_0033_51288.jpg:064.Ring_billed_Gull -> 063.Ivory_Gull, 064.Ring_billed_Gull/Ring_Billed_Gull_0107_51306.jpg:064.Ring_billed_Gull -> 084.Red_legged_Kittiwake, 064.Ring_billed_Gull/Ring_Billed_Gull_0105_51513.jpg:064.Ring_billed_Gull -> 084.Red_legged_Kittiwake, 064.Ring_billed_Gull/Ring_Billed_Gull_0098_51410.jpg:064.Ring_billed_Gull -> 084.Red_legged_Kittiwake, 064.Ring_billed_Gull/Ring_Billed_Gull_0045_50215.jpg:064.Ring_billed_Gull -> 084.Red_legged_Kittiwake, 
065.Slaty_backed_Gull/Slaty_Backed_Gull_0072_53314.jpg:065.Slaty_backed_Gull -> 061.Heermann_Gull, 065.Slaty_backed_Gull/Slaty_Backed_Gull_0032_796046.jpg:065.Slaty_backed_Gull -> 063.Ivory_Gull, 065.Slaty_backed_Gull/Slaty_Backed_Gull_0079_796020.jpg:065.Slaty_backed_Gull -> 072.Pomarine_Jaeger, 065.Slaty_backed_Gull/Slaty_Backed_Gull_0068_53206.jpg:065.Slaty_backed_Gull -> 066.Western_Gull, 065.Slaty_backed_Gull/Slaty_Backed_Gull_0077_796017.jpg:065.Slaty_backed_Gull -> 061.Heermann_Gull, 065.Slaty_backed_Gull/Slaty_Backed_Gull_0006_796014.jpg:065.Slaty_backed_Gull -> 072.Pomarine_Jaeger, 
066.Western_Gull/Western_Gull_0021_54649.jpg:066.Western_Gull -> 066.Western_Gull, 061.Heermann_Gull/Heermann_Gull_0109_45619.jpg:061.Heermann_Gull -> 066.Western_Gull, 084.Red_legged_Kittiwake/Red_Legged_Kittiwake_0040_795455.jpg:084.Red_legged_Kittiwake -> 066.Western_Gull, 066.Western_Gull/Western_Gull_0050_54425.jpg:066.Western_Gull -> 100.Brown_Pelican, 066.Western_Gull/Western_Gull_0021_54649.jpg:066.Western_Gull -> 066.Western_Gull, 066.Western_Gull/Western_Gull_0065_55728.jpg:066.Western_Gull -> 061.Heermann_Gull, 
067.Anna_Hummingbird/Anna_Hummingbird_0102_56087.jpg:067.Anna_Hummingbird -> 068.Ruby_throated_Hummingbird, 067.Anna_Hummingbird/Anna_Hummingbird_0019_57025.jpg:067.Anna_Hummingbird -> 080.Green_Kingfisher, 067.Anna_Hummingbird/Anna_Hummingbird_0054_56419.jpg:067.Anna_Hummingbird -> 069.Rufous_Hummingbird, 067.Anna_Hummingbird/Anna_Hummingbird_0085_56756.jpg:067.Anna_Hummingbird -> 068.Ruby_throated_Hummingbird, 067.Anna_Hummingbird/Anna_Hummingbird_0006_55871.jpg:067.Anna_Hummingbird -> 081.Pied_Kingfisher, 067.Anna_Hummingbird/Anna_Hummingbird_0121_56436.jpg:067.Anna_Hummingbird -> 080.Green_Kingfisher, 
068.Ruby_throated_Hummingbird/Ruby_Throated_Hummingbird_0126_57371.jpg:068.Ruby_throated_Hummingbird -> 068.Ruby_throated_Hummingbird, 067.Anna_Hummingbird/Anna_Hummingbird_0017_56954.jpg:067.Anna_Hummingbird -> 068.Ruby_throated_Hummingbird, 068.Ruby_throated_Hummingbird/Ruby_Throated_Hummingbird_0078_57208.jpg:068.Ruby_throated_Hummingbird -> 068.Ruby_throated_Hummingbird, 068.Ruby_throated_Hummingbird/Ruby_Throated_Hummingbird_0078_57208.jpg:068.Ruby_throated_Hummingbird -> 068.Ruby_throated_Hummingbird, 068.Ruby_throated_Hummingbird/Ruby_Throated_Hummingbird_0131_57813.jpg:068.Ruby_throated_Hummingbird -> 069.Rufous_Hummingbird, 068.Ruby_throated_Hummingbird/Ruby_Throated_Hummingbird_0098_57514.jpg:068.Ruby_throated_Hummingbird -> 068.Ruby_throated_Hummingbird, 
069.Rufous_Hummingbird/Rufous_Hummingbird_0081_59592.jpg:069.Rufous_Hummingbird -> 069.Rufous_Hummingbird, 069.Rufous_Hummingbird/Rufous_Hummingbird_0055_59935.jpg:069.Rufous_Hummingbird -> 069.Rufous_Hummingbird, 070.Green_Violetear/Green_Violetear_0050_795633.jpg:070.Green_Violetear -> 069.Rufous_Hummingbird, 069.Rufous_Hummingbird/Rufous_Hummingbird_0119_59681.jpg:069.Rufous_Hummingbird -> 068.Ruby_throated_Hummingbird, 069.Rufous_Hummingbird/Rufous_Hummingbird_0090_58598.jpg:069.Rufous_Hummingbird -> 069.Rufous_Hummingbird, 069.Rufous_Hummingbird/Rufous_Hummingbird_0102_59414.jpg:069.Rufous_Hummingbird -> 069.Rufous_Hummingbird, 
070.Green_Violetear/Green_Violetear_0002_795699.jpg:070.Green_Violetear -> 070.Green_Violetear, 070.Green_Violetear/Green_Violetear_0067_795674.jpg:070.Green_Violetear -> 070.Green_Violetear, 070.Green_Violetear/Green_Violetear_0112_795713.jpg:070.Green_Violetear -> 070.Green_Violetear, 070.Green_Violetear/Green_Violetear_0081_795638.jpg:070.Green_Violetear -> 070.Green_Violetear, 070.Green_Violetear/Green_Violetear_0055_795712.jpg:070.Green_Violetear -> 070.Green_Violetear, 070.Green_Violetear/Green_Violetear_0021_795632.jpg:070.Green_Violetear -> 070.Green_Violetear, 
071.Long_tailed_Jaeger/Long_Tailed_Jaeger_0018_61081.jpg:071.Long_tailed_Jaeger -> 071.Long_tailed_Jaeger, 064.Ring_billed_Gull/Ring_Billed_Gull_0038_51275.jpg:064.Ring_billed_Gull -> 071.Long_tailed_Jaeger, 072.Pomarine_Jaeger/Pomarine_Jaeger_0021_795776.jpg:072.Pomarine_Jaeger -> 071.Long_tailed_Jaeger, 071.Long_tailed_Jaeger/Long_Tailed_Jaeger_0044_60968.jpg:071.Long_tailed_Jaeger -> 100.Brown_Pelican, 071.Long_tailed_Jaeger/Long_Tailed_Jaeger_0029_61101.jpg:071.Long_tailed_Jaeger -> 072.Pomarine_Jaeger, 071.Long_tailed_Jaeger/Long_Tailed_Jaeger_0008_797066.jpg:071.Long_tailed_Jaeger -> 071.Long_tailed_Jaeger, 
100.Brown_Pelican/Brown_Pelican_0097_93767.jpg:100.Brown_Pelican -> 072.Pomarine_Jaeger, 100.Brown_Pelican/Brown_Pelican_0017_94383.jpg:100.Brown_Pelican -> 072.Pomarine_Jaeger, 072.Pomarine_Jaeger/Pomarine_Jaeger_0059_61347.jpg:072.Pomarine_Jaeger -> 072.Pomarine_Jaeger, 072.Pomarine_Jaeger/Pomarine_Jaeger_0054_795791.jpg:072.Pomarine_Jaeger -> 100.Brown_Pelican, 072.Pomarine_Jaeger/Pomarine_Jaeger_0001_795772.jpg:072.Pomarine_Jaeger -> 072.Pomarine_Jaeger, 072.Pomarine_Jaeger/Pomarine_Jaeger_0029_61365.jpg:072.Pomarine_Jaeger -> 072.Pomarine_Jaeger, 
073.Blue_Jay/Blue_Jay_0076_61817.jpg:073.Blue_Jay -> 074.Florida_Jay, 073.Blue_Jay/Blue_Jay_0017_62854.jpg:073.Blue_Jay -> 074.Florida_Jay, 073.Blue_Jay/Blue_Jay_0042_61545.jpg:073.Blue_Jay -> 074.Florida_Jay, 073.Blue_Jay/Blue_Jay_0072_62944.jpg:073.Blue_Jay -> 074.Florida_Jay, 073.Blue_Jay/Blue_Jay_0044_62759.jpg:073.Blue_Jay -> 074.Florida_Jay, 073.Blue_Jay/Blue_Jay_0009_62873.jpg:073.Blue_Jay -> 074.Florida_Jay, 
074.Florida_Jay/Florida_Jay_0004_65042.jpg:074.Florida_Jay -> 074.Florida_Jay, 074.Florida_Jay/Florida_Jay_0080_64505.jpg:074.Florida_Jay -> 074.Florida_Jay, 074.Florida_Jay/Florida_Jay_0013_64706.jpg:074.Florida_Jay -> 074.Florida_Jay, 074.Florida_Jay/Florida_Jay_0058_64997.jpg:074.Florida_Jay -> 074.Florida_Jay, 074.Florida_Jay/Florida_Jay_0066_65018.jpg:074.Florida_Jay -> 074.Florida_Jay, 074.Florida_Jay/Florida_Jay_0004_65042.jpg:074.Florida_Jay -> 074.Florida_Jay, 
075.Green_Jay/Green_Jay_0114_65841.jpg:075.Green_Jay -> 075.Green_Jay, 075.Green_Jay/Green_Jay_0023_65898.jpg:075.Green_Jay -> 075.Green_Jay, 083.White_breasted_Kingfisher/White_Breasted_Kingfisher_0123_73211.jpg:083.White_breasted_Kingfisher -> 075.Green_Jay, 075.Green_Jay/Green_Jay_0030_65824.jpg:075.Green_Jay -> 080.Green_Kingfisher, 075.Green_Jay/Green_Jay_0075_65701.jpg:075.Green_Jay -> 075.Green_Jay, 075.Green_Jay/Green_Jay_0115_65745.jpg:075.Green_Jay -> 096.Hooded_Oriole, 
076.Dark_eyed_Junco/Dark_Eyed_Junco_0011_66280.jpg:076.Dark_eyed_Junco -> 076.Dark_eyed_Junco, 076.Dark_eyed_Junco/Dark_Eyed_Junco_0088_66722.jpg:076.Dark_eyed_Junco -> 076.Dark_eyed_Junco, 076.Dark_eyed_Junco/Dark_Eyed_Junco_0132_66476.jpg:076.Dark_eyed_Junco -> 076.Dark_eyed_Junco, 076.Dark_eyed_Junco/Dark_Eyed_Junco_0086_66437.jpg:076.Dark_eyed_Junco -> 079.Belted_Kingfisher, 076.Dark_eyed_Junco/Dark_Eyed_Junco_0010_66649.jpg:076.Dark_eyed_Junco -> 091.Mockingbird, 076.Dark_eyed_Junco/Dark_Eyed_Junco_0015_66576.jpg:076.Dark_eyed_Junco -> 076.Dark_eyed_Junco, 
077.Tropical_Kingbird/Tropical_Kingbird_0085_69737.jpg:077.Tropical_Kingbird -> 077.Tropical_Kingbird, 097.Orchard_Oriole/Orchard_Oriole_0032_91201.jpg:097.Orchard_Oriole -> 077.Tropical_Kingbird, 074.Florida_Jay/Florida_Jay_0085_65129.jpg:074.Florida_Jay -> 077.Tropical_Kingbird, 077.Tropical_Kingbird/Tropical_Kingbird_0085_69737.jpg:077.Tropical_Kingbird -> 077.Tropical_Kingbird, 077.Tropical_Kingbird/Tropical_Kingbird_0034_69242.jpg:077.Tropical_Kingbird -> 077.Tropical_Kingbird, 077.Tropical_Kingbird/Tropical_Kingbird_0002_69595.jpg:077.Tropical_Kingbird -> 097.Orchard_Oriole, 
078.Gray_Kingbird/Gray_Kingbird_0003_70305.jpg:078.Gray_Kingbird -> 078.Gray_Kingbird, 078.Gray_Kingbird/Gray_Kingbird_0032_70111.jpg:078.Gray_Kingbird -> 078.Gray_Kingbird, 082.Ringed_Kingfisher/Ringed_Kingfisher_0016_73029.jpg:082.Ringed_Kingfisher -> 078.Gray_Kingbird, 078.Gray_Kingbird/Gray_Kingbird_0018_70241.jpg:078.Gray_Kingbird -> 091.Mockingbird, 078.Gray_Kingbird/Gray_Kingbird_0060_795021.jpg:078.Gray_Kingbird -> 081.Pied_Kingfisher, 078.Gray_Kingbird/Gray_Kingbird_0026_70089.jpg:078.Gray_Kingbird -> 078.Gray_Kingbird, 
091.Mockingbird/Mockingbird_0108_81908.jpg:091.Mockingbird -> 079.Belted_Kingfisher, 074.Florida_Jay/Florida_Jay_0007_64708.jpg:074.Florida_Jay -> 079.Belted_Kingfisher, 077.Tropical_Kingbird/Tropical_Kingbird_0022_69742.jpg:077.Tropical_Kingbird -> 079.Belted_Kingfisher, 079.Belted_Kingfisher/Belted_Kingfisher_0053_70899.jpg:079.Belted_Kingfisher -> 081.Pied_Kingfisher, 079.Belted_Kingfisher/Belted_Kingfisher_0012_70325.jpg:079.Belted_Kingfisher -> 081.Pied_Kingfisher, 079.Belted_Kingfisher/Belted_Kingfisher_0034_70329.jpg:079.Belted_Kingfisher -> 079.Belted_Kingfisher, 
080.Green_Kingfisher/Green_Kingfisher_0092_71106.jpg:080.Green_Kingfisher -> 080.Green_Kingfisher, 082.Ringed_Kingfisher/Ringed_Kingfisher_0018_72957.jpg:082.Ringed_Kingfisher -> 080.Green_Kingfisher, 082.Ringed_Kingfisher/Ringed_Kingfisher_0103_72894.jpg:082.Ringed_Kingfisher -> 080.Green_Kingfisher, 080.Green_Kingfisher/Green_Kingfisher_0097_71102.jpg:080.Green_Kingfisher -> 080.Green_Kingfisher, 080.Green_Kingfisher/Green_Kingfisher_0018_71189.jpg:080.Green_Kingfisher -> 080.Green_Kingfisher, 080.Green_Kingfisher/Green_Kingfisher_0043_71212.jpg:080.Green_Kingfisher -> 081.Pied_Kingfisher, 
081.Pied_Kingfisher/Pied_Kingfisher_0031_71829.jpg:081.Pied_Kingfisher -> 081.Pied_Kingfisher, 081.Pied_Kingfisher/Pied_Kingfisher_0095_72008.jpg:081.Pied_Kingfisher -> 081.Pied_Kingfisher, 081.Pied_Kingfisher/Pied_Kingfisher_0007_72438.jpg:081.Pied_Kingfisher -> 081.Pied_Kingfisher, 081.Pied_Kingfisher/Pied_Kingfisher_0016_72280.jpg:081.Pied_Kingfisher -> 081.Pied_Kingfisher, 081.Pied_Kingfisher/Pied_Kingfisher_0122_71789.jpg:081.Pied_Kingfisher -> 081.Pied_Kingfisher, 081.Pied_Kingfisher/Pied_Kingfisher_0067_71641.jpg:081.Pied_Kingfisher -> 081.Pied_Kingfisher, 
082.Ringed_Kingfisher/Ringed_Kingfisher_0005_73086.jpg:082.Ringed_Kingfisher -> 080.Green_Kingfisher, 082.Ringed_Kingfisher/Ringed_Kingfisher_0074_73130.jpg:082.Ringed_Kingfisher -> 071.Long_tailed_Jaeger, 082.Ringed_Kingfisher/Ringed_Kingfisher_0102_72941.jpg:082.Ringed_Kingfisher -> 097.Orchard_Oriole, 082.Ringed_Kingfisher/Ringed_Kingfisher_0091_72839.jpg:082.Ringed_Kingfisher -> 083.White_breasted_Kingfisher, 082.Ringed_Kingfisher/Ringed_Kingfisher_0028_73018.jpg:082.Ringed_Kingfisher -> 070.Green_Violetear, 082.Ringed_Kingfisher/Ringed_Kingfisher_0098_73110.jpg:082.Ringed_Kingfisher -> 080.Green_Kingfisher, 
083.White_breasted_Kingfisher/White_Breasted_Kingfisher_0063_73365.jpg:083.White_breasted_Kingfisher -> 083.White_breasted_Kingfisher, 082.Ringed_Kingfisher/Ringed_Kingfisher_0091_72839.jpg:082.Ringed_Kingfisher -> 083.White_breasted_Kingfisher, 083.White_breasted_Kingfisher/White_Breasted_Kingfisher_0029_73233.jpg:083.White_breasted_Kingfisher -> 083.White_breasted_Kingfisher, 083.White_breasted_Kingfisher/White_Breasted_Kingfisher_0017_73355.jpg:083.White_breasted_Kingfisher -> 083.White_breasted_Kingfisher, 083.White_breasted_Kingfisher/White_Breasted_Kingfisher_0045_73600.jpg:083.White_breasted_Kingfisher -> 083.White_breasted_Kingfisher, 083.White_breasted_Kingfisher/White_Breasted_Kingfisher_0029_73233.jpg:083.White_breasted_Kingfisher -> 083.White_breasted_Kingfisher, 
064.Ring_billed_Gull/Ring_Billed_Gull_0132_51552.jpg:064.Ring_billed_Gull -> 084.Red_legged_Kittiwake, 084.Red_legged_Kittiwake/Red_Legged_Kittiwake_0068_795430.jpg:084.Red_legged_Kittiwake -> 084.Red_legged_Kittiwake, 084.Red_legged_Kittiwake/Red_Legged_Kittiwake_0054_795396.jpg:084.Red_legged_Kittiwake -> 084.Red_legged_Kittiwake, 084.Red_legged_Kittiwake/Red_Legged_Kittiwake_0067_795401.jpg:084.Red_legged_Kittiwake -> 063.Ivory_Gull, 084.Red_legged_Kittiwake/Red_Legged_Kittiwake_0016_795460.jpg:084.Red_legged_Kittiwake -> 084.Red_legged_Kittiwake, 084.Red_legged_Kittiwake/Red_Legged_Kittiwake_0024_795441.jpg:084.Red_legged_Kittiwake -> 061.Heermann_Gull, 
085.Horned_Lark/Horned_Lark_0139_74492.jpg:085.Horned_Lark -> 085.Horned_Lark, 085.Horned_Lark/Horned_Lark_0096_74075.jpg:085.Horned_Lark -> 085.Horned_Lark, 085.Horned_Lark/Horned_Lark_0026_74910.jpg:085.Horned_Lark -> 085.Horned_Lark, 085.Horned_Lark/Horned_Lark_0088_74590.jpg:085.Horned_Lark -> 085.Horned_Lark, 085.Horned_Lark/Horned_Lark_0116_73840.jpg:085.Horned_Lark -> 085.Horned_Lark, 085.Horned_Lark/Horned_Lark_0069_74093.jpg:085.Horned_Lark -> 085.Horned_Lark, 
086.Pacific_Loon/Pacific_Loon_0010_75818.jpg:086.Pacific_Loon -> 086.Pacific_Loon, 086.Pacific_Loon/Pacific_Loon_0017_75835.jpg:086.Pacific_Loon -> 086.Pacific_Loon, 090.Red_breasted_Merganser/Red_Breasted_Merganser_0047_79486.jpg:090.Red_breasted_Merganser -> 086.Pacific_Loon, 086.Pacific_Loon/Pacific_Loon_0002_75775.jpg:086.Pacific_Loon -> 086.Pacific_Loon, 086.Pacific_Loon/Pacific_Loon_0018_75564.jpg:086.Pacific_Loon -> 086.Pacific_Loon, 086.Pacific_Loon/Pacific_Loon_0008_75428.jpg:086.Pacific_Loon -> 086.Pacific_Loon, 
087.Mallard/Mallard_0089_77068.jpg:087.Mallard -> 087.Mallard, 087.Mallard/Mallard_0026_76725.jpg:087.Mallard -> 087.Mallard, 087.Mallard/Mallard_0018_76511.jpg:087.Mallard -> 087.Mallard, 087.Mallard/Mallard_0035_77095.jpg:087.Mallard -> 087.Mallard, 087.Mallard/Mallard_0048_76995.jpg:087.Mallard -> 087.Mallard, 087.Mallard/Mallard_0128_77396.jpg:087.Mallard -> 087.Mallard, 
088.Western_Meadowlark/Western_Meadowlark_0077_77814.jpg:088.Western_Meadowlark -> 088.Western_Meadowlark, 088.Western_Meadowlark/Western_Meadowlark_0098_78382.jpg:088.Western_Meadowlark -> 088.Western_Meadowlark, 088.Western_Meadowlark/Western_Meadowlark_0097_78239.jpg:088.Western_Meadowlark -> 088.Western_Meadowlark, 088.Western_Meadowlark/Western_Meadowlark_0064_78027.jpg:088.Western_Meadowlark -> 081.Pied_Kingfisher, 088.Western_Meadowlark/Western_Meadowlark_0107_78608.jpg:088.Western_Meadowlark -> 088.Western_Meadowlark, 088.Western_Meadowlark/Western_Meadowlark_0107_78608.jpg:088.Western_Meadowlark -> 088.Western_Meadowlark, 
089.Hooded_Merganser/Hooded_Merganser_0023_796784.jpg:089.Hooded_Merganser -> 089.Hooded_Merganser, 089.Hooded_Merganser/Hooded_Merganser_0048_796749.jpg:089.Hooded_Merganser -> 089.Hooded_Merganser, 090.Red_breasted_Merganser/Red_Breasted_Merganser_0006_79216.jpg:090.Red_breasted_Merganser -> 089.Hooded_Merganser, 089.Hooded_Merganser/Hooded_Merganser_0002_796781.jpg:089.Hooded_Merganser -> 089.Hooded_Merganser, 089.Hooded_Merganser/Hooded_Merganser_0032_79032.jpg:089.Hooded_Merganser -> 089.Hooded_Merganser, 089.Hooded_Merganser/Hooded_Merganser_0073_796726.jpg:089.Hooded_Merganser -> 089.Hooded_Merganser, 
090.Red_breasted_Merganser/Red_Breasted_Merganser_0085_79285.jpg:090.Red_breasted_Merganser -> 089.Hooded_Merganser, 090.Red_breasted_Merganser/Red_Breasted_Merganser_0049_79432.jpg:090.Red_breasted_Merganser -> 086.Pacific_Loon, 090.Red_breasted_Merganser/Red_Breasted_Merganser_0041_79574.jpg:090.Red_breasted_Merganser -> 089.Hooded_Merganser, 090.Red_breasted_Merganser/Red_Breasted_Merganser_0035_79200.jpg:090.Red_breasted_Merganser -> 089.Hooded_Merganser, 090.Red_breasted_Merganser/Red_Breasted_Merganser_0003_79303.jpg:090.Red_breasted_Merganser -> 086.Pacific_Loon, 090.Red_breasted_Merganser/Red_Breasted_Merganser_0033_79353.jpg:090.Red_breasted_Merganser -> 086.Pacific_Loon, 
091.Mockingbird/Mockingbird_0049_80336.jpg:091.Mockingbird -> 091.Mockingbird, 091.Mockingbird/Mockingbird_0016_79605.jpg:091.Mockingbird -> 091.Mockingbird, 078.Gray_Kingbird/Gray_Kingbird_0055_70290.jpg:078.Gray_Kingbird -> 091.Mockingbird, 091.Mockingbird/Mockingbird_0018_81183.jpg:091.Mockingbird -> 079.Belted_Kingfisher, 091.Mockingbird/Mockingbird_0059_82126.jpg:091.Mockingbird -> 091.Mockingbird, 091.Mockingbird/Mockingbird_0054_81703.jpg:091.Mockingbird -> 091.Mockingbird, 
081.Pied_Kingfisher/Pied_Kingfisher_0074_71830.jpg:081.Pied_Kingfisher -> 092.Nighthawk, 081.Pied_Kingfisher/Pied_Kingfisher_0085_71557.jpg:081.Pied_Kingfisher -> 092.Nighthawk, 092.Nighthawk/Nighthawk_0018_83639.jpg:092.Nighthawk -> 092.Nighthawk, 092.Nighthawk/Nighthawk_0046_82246.jpg:092.Nighthawk -> 081.Pied_Kingfisher, 092.Nighthawk/Nighthawk_0043_84039.jpg:092.Nighthawk -> 092.Nighthawk, 092.Nighthawk/Nighthawk_0068_82368.jpg:092.Nighthawk -> 092.Nighthawk, 
093.Clark_Nutcracker/Clark_Nutcracker_0014_85386.jpg:093.Clark_Nutcracker -> 093.Clark_Nutcracker, 093.Clark_Nutcracker/Clark_Nutcracker_0005_85190.jpg:093.Clark_Nutcracker -> 093.Clark_Nutcracker, 093.Clark_Nutcracker/Clark_Nutcracker_0003_85296.jpg:093.Clark_Nutcracker -> 093.Clark_Nutcracker, 093.Clark_Nutcracker/Clark_Nutcracker_0062_85464.jpg:093.Clark_Nutcracker -> 084.Red_legged_Kittiwake, 093.Clark_Nutcracker/Clark_Nutcracker_0130_85304.jpg:093.Clark_Nutcracker -> 093.Clark_Nutcracker, 093.Clark_Nutcracker/Clark_Nutcracker_0011_85698.jpg:093.Clark_Nutcracker -> 081.Pied_Kingfisher, 
094.White_breasted_Nuthatch/White_Breasted_Nuthatch_0025_85803.jpg:094.White_breasted_Nuthatch -> 094.White_breasted_Nuthatch, 091.Mockingbird/Mockingbird_0094_80232.jpg:091.Mockingbird -> 094.White_breasted_Nuthatch, 094.White_breasted_Nuthatch/White_Breasted_Nuthatch_0060_86031.jpg:094.White_breasted_Nuthatch -> 094.White_breasted_Nuthatch, 094.White_breasted_Nuthatch/White_Breasted_Nuthatch_0025_85803.jpg:094.White_breasted_Nuthatch -> 094.White_breasted_Nuthatch, 094.White_breasted_Nuthatch/White_Breasted_Nuthatch_0010_85783.jpg:094.White_breasted_Nuthatch -> 078.Gray_Kingbird, 094.White_breasted_Nuthatch/White_Breasted_Nuthatch_0142_86805.jpg:094.White_breasted_Nuthatch -> 094.White_breasted_Nuthatch, 
095.Baltimore_Oriole/Baltimore_Oriole_0060_89616.jpg:095.Baltimore_Oriole -> 097.Orchard_Oriole, 095.Baltimore_Oriole/Baltimore_Oriole_0058_87296.jpg:095.Baltimore_Oriole -> 096.Hooded_Oriole, 095.Baltimore_Oriole/Baltimore_Oriole_0066_87380.jpg:095.Baltimore_Oriole -> 096.Hooded_Oriole, 095.Baltimore_Oriole/Baltimore_Oriole_0112_87447.jpg:095.Baltimore_Oriole -> 098.Scott_Oriole, 095.Baltimore_Oriole/Baltimore_Oriole_0071_89611.jpg:095.Baltimore_Oriole -> 096.Hooded_Oriole, 095.Baltimore_Oriole/Baltimore_Oriole_0083_89712.jpg:095.Baltimore_Oriole -> 083.White_breasted_Kingfisher, 
098.Scott_Oriole/Scott_Oriole_0001_795826.jpg:098.Scott_Oriole -> 096.Hooded_Oriole, 095.Baltimore_Oriole/Baltimore_Oriole_0006_89935.jpg:095.Baltimore_Oriole -> 096.Hooded_Oriole, 096.Hooded_Oriole/Hooded_Oriole_0049_89955.jpg:096.Hooded_Oriole -> 096.Hooded_Oriole, 096.Hooded_Oriole/Hooded_Oriole_0126_90319.jpg:096.Hooded_Oriole -> 097.Orchard_Oriole, 096.Hooded_Oriole/Hooded_Oriole_0107_89985.jpg:096.Hooded_Oriole -> 096.Hooded_Oriole, 096.Hooded_Oriole/Hooded_Oriole_0096_90311.jpg:096.Hooded_Oriole -> 096.Hooded_Oriole, 
095.Baltimore_Oriole/Baltimore_Oriole_0019_88186.jpg:095.Baltimore_Oriole -> 097.Orchard_Oriole, 098.Scott_Oriole/Scott_Oriole_0079_92248.jpg:098.Scott_Oriole -> 097.Orchard_Oriole, 097.Orchard_Oriole/Orchard_Oriole_0041_91258.jpg:097.Orchard_Oriole -> 097.Orchard_Oriole, 097.Orchard_Oriole/Orchard_Oriole_0091_91774.jpg:097.Orchard_Oriole -> 097.Orchard_Oriole, 097.Orchard_Oriole/Orchard_Oriole_0044_91360.jpg:097.Orchard_Oriole -> 098.Scott_Oriole, 097.Orchard_Oriole/Orchard_Oriole_0061_91941.jpg:097.Orchard_Oriole -> 080.Green_Kingfisher, 
098.Scott_Oriole/Scott_Oriole_0011_795836.jpg:098.Scott_Oriole -> 098.Scott_Oriole, 077.Tropical_Kingbird/Tropical_Kingbird_0095_69482.jpg:077.Tropical_Kingbird -> 098.Scott_Oriole, 088.Western_Meadowlark/Western_Meadowlark_0079_78856.jpg:088.Western_Meadowlark -> 098.Scott_Oriole, 098.Scott_Oriole/Scott_Oriole_0071_795848.jpg:098.Scott_Oriole -> 096.Hooded_Oriole, 098.Scott_Oriole/Scott_Oriole_0025_92207.jpg:098.Scott_Oriole -> 079.Belted_Kingfisher, 098.Scott_Oriole/Scott_Oriole_0068_795804.jpg:098.Scott_Oriole -> 096.Hooded_Oriole, 
099.Ovenbird/Ovenbird_0033_93232.jpg:099.Ovenbird -> 099.Ovenbird, 099.Ovenbird/Ovenbird_0081_93115.jpg:099.Ovenbird -> 099.Ovenbird, 097.Orchard_Oriole/Orchard_Oriole_0088_92086.jpg:097.Orchard_Oriole -> 099.Ovenbird, 099.Ovenbird/Ovenbird_0079_92610.jpg:099.Ovenbird -> 099.Ovenbird, 099.Ovenbird/Ovenbird_0130_92452.jpg:099.Ovenbird -> 099.Ovenbird, 099.Ovenbird/Ovenbird_0101_93104.jpg:099.Ovenbird -> 099.Ovenbird, 
061.Heermann_Gull/Heermann_Gull_0044_45705.jpg:061.Heermann_Gull -> 100.Brown_Pelican, 100.Brown_Pelican/Brown_Pelican_0140_93438.jpg:100.Brown_Pelican -> 100.Brown_Pelican, 100.Brown_Pelican/Brown_Pelican_0127_93700.jpg:100.Brown_Pelican -> 100.Brown_Pelican, 100.Brown_Pelican/Brown_Pelican_0012_94079.jpg:100.Brown_Pelican -> 072.Pomarine_Jaeger, 100.Brown_Pelican/Brown_Pelican_0020_95422.jpg:100.Brown_Pelican -> 100.Brown_Pelican, 100.Brown_Pelican/Brown_Pelican_0125_93461.jpg:100.Brown_Pelican -> 100.Brown_Pelican, 
