061.Heermann_Gull/Heermann_Gull_0102_45904.jpg:061.Heermann_Gull -> 061.Heermann_Gull, 087.Mallard/Mallard_0045_77129.jpg:087.Mallard -> 061.Heermann_Gull, 071.Long_tailed_Jaeger/Long_Tailed_Jaeger_0036_797076.jpg:071.Long_tailed_Jaeger -> 061.Heermann_Gull, 061.Heermann_Gull/Heermann_Gull_0053_45854.jpg:061.Heermann_Gull -> 066.Western_Gull, 061.Heermann_Gull/Heermann_Gull_0091_45363.jpg:061.Heermann_Gull -> 061.Heermann_Gull, 061.Heermann_Gull/Heermann_Gull_0033_45792.jpg:061.Heermann_Gull -> 093.Clark_Nutcracker, 
062.Herring_Gull/Herring_Gull_0095_48058.jpg:062.Herring_Gull -> 064.Ring_billed_Gull, 062.Herring_Gull/Herring_Gull_0102_48078.jpg:062.Herring_Gull -> 087.Mallard, 062.Herring_Gull/Herring_Gull_0105_46113.jpg:062.Herring_Gull -> 064.Ring_billed_Gull, 062.Herring_Gull/Herring_Gull_0026_48041.jpg:062.Herring_Gull -> 066.Western_Gull, 062.Herring_Gull/Herring_Gull_0010_46425.jpg:062.Herring_Gull -> 066.Western_Gull, 062.Herring_Gull/Herring_Gull_0129_46708.jpg:062.Herring_Gull -> 081.Pied_Kingfisher, 
063.Ivory_Gull/Ivory_Gull_0114_49535.jpg:063.Ivory_Gull -> 064.Ring_billed_Gull, 063.Ivory_Gull/Ivory_Gull_0105_49559.jpg:063.Ivory_Gull -> 086.Pacific_Loon, 063.Ivory_Gull/Ivory_Gull_0071_49402.jpg:063.Ivory_Gull -> 080.Green_Kingfisher, 063.Ivory_Gull/Ivory_Gull_0035_49523.jpg:063.Ivory_Gull -> 086.Pacific_Loon, 063.Ivory_Gull/Ivory_Gull_0079_49179.jpg:063.Ivory_Gull -> 098.Scott_Oriole, 063.Ivory_Gull/Ivory_Gull_0092_49996.jpg:063.Ivory_Gull -> 064.Ring_billed_Gull, 
063.Ivory_Gull/Ivory_Gull_0114_49535.jpg:063.Ivory_Gull -> 064.Ring_billed_Gull, 065.Slaty_backed_Gull/Slaty_Backed_Gull_0017_796034.jpg:065.Slaty_backed_Gull -> 064.Ring_billed_Gull, 061.Heermann_Gull/Heermann_Gull_0046_45888.jpg:061.Heermann_Gull -> 064.Ring_billed_Gull, 064.Ring_billed_Gull/Ring_Billed_Gull_0056_51523.jpg:064.Ring_billed_Gull -> 064.Ring_billed_Gull, 064.Ring_billed_Gull/Ring_Billed_Gull_0071_52845.jpg:064.Ring_billed_Gull -> 064.Ring_billed_Gull, 064.Ring_billed_Gull/Ring_Billed_Gull_0108_51108.jpg:064.Ring_billed_Gull -> 064.Ring_billed_Gull, 
065.Slaty_backed_Gull/Slaty_Backed_Gull_0084_786383.jpg:065.Slaty_backed_Gull -> 064.Ring_billed_Gull, 065.Slaty_backed_Gull/Slaty_Backed_Gull_0038_796044.jpg:065.Slaty_backed_Gull -> 072.Pomarine_Jaeger, 065.Slaty_backed_Gull/Slaty_Backed_Gull_0084_786383.jpg:065.Slaty_backed_Gull -> 064.Ring_billed_Gull, 065.Slaty_backed_Gull/Slaty_Backed_Gull_0043_796009.jpg:065.Slaty_backed_Gull -> 061.Heermann_Gull, 065.Slaty_backed_Gull/Slaty_Backed_Gull_0021_796008.jpg:065.Slaty_backed_Gull -> 093.Clark_Nutcracker, 065.Slaty_backed_Gull/Slaty_Backed_Gull_0035_796026.jpg:065.Slaty_backed_Gull -> 069.Rufous_Hummingbird, 
084.Red_legged_Kittiwake/Red_Legged_Kittiwake_0066_795419.jpg:084.Red_legged_Kittiwake -> 066.Western_Gull, 072.Pomarine_Jaeger/Pomarine_Jaeger_0061_795788.jpg:072.Pomarine_Jaeger -> 066.Western_Gull, 078.Gray_Kingbird/Gray_Kingbird_0032_70111.jpg:078.Gray_Kingbird -> 066.Western_Gull, 066.Western_Gull/Western_Gull_0049_53748.jpg:066.Western_Gull -> 066.Western_Gull, 066.Western_Gull/Western_Gull_0007_53431.jpg:066.Western_Gull -> 090.Red_breasted_Merganser, 066.Western_Gull/Western_Gull_0124_53838.jpg:066.Western_Gull -> 066.Western_Gull, 
075.Green_Jay/Green_Jay_0118_66251.jpg:075.Green_Jay -> 067.Anna_Hummingbird, 069.Rufous_Hummingbird/Rufous_Hummingbird_0007_58433.jpg:069.Rufous_Hummingbird -> 067.Anna_Hummingbird, 096.Hooded_Oriole/Hooded_Oriole_0043_90499.jpg:096.Hooded_Oriole -> 067.Anna_Hummingbird, 067.Anna_Hummingbird/Anna_Hummingbird_0040_56293.jpg:067.Anna_Hummingbird -> 095.Baltimore_Oriole, 067.Anna_Hummingbird/Anna_Hummingbird_0053_56112.jpg:067.Anna_Hummingbird -> 070.Green_Violetear, 067.Anna_Hummingbird/Anna_Hummingbird_0034_56614.jpg:067.Anna_Hummingbird -> 081.Pied_Kingfisher, 
067.Anna_Hummingbird/Anna_Hummingbird_0027_55873.jpg:067.Anna_Hummingbird -> 068.Ruby_throated_Hummingbird, 068.Ruby_throated_Hummingbird/Ruby_Throated_Hummingbird_0042_57431.jpg:068.Ruby_throated_Hummingbird -> 068.Ruby_throated_Hummingbird, 067.Anna_Hummingbird/Anna_Hummingbird_0037_56587.jpg:067.Anna_Hummingbird -> 068.Ruby_throated_Hummingbird, 068.Ruby_throated_Hummingbird/Ruby_Throated_Hummingbird_0118_57536.jpg:068.Ruby_throated_Hummingbird -> 070.Green_Violetear, 068.Ruby_throated_Hummingbird/Ruby_Throated_Hummingbird_0115_58067.jpg:068.Ruby_throated_Hummingbird -> 070.Green_Violetear, 068.Ruby_throated_Hummingbird/Ruby_Throated_Hummingbird_0111_58141.jpg:068.Ruby_throated_Hummingbird -> 070.Green_Violetear, 
078.Gray_Kingbird/Gray_Kingbird_0008_70282.jpg:078.Gray_Kingbird -> 069.Rufous_Hummingbird, 088.Western_Meadowlark/Western_Meadowlark_0121_78402.jpg:088.Western_Meadowlark -> 069.Rufous_Hummingbird, 068.Ruby_throated_Hummingbird/Ruby_Throated_Hummingbird_0077_57858.jpg:068.Ruby_throated_Hummingbird -> 069.Rufous_Hummingbird, 069.Rufous_Hummingbird/Rufous_Hummingbird_0075_59619.jpg:069.Rufous_Hummingbird -> 068.Ruby_throated_Hummingbird, 069.Rufous_Hummingbird/Rufous_Hummingbird_0091_60551.jpg:069.Rufous_Hummingbird -> 079.Belted_Kingfisher, 069.Rufous_Hummingbird/Rufous_Hummingbird_0060_58986.jpg:069.Rufous_Hummingbird -> 080.Green_Kingfisher, 
070.Green_Violetear/Green_Violetear_0086_795639.jpg:070.Green_Violetear -> 070.Green_Violetear, 070.Green_Violetear/Green_Violetear_0105_795694.jpg:070.Green_Violetear -> 070.Green_Violetear, 069.Rufous_Hummingbird/Rufous_Hummingbird_0081_59592.jpg:069.Rufous_Hummingbird -> 070.Green_Violetear, 070.Green_Violetear/Green_Violetear_0025_795692.jpg:070.Green_Violetear -> 079.Belted_Kingfisher, 070.Green_Violetear/Green_Violetear_0024_795705.jpg:070.Green_Violetear -> 070.Green_Violetear, 070.Green_Violetear/Green_Violetear_0003_795662.jpg:070.Green_Violetear -> 070.Green_Violetear, 
100.Brown_Pelican/Brown_Pelican_0095_94290.jpg:100.Brown_Pelican -> 071.Long_tailed_Jaeger, 072.Pomarine_Jaeger/Pomarine_Jaeger_0051_795738.jpg:072.Pomarine_Jaeger -> 071.Long_tailed_Jaeger, 081.Pied_Kingfisher/Pied_Kingfisher_0065_71871.jpg:081.Pied_Kingfisher -> 071.Long_tailed_Jaeger, 071.Long_tailed_Jaeger/Long_Tailed_Jaeger_0024_60915.jpg:071.Long_tailed_Jaeger -> 071.Long_tailed_Jaeger, 071.Long_tailed_Jaeger/Long_Tailed_Jaeger_0038_797077.jpg:071.Long_tailed_Jaeger -> 096.Hooded_Oriole, 071.Long_tailed_Jaeger/Long_Tailed_Jaeger_0038_797077.jpg:071.Long_tailed_Jaeger -> 096.Hooded_Oriole, 
071.Long_tailed_Jaeger/Long_Tailed_Jaeger_0001_797061.jpg:071.Long_tailed_Jaeger -> 072.Pomarine_Jaeger, 071.Long_tailed_Jaeger/Long_Tailed_Jaeger_0020_61084.jpg:071.Long_tailed_Jaeger -> 072.Pomarine_Jaeger, 072.Pomarine_Jaeger/Pomarine_Jaeger_0071_795769.jpg:072.Pomarine_Jaeger -> 072.Pomarine_Jaeger, 072.Pomarine_Jaeger/Pomarine_Jaeger_0055_795762.jpg:072.Pomarine_Jaeger -> 066.Western_Gull, 072.Pomarine_Jaeger/Pomarine_Jaeger_0017_795782.jpg:072.Pomarine_Jaeger -> 086.Pacific_Loon, 072.Pomarine_Jaeger/Pomarine_Jaeger_0041_61305.jpg:072.Pomarine_Jaeger -> 072.Pomarine_Jaeger, 
073.Blue_Jay/Blue_Jay_0009_62873.jpg:073.Blue_Jay -> 078.Gray_Kingbird, 073.Blue_Jay/Blue_Jay_0083_61492.jpg:073.Blue_Jay -> 074.Florida_Jay, 073.Blue_Jay/Blue_Jay_0006_63504.jpg:073.Blue_Jay -> 070.Green_Violetear, 073.Blue_Jay/Blue_Jay_0003_63408.jpg:073.Blue_Jay -> 074.Florida_Jay, 073.Blue_Jay/Blue_Jay_0099_64435.jpg:073.Blue_Jay -> 069.Rufous_Hummingbird, 073.Blue_Jay/Blue_Jay_0066_61490.jpg:073.Blue_Jay -> 074.Florida_Jay, 
093.Clark_Nutcracker/Clark_Nutcracker_0018_85166.jpg:093.Clark_Nutcracker -> 074.Florida_Jay, 073.Blue_Jay/Blue_Jay_0095_63505.jpg:073.Blue_Jay -> 074.Florida_Jay, 073.Blue_Jay/Blue_Jay_0053_62744.jpg:073.Blue_Jay -> 074.Florida_Jay, 074.Florida_Jay/Florida_Jay_0111_64651.jpg:074.Florida_Jay -> 074.Florida_Jay, 074.Florida_Jay/Florida_Jay_0065_64739.jpg:074.Florida_Jay -> 092.Nighthawk, 074.Florida_Jay/Florida_Jay_0081_64859.jpg:074.Florida_Jay -> 083.White_breasted_Kingfisher, 
075.Green_Jay/Green_Jay_0075_65701.jpg:075.Green_Jay -> 083.White_breasted_Kingfisher, 075.Green_Jay/Green_Jay_0064_65552.jpg:075.Green_Jay -> 078.Gray_Kingbird, 075.Green_Jay/Green_Jay_0003_65767.jpg:075.Green_Jay -> 083.White_breasted_Kingfisher, 075.Green_Jay/Green_Jay_0128_65629.jpg:075.Green_Jay -> 083.White_breasted_Kingfisher, 075.Green_Jay/Green_Jay_0102_65813.jpg:075.Green_Jay -> 085.Horned_Lark, 075.Green_Jay/Green_Jay_0085_66077.jpg:075.Green_Jay -> 083.White_breasted_Kingfisher, 
076.Dark_eyed_Junco/Dark_Eyed_Junco_0037_66321.jpg:076.Dark_eyed_Junco -> 076.Dark_eyed_Junco, 076.Dark_eyed_Junco/Dark_Eyed_Junco_0105_66479.jpg:076.Dark_eyed_Junco -> 076.Dark_eyed_Junco, 076.Dark_eyed_Junco/Dark_Eyed_Junco_0091_67304.jpg:076.Dark_eyed_Junco -> 076.Dark_eyed_Junco, 076.Dark_eyed_Junco/Dark_Eyed_Junco_0099_67868.jpg:076.Dark_eyed_Junco -> 088.Western_Meadowlark, 076.Dark_eyed_Junco/Dark_Eyed_Junco_0062_68198.jpg:076.Dark_eyed_Junco -> 076.Dark_eyed_Junco, 076.Dark_eyed_Junco/Dark_Eyed_Junco_0105_66479.jpg:076.Dark_eyed_Junco -> 076.Dark_eyed_Junco, 
077.Tropical_Kingbird/Tropical_Kingbird_0115_69485.jpg:077.Tropical_Kingbird -> 097.Orchard_Oriole, 077.Tropical_Kingbird/Tropical_Kingbird_0044_69815.jpg:077.Tropical_Kingbird -> 072.Pomarine_Jaeger, 077.Tropical_Kingbird/Tropical_Kingbird_0095_69482.jpg:077.Tropical_Kingbird -> 097.Orchard_Oriole, 077.Tropical_Kingbird/Tropical_Kingbird_0098_69642.jpg:077.Tropical_Kingbird -> 098.Scott_Oriole, 077.Tropical_Kingbird/Tropical_Kingbird_0017_69715.jpg:077.Tropical_Kingbird -> 097.Orchard_Oriole, 077.Tropical_Kingbird/Tropical_Kingbird_0017_69715.jpg:077.Tropical_Kingbird -> 097.Orchard_Oriole, 
083.White_breasted_Kingfisher/White_Breasted_Kingfisher_0074_73408.jpg:083.White_breasted_Kingfisher -> 078.Gray_Kingbird, 077.Tropical_Kingbird/Tropical_Kingbird_0116_69714.jpg:077.Tropical_Kingbird -> 078.Gray_Kingbird, 078.Gray_Kingbird/Gray_Kingbird_0044_70322.jpg:078.Gray_Kingbird -> 078.Gray_Kingbird, 078.Gray_Kingbird/Gray_Kingbird_0080_70077.jpg:078.Gray_Kingbird -> 078.Gray_Kingbird, 078.Gray_Kingbird/Gray_Kingbird_0076_70070.jpg:078.Gray_Kingbird -> 088.Western_Meadowlark, 078.Gray_Kingbird/Gray_Kingbird_0023_795035.jpg:078.Gray_Kingbird -> 088.Western_Meadowlark, 
073.Blue_Jay/Blue_Jay_0096_63330.jpg:073.Blue_Jay -> 079.Belted_Kingfisher, 075.Green_Jay/Green_Jay_0038_65702.jpg:075.Green_Jay -> 079.Belted_Kingfisher, 087.Mallard/Mallard_0071_76940.jpg:087.Mallard -> 079.Belted_Kingfisher, 079.Belted_Kingfisher/Belted_Kingfisher_0034_70329.jpg:079.Belted_Kingfisher -> 085.Horned_Lark, 079.Belted_Kingfisher/Belted_Kingfisher_0034_70329.jpg:079.Belted_Kingfisher -> 085.Horned_Lark, 079.Belted_Kingfisher/Belted_Kingfisher_0008_70668.jpg:079.Belted_Kingfisher -> 079.Belted_Kingfisher, 
078.Gray_Kingbird/Gray_Kingbird_0006_70268.jpg:078.Gray_Kingbird -> 080.Green_Kingfisher, 063.Ivory_Gull/Ivory_Gull_0037_49068.jpg:063.Ivory_Gull -> 080.Green_Kingfisher, 081.Pied_Kingfisher/Pied_Kingfisher_0002_71698.jpg:081.Pied_Kingfisher -> 080.Green_Kingfisher, 080.Green_Kingfisher/Green_Kingfisher_0020_71155.jpg:080.Green_Kingfisher -> 083.White_breasted_Kingfisher, 080.Green_Kingfisher/Green_Kingfisher_0094_71112.jpg:080.Green_Kingfisher -> 061.Heermann_Gull, 080.Green_Kingfisher/Green_Kingfisher_0096_71080.jpg:080.Green_Kingfisher -> 088.Western_Meadowlark, 
067.Anna_Hummingbird/Anna_Hummingbird_0127_56520.jpg:067.Anna_Hummingbird -> 081.Pied_Kingfisher, 081.Pied_Kingfisher/Pied_Kingfisher_0061_72193.jpg:081.Pied_Kingfisher -> 081.Pied_Kingfisher, 095.Baltimore_Oriole/Baltimore_Oriole_0050_89750.jpg:095.Baltimore_Oriole -> 081.Pied_Kingfisher, 081.Pied_Kingfisher/Pied_Kingfisher_0071_72576.jpg:081.Pied_Kingfisher -> 089.Hooded_Merganser, 081.Pied_Kingfisher/Pied_Kingfisher_0128_72775.jpg:081.Pied_Kingfisher -> 088.Western_Meadowlark, 081.Pied_Kingfisher/Pied_Kingfisher_0047_72401.jpg:081.Pied_Kingfisher -> 082.Ringed_Kingfisher, 
086.Pacific_Loon/Pacific_Loon_0063_75865.jpg:086.Pacific_Loon -> 082.Ringed_Kingfisher, 091.Mockingbird/Mockingbird_0025_79935.jpg:091.Mockingbird -> 082.Ringed_Kingfisher, 095.Baltimore_Oriole/Baltimore_Oriole_0091_88487.jpg:095.Baltimore_Oriole -> 082.Ringed_Kingfisher, 082.Ringed_Kingfisher/Ringed_Kingfisher_0094_72998.jpg:082.Ringed_Kingfisher -> 083.White_breasted_Kingfisher, 082.Ringed_Kingfisher/Ringed_Kingfisher_0102_72941.jpg:082.Ringed_Kingfisher -> 079.Belted_Kingfisher, 082.Ringed_Kingfisher/Ringed_Kingfisher_0001_73048.jpg:082.Ringed_Kingfisher -> 086.Pacific_Loon, 
075.Green_Jay/Green_Jay_0098_65857.jpg:075.Green_Jay -> 083.White_breasted_Kingfisher, 085.Horned_Lark/Horned_Lark_0133_73882.jpg:085.Horned_Lark -> 083.White_breasted_Kingfisher, 069.Rufous_Hummingbird/Rufous_Hummingbird_0125_58932.jpg:069.Rufous_Hummingbird -> 083.White_breasted_Kingfisher, 083.White_breasted_Kingfisher/White_Breasted_Kingfisher_0048_73292.jpg:083.White_breasted_Kingfisher -> 082.Ringed_Kingfisher, 083.White_breasted_Kingfisher/White_Breasted_Kingfisher_0019_73306.jpg:083.White_breasted_Kingfisher -> 083.White_breasted_Kingfisher, 083.White_breasted_Kingfisher/White_Breasted_Kingfisher_0019_73306.jpg:083.White_breasted_Kingfisher -> 083.White_breasted_Kingfisher, 
084.Red_legged_Kittiwake/Red_Legged_Kittiwake_0031_795442.jpg:084.Red_legged_Kittiwake -> 093.Clark_Nutcracker, 084.Red_legged_Kittiwake/Red_Legged_Kittiwake_0022_795418.jpg:084.Red_legged_Kittiwake -> 066.Western_Gull, 084.Red_legged_Kittiwake/Red_Legged_Kittiwake_0022_795418.jpg:084.Red_legged_Kittiwake -> 066.Western_Gull, 084.Red_legged_Kittiwake/Red_Legged_Kittiwake_0019_795398.jpg:084.Red_legged_Kittiwake -> 066.Western_Gull, 084.Red_legged_Kittiwake/Red_Legged_Kittiwake_0051_795404.jpg:084.Red_legged_Kittiwake -> 066.Western_Gull, 084.Red_legged_Kittiwake/Red_Legged_Kittiwake_0004_73811.jpg:084.Red_legged_Kittiwake -> 071.Long_tailed_Jaeger, 
091.Mockingbird/Mockingbird_0022_80552.jpg:091.Mockingbird -> 085.Horned_Lark, 099.Ovenbird/Ovenbird_0043_93374.jpg:099.Ovenbird -> 085.Horned_Lark, 092.Nighthawk/Nighthawk_0043_84039.jpg:092.Nighthawk -> 085.Horned_Lark, 085.Horned_Lark/Horned_Lark_0043_74450.jpg:085.Horned_Lark -> 095.Baltimore_Oriole, 085.Horned_Lark/Horned_Lark_0079_73958.jpg:085.Horned_Lark -> 085.Horned_Lark, 085.Horned_Lark/Horned_Lark_0097_74496.jpg:085.Horned_Lark -> 085.Horned_Lark, 
086.Pacific_Loon/Pacific_Loon_0067_75423.jpg:086.Pacific_Loon -> 086.Pacific_Loon, 081.Pied_Kingfisher/Pied_Kingfisher_0026_71875.jpg:081.Pied_Kingfisher -> 086.Pacific_Loon, 093.Clark_Nutcracker/Clark_Nutcracker_0026_84945.jpg:093.Clark_Nutcracker -> 086.Pacific_Loon, 086.Pacific_Loon/Pacific_Loon_0002_75775.jpg:086.Pacific_Loon -> 079.Belted_Kingfisher, 086.Pacific_Loon/Pacific_Loon_0009_75642.jpg:086.Pacific_Loon -> 086.Pacific_Loon, 086.Pacific_Loon/Pacific_Loon_0054_75543.jpg:086.Pacific_Loon -> 086.Pacific_Loon, 
087.Mallard/Mallard_0005_76026.jpg:087.Mallard -> 087.Mallard, 061.Heermann_Gull/Heermann_Gull_0083_45879.jpg:061.Heermann_Gull -> 087.Mallard, 087.Mallard/Mallard_0035_77095.jpg:087.Mallard -> 087.Mallard, 087.Mallard/Mallard_0045_77129.jpg:087.Mallard -> 061.Heermann_Gull, 087.Mallard/Mallard_0106_77568.jpg:087.Mallard -> 087.Mallard, 087.Mallard/Mallard_0109_76616.jpg:087.Mallard -> 087.Mallard, 
064.Ring_billed_Gull/Ring_Billed_Gull_0016_50392.jpg:064.Ring_billed_Gull -> 088.Western_Meadowlark, 091.Mockingbird/Mockingbird_0048_80441.jpg:091.Mockingbird -> 088.Western_Meadowlark, 085.Horned_Lark/Horned_Lark_0112_73971.jpg:085.Horned_Lark -> 088.Western_Meadowlark, 088.Western_Meadowlark/Western_Meadowlark_0120_77834.jpg:088.Western_Meadowlark -> 086.Pacific_Loon, 088.Western_Meadowlark/Western_Meadowlark_0067_78529.jpg:088.Western_Meadowlark -> 085.Horned_Lark, 088.Western_Meadowlark/Western_Meadowlark_0099_78176.jpg:088.Western_Meadowlark -> 085.Horned_Lark, 
083.White_breasted_Kingfisher/White_Breasted_Kingfisher_0029_73233.jpg:083.White_breasted_Kingfisher -> 089.Hooded_Merganser, 082.Ringed_Kingfisher/Ringed_Kingfisher_0027_72948.jpg:082.Ringed_Kingfisher -> 089.Hooded_Merganser, 098.Scott_Oriole/Scott_Oriole_0063_795812.jpg:098.Scott_Oriole -> 089.Hooded_Merganser, 089.Hooded_Merganser/Hooded_Merganser_0022_79153.jpg:089.Hooded_Merganser -> 066.Western_Gull, 089.Hooded_Merganser/Hooded_Merganser_0010_796785.jpg:089.Hooded_Merganser -> 087.Mallard, 089.Hooded_Merganser/Hooded_Merganser_0022_79153.jpg:089.Hooded_Merganser -> 066.Western_Gull, 
090.Red_breasted_Merganser/Red_Breasted_Merganser_0041_79574.jpg:090.Red_breasted_Merganser -> 090.Red_breasted_Merganser, 086.Pacific_Loon/Pacific_Loon_0013_75530.jpg:086.Pacific_Loon -> 090.Red_breasted_Merganser, 066.Western_Gull/Western_Gull_0002_54825.jpg:066.Western_Gull -> 090.Red_breasted_Merganser, 090.Red_breasted_Merganser/Red_Breasted_Merganser_0004_79232.jpg:090.Red_breasted_Merganser -> 090.Red_breasted_Merganser, 090.Red_breasted_Merganser/Red_Breasted_Merganser_0035_79200.jpg:090.Red_breasted_Merganser -> 090.Red_breasted_Merganser, 090.Red_breasted_Merganser/Red_Breasted_Merganser_0014_79205.jpg:090.Red_breasted_Merganser -> 090.Red_breasted_Merganser, 
091.Mockingbird/Mockingbird_0067_79723.jpg:091.Mockingbird -> 094.White_breasted_Nuthatch, 091.Mockingbird/Mockingbird_0040_79680.jpg:091.Mockingbird -> 081.Pied_Kingfisher, 091.Mockingbird/Mockingbird_0064_81068.jpg:091.Mockingbird -> 094.White_breasted_Nuthatch, 091.Mockingbird/Mockingbird_0086_81868.jpg:091.Mockingbird -> 093.Clark_Nutcracker, 091.Mockingbird/Mockingbird_0089_80601.jpg:091.Mockingbird -> 079.Belted_Kingfisher, 091.Mockingbird/Mockingbird_0087_79600.jpg:091.Mockingbird -> 071.Long_tailed_Jaeger, 
073.Blue_Jay/Blue_Jay_0031_62913.jpg:073.Blue_Jay -> 092.Nighthawk, 095.Baltimore_Oriole/Baltimore_Oriole_0087_89726.jpg:095.Baltimore_Oriole -> 092.Nighthawk, 075.Green_Jay/Green_Jay_0028_65719.jpg:075.Green_Jay -> 092.Nighthawk, 092.Nighthawk/Nighthawk_0012_84333.jpg:092.Nighthawk -> 072.Pomarine_Jaeger, 092.Nighthawk/Nighthawk_0048_83648.jpg:092.Nighthawk -> 082.Ringed_Kingfisher, 092.Nighthawk/Nighthawk_0004_84011.jpg:092.Nighthawk -> 088.Western_Meadowlark, 
091.Mockingbird/Mockingbird_0030_79876.jpg:091.Mockingbird -> 093.Clark_Nutcracker, 093.Clark_Nutcracker/Clark_Nutcracker_0106_84856.jpg:093.Clark_Nutcracker -> 093.Clark_Nutcracker, 093.Clark_Nutcracker/Clark_Nutcracker_0051_84950.jpg:093.Clark_Nutcracker -> 093.Clark_Nutcracker, 093.Clark_Nutcracker/Clark_Nutcracker_0071_85125.jpg:093.Clark_Nutcracker -> 093.Clark_Nutcracker, 093.Clark_Nutcracker/Clark_Nutcracker_0136_85490.jpg:093.Clark_Nutcracker -> 088.Western_Meadowlark, 093.Clark_Nutcracker/Clark_Nutcracker_0017_84777.jpg:093.Clark_Nutcracker -> 093.Clark_Nutcracker, 
094.White_breasted_Nuthatch/White_Breasted_Nuthatch_0039_86166.jpg:094.White_breasted_Nuthatch -> 094.White_breasted_Nuthatch, 094.White_breasted_Nuthatch/White_Breasted_Nuthatch_0076_85801.jpg:094.White_breasted_Nuthatch -> 094.White_breasted_Nuthatch, 071.Long_tailed_Jaeger/Long_Tailed_Jaeger_0017_797081.jpg:071.Long_tailed_Jaeger -> 094.White_breasted_Nuthatch, 094.White_breasted_Nuthatch/White_Breasted_Nuthatch_0060_86031.jpg:094.White_breasted_Nuthatch -> 093.Clark_Nutcracker, 094.White_breasted_Nuthatch/White_Breasted_Nuthatch_0128_86947.jpg:094.White_breasted_Nuthatch -> 072.Pomarine_Jaeger, 094.White_breasted_Nuthatch/White_Breasted_Nuthatch_0064_86324.jpg:094.White_breasted_Nuthatch -> 097.Orchard_Oriole, 
088.Western_Meadowlark/Western_Meadowlark_0095_78568.jpg:088.Western_Meadowlark -> 095.Baltimore_Oriole, 077.Tropical_Kingbird/Tropical_Kingbird_0110_69731.jpg:077.Tropical_Kingbird -> 095.Baltimore_Oriole, 095.Baltimore_Oriole/Baltimore_Oriole_0100_89908.jpg:095.Baltimore_Oriole -> 095.Baltimore_Oriole, 095.Baltimore_Oriole/Baltimore_Oriole_0083_89712.jpg:095.Baltimore_Oriole -> 090.Red_breasted_Merganser, 095.Baltimore_Oriole/Baltimore_Oriole_0102_88818.jpg:095.Baltimore_Oriole -> 086.Pacific_Loon, 095.Baltimore_Oriole/Baltimore_Oriole_0050_89750.jpg:095.Baltimore_Oriole -> 081.Pied_Kingfisher, 
084.Red_legged_Kittiwake/Red_Legged_Kittiwake_0043_795416.jpg:084.Red_legged_Kittiwake -> 096.Hooded_Oriole, 091.Mockingbird/Mockingbird_0057_79643.jpg:091.Mockingbird -> 096.Hooded_Oriole, 073.Blue_Jay/Blue_Jay_0027_63133.jpg:073.Blue_Jay -> 096.Hooded_Oriole, 096.Hooded_Oriole/Hooded_Oriole_0130_90422.jpg:096.Hooded_Oriole -> 080.Green_Kingfisher, 096.Hooded_Oriole/Hooded_Oriole_0076_90895.jpg:096.Hooded_Oriole -> 098.Scott_Oriole, 096.Hooded_Oriole/Hooded_Oriole_0104_90264.jpg:096.Hooded_Oriole -> 080.Green_Kingfisher, 
074.Florida_Jay/Florida_Jay_0071_64993.jpg:074.Florida_Jay -> 097.Orchard_Oriole, 095.Baltimore_Oriole/Baltimore_Oriole_0051_89722.jpg:095.Baltimore_Oriole -> 097.Orchard_Oriole, 077.Tropical_Kingbird/Tropical_Kingbird_0095_69482.jpg:077.Tropical_Kingbird -> 097.Orchard_Oriole, 097.Orchard_Oriole/Orchard_Oriole_0019_91338.jpg:097.Orchard_Oriole -> 094.White_breasted_Nuthatch, 097.Orchard_Oriole/Orchard_Oriole_0021_91644.jpg:097.Orchard_Oriole -> 067.Anna_Hummingbird, 097.Orchard_Oriole/Orchard_Oriole_0105_91186.jpg:097.Orchard_Oriole -> 097.Orchard_Oriole, 
089.Hooded_Merganser/Hooded_Merganser_0071_796760.jpg:089.Hooded_Merganser -> 098.Scott_Oriole, 081.Pied_Kingfisher/Pied_Kingfisher_0030_72603.jpg:081.Pied_Kingfisher -> 098.Scott_Oriole, 098.Scott_Oriole/Scott_Oriole_0058_795849.jpg:098.Scott_Oriole -> 098.Scott_Oriole, 098.Scott_Oriole/Scott_Oriole_0003_92247.jpg:098.Scott_Oriole -> 097.Orchard_Oriole, 098.Scott_Oriole/Scott_Oriole_0057_795856.jpg:098.Scott_Oriole -> 067.Anna_Hummingbird, 098.Scott_Oriole/Scott_Oriole_0079_92248.jpg:098.Scott_Oriole -> 080.Green_Kingfisher, 
099.Ovenbird/Ovenbird_0035_92785.jpg:099.Ovenbird -> 085.Horned_Lark, 099.Ovenbird/Ovenbird_0101_93104.jpg:099.Ovenbird -> 085.Horned_Lark, 099.Ovenbird/Ovenbird_0102_93172.jpg:099.Ovenbird -> 067.Anna_Hummingbird, 099.Ovenbird/Ovenbird_0130_92452.jpg:099.Ovenbird -> 085.Horned_Lark, 099.Ovenbird/Ovenbird_0099_93148.jpg:099.Ovenbird -> 085.Horned_Lark, 099.Ovenbird/Ovenbird_0112_93018.jpg:099.Ovenbird -> 085.Horned_Lark, 
100.Brown_Pelican/Brown_Pelican_0043_94506.jpg:100.Brown_Pelican -> 100.Brown_Pelican, 100.Brown_Pelican/Brown_Pelican_0025_95218.jpg:100.Brown_Pelican -> 100.Brown_Pelican, 100.Brown_Pelican/Brown_Pelican_0139_93995.jpg:100.Brown_Pelican -> 100.Brown_Pelican, 100.Brown_Pelican/Brown_Pelican_0031_93874.jpg:100.Brown_Pelican -> 100.Brown_Pelican, 100.Brown_Pelican/Brown_Pelican_0071_94549.jpg:100.Brown_Pelican -> 100.Brown_Pelican, 100.Brown_Pelican/Brown_Pelican_0002_94773.jpg:100.Brown_Pelican -> 100.Brown_Pelican, 
