101.White_Pelican/White_Pelican_0032_96920.jpg:101.White_Pelican -> 101.White_Pelican, 101.White_Pelican/White_Pelican_0010_96876.jpg:101.White_Pelican -> 101.White_Pelican, 101.White_Pelican/White_Pelican_0048_95764.jpg:101.White_Pelican -> 101.White_Pelican, 101.White_Pelican/White_Pelican_0053_96236.jpg:101.White_Pelican -> 154.Red_eyed_Vireo, 101.White_Pelican/White_Pelican_0036_96863.jpg:101.White_Pelican -> 101.White_Pelican, 101.White_Pelican/White_Pelican_0077_97025.jpg:101.White_Pelican -> 101.White_Pelican, 
172.Nashville_Warbler/Nashville_Warbler_0086_167045.jpg:172.Nashville_Warbler -> 102.Western_Wood_Pewee, 103.Sayornis/Sayornis_0081_99508.jpg:103.Sayornis -> 102.Western_Wood_Pewee, 158.Bay_breasted_Warbler/Bay_Breasted_Warbler_0086_159860.jpg:158.Bay_breasted_Warbler -> 102.Western_Wood_Pewee, 102.Western_Wood_Pewee/Western_Wood_Pewee_0029_795042.jpg:102.Western_Wood_Pewee -> 190.Red_cockaded_Woodpecker, 102.Western_Wood_Pewee/Western_Wood_Pewee_0061_795060.jpg:102.Western_Wood_Pewee -> 102.Western_Wood_Pewee, 102.Western_Wood_Pewee/Western_Wood_Pewee_0004_98257.jpg:102.Western_Wood_Pewee -> 102.Western_Wood_Pewee, 
132.White_crowned_Sparrow/White_Crowned_Sparrow_0012_127853.jpg:132.White_crowned_Sparrow -> 103.Sayornis, 177.Prothonotary_Warbler/Prothonotary_Warbler_0110_173857.jpg:177.Prothonotary_Warbler -> 103.Sayornis, 181.Worm_eating_Warbler/Worm_Eating_Warbler_0076_176086.jpg:181.Worm_eating_Warbler -> 103.Sayornis, 103.Sayornis/Sayornis_0070_99354.jpg:103.Sayornis -> 129.Song_Sparrow, 103.Sayornis/Sayornis_0130_98678.jpg:103.Sayornis -> 154.Red_eyed_Vireo, 103.Sayornis/Sayornis_0086_98829.jpg:103.Sayornis -> 185.Bohemian_Waxwing, 
159.Black_and_white_Warbler/Black_And_White_Warbler_0046_160202.jpg:159.Black_and_white_Warbler -> 104.American_Pipit, 115.Brewer_Sparrow/Brewer_Sparrow_0053_796694.jpg:115.Brewer_Sparrow -> 104.American_Pipit, 150.Sage_Thrasher/Sage_Thrasher_0006_155478.jpg:150.Sage_Thrasher -> 104.American_Pipit, 104.American_Pipit/American_Pipit_0021_100378.jpg:104.American_Pipit -> 114.Black_throated_Sparrow, 104.American_Pipit/American_Pipit_0080_100055.jpg:104.American_Pipit -> 132.White_crowned_Sparrow, 104.American_Pipit/American_Pipit_0087_99996.jpg:104.American_Pipit -> 106.Horned_Puffin, 
161.Blue_winged_Warbler/Blue_Winged_Warbler_0043_161804.jpg:161.Blue_winged_Warbler -> 105.Whip_poor_Will, 108.White_necked_Raven/White_Necked_Raven_0041_797394.jpg:108.White_necked_Raven -> 105.Whip_poor_Will, 105.Whip_poor_Will/Whip_Poor_Will_0018_796403.jpg:105.Whip_poor_Will -> 105.Whip_poor_Will, 105.Whip_poor_Will/Whip_Poor_Will_0037_796405.jpg:105.Whip_poor_Will -> 105.Whip_poor_Will, 105.Whip_poor_Will/Whip_Poor_Will_0008_796420.jpg:105.Whip_poor_Will -> 139.Scarlet_Tanager, 105.Whip_poor_Will/Whip_Poor_Will_0006_22800.jpg:105.Whip_poor_Will -> 142.Black_Tern, 
106.Horned_Puffin/Horned_Puffin_0047_100967.jpg:106.Horned_Puffin -> 106.Horned_Puffin, 108.White_necked_Raven/White_Necked_Raven_0043_797363.jpg:108.White_necked_Raven -> 106.Horned_Puffin, 106.Horned_Puffin/Horned_Puffin_0073_100830.jpg:106.Horned_Puffin -> 106.Horned_Puffin, 106.Horned_Puffin/Horned_Puffin_0055_100882.jpg:106.Horned_Puffin -> 106.Horned_Puffin, 106.Horned_Puffin/Horned_Puffin_0042_100760.jpg:106.Horned_Puffin -> 185.Bohemian_Waxwing, 106.Horned_Puffin/Horned_Puffin_0006_100989.jpg:106.Horned_Puffin -> 106.Horned_Puffin, 
152.Blue_headed_Vireo/Blue_Headed_Vireo_0091_155934.jpg:152.Blue_headed_Vireo -> 107.Common_Raven, 127.Savannah_Sparrow/Savannah_Sparrow_0062_120185.jpg:127.Savannah_Sparrow -> 107.Common_Raven, 145.Elegant_Tern/Elegant_Tern_0072_150911.jpg:145.Elegant_Tern -> 107.Common_Raven, 107.Common_Raven/Common_Raven_0028_102452.jpg:107.Common_Raven -> 135.Bank_Swallow, 107.Common_Raven/Common_Raven_0116_101350.jpg:107.Common_Raven -> 111.Loggerhead_Shrike, 107.Common_Raven/Common_Raven_0085_102041.jpg:107.Common_Raven -> 190.Red_cockaded_Woodpecker, 
107.Common_Raven/Common_Raven_0001_101213.jpg:107.Common_Raven -> 108.White_necked_Raven, 141.Artic_Tern/Artic_Tern_0048_142372.jpg:141.Artic_Tern -> 108.White_necked_Raven, 108.White_necked_Raven/White_Necked_Raven_0026_797357.jpg:108.White_necked_Raven -> 108.White_necked_Raven, 108.White_necked_Raven/White_Necked_Raven_0027_797355.jpg:108.White_necked_Raven -> 134.Cape_Glossy_Starling, 108.White_necked_Raven/White_Necked_Raven_0007_102676.jpg:108.White_necked_Raven -> 154.Red_eyed_Vireo, 108.White_necked_Raven/White_Necked_Raven_0055_797352.jpg:108.White_necked_Raven -> 190.Red_cockaded_Woodpecker, 
171.Myrtle_Warbler/Myrtle_Warbler_0032_166847.jpg:171.Myrtle_Warbler -> 109.American_Redstart, 139.Scarlet_Tanager/Scarlet_Tanager_0018_138294.jpg:139.Scarlet_Tanager -> 109.American_Redstart, 183.Northern_Waterthrush/Northern_Waterthrush_0062_177364.jpg:183.Northern_Waterthrush -> 109.American_Redstart, 109.American_Redstart/American_Redstart_0088_103892.jpg:109.American_Redstart -> 109.American_Redstart, 109.American_Redstart/American_Redstart_0119_104057.jpg:109.American_Redstart -> 109.American_Redstart, 109.American_Redstart/American_Redstart_0103_102946.jpg:109.American_Redstart -> 190.Red_cockaded_Woodpecker, 
184.Louisiana_Waterthrush/Louisiana_Waterthrush_0048_795277.jpg:184.Louisiana_Waterthrush -> 110.Geococcyx, 104.American_Pipit/American_Pipit_0062_100000.jpg:104.American_Pipit -> 110.Geococcyx, 150.Sage_Thrasher/Sage_Thrasher_0016_155566.jpg:150.Sage_Thrasher -> 110.Geococcyx, 110.Geococcyx/Geococcyx_0107_104534.jpg:110.Geococcyx -> 110.Geococcyx, 110.Geococcyx/Geococcyx_0010_104197.jpg:110.Geococcyx -> 123.Henslow_Sparrow, 110.Geococcyx/Geococcyx_0041_104273.jpg:110.Geococcyx -> 110.Geococcyx, 
185.Bohemian_Waxwing/Bohemian_Waxwing_0006_796651.jpg:185.Bohemian_Waxwing -> 111.Loggerhead_Shrike, 111.Loggerhead_Shrike/Loggerhead_Shrike_0068_105400.jpg:111.Loggerhead_Shrike -> 111.Loggerhead_Shrike, 136.Barn_Swallow/Barn_Swallow_0054_131146.jpg:136.Barn_Swallow -> 111.Loggerhead_Shrike, 111.Loggerhead_Shrike/Loggerhead_Shrike_0120_105777.jpg:111.Loggerhead_Shrike -> 111.Loggerhead_Shrike, 111.Loggerhead_Shrike/Loggerhead_Shrike_0126_106316.jpg:111.Loggerhead_Shrike -> 186.Cedar_Waxwing, 111.Loggerhead_Shrike/Loggerhead_Shrike_0114_104960.jpg:111.Loggerhead_Shrike -> 111.Loggerhead_Shrike, 
189.Red_bellied_Woodpecker/Red_Bellied_Woodpecker_0073_180994.jpg:189.Red_bellied_Woodpecker -> 112.Great_Grey_Shrike, 128.Seaside_Sparrow/Seaside_Sparrow_0052_796498.jpg:128.Seaside_Sparrow -> 112.Great_Grey_Shrike, 130.Tree_Sparrow/Tree_Sparrow_0005_122949.jpg:130.Tree_Sparrow -> 112.Great_Grey_Shrike, 112.Great_Grey_Shrike/Great_Grey_Shrike_0086_106533.jpg:112.Great_Grey_Shrike -> 107.Common_Raven, 112.Great_Grey_Shrike/Great_Grey_Shrike_0032_797021.jpg:112.Great_Grey_Shrike -> 111.Loggerhead_Shrike, 112.Great_Grey_Shrike/Great_Grey_Shrike_0092_797048.jpg:112.Great_Grey_Shrike -> 142.Black_Tern, 
102.Western_Wood_Pewee/Western_Wood_Pewee_0040_795051.jpg:102.Western_Wood_Pewee -> 113.Baird_Sparrow, 111.Loggerhead_Shrike/Loggerhead_Shrike_0065_104856.jpg:111.Loggerhead_Shrike -> 113.Baird_Sparrow, 106.Horned_Puffin/Horned_Puffin_0015_100889.jpg:106.Horned_Puffin -> 113.Baird_Sparrow, 113.Baird_Sparrow/Baird_Sparrow_0008_106929.jpg:113.Baird_Sparrow -> 113.Baird_Sparrow, 113.Baird_Sparrow/Baird_Sparrow_0049_787324.jpg:113.Baird_Sparrow -> 110.Geococcyx, 113.Baird_Sparrow/Baird_Sparrow_0040_794581.jpg:113.Baird_Sparrow -> 127.Savannah_Sparrow, 
132.White_crowned_Sparrow/White_Crowned_Sparrow_0047_127575.jpg:132.White_crowned_Sparrow -> 114.Black_throated_Sparrow, 190.Red_cockaded_Woodpecker/Red_Cockaded_Woodpecker_0058_794739.jpg:190.Red_cockaded_Woodpecker -> 114.Black_throated_Sparrow, 114.Black_throated_Sparrow/Black_Throated_Sparrow_0015_107079.jpg:114.Black_throated_Sparrow -> 114.Black_throated_Sparrow, 114.Black_throated_Sparrow/Black_Throated_Sparrow_0057_107036.jpg:114.Black_throated_Sparrow -> 114.Black_throated_Sparrow, 114.Black_throated_Sparrow/Black_Throated_Sparrow_0005_107150.jpg:114.Black_throated_Sparrow -> 127.Savannah_Sparrow, 114.Black_throated_Sparrow/Black_Throated_Sparrow_0039_107259.jpg:114.Black_throated_Sparrow -> 116.Chipping_Sparrow, 
181.Worm_eating_Warbler/Worm_Eating_Warbler_0057_176006.jpg:181.Worm_eating_Warbler -> 115.Brewer_Sparrow, 150.Sage_Thrasher/Sage_Thrasher_0023_796458.jpg:150.Sage_Thrasher -> 115.Brewer_Sparrow, 197.Marsh_Wren/Marsh_Wren_0022_188280.jpg:197.Marsh_Wren -> 115.Brewer_Sparrow, 115.Brewer_Sparrow/Brewer_Sparrow_0071_107446.jpg:115.Brewer_Sparrow -> 131.Vesper_Sparrow, 115.Brewer_Sparrow/Brewer_Sparrow_0001_796718.jpg:115.Brewer_Sparrow -> 197.Marsh_Wren, 115.Brewer_Sparrow/Brewer_Sparrow_0010_796716.jpg:115.Brewer_Sparrow -> 117.Clay_colored_Sparrow, 
116.Chipping_Sparrow/Chipping_Sparrow_0011_108081.jpg:116.Chipping_Sparrow -> 116.Chipping_Sparrow, 131.Vesper_Sparrow/Vesper_Sparrow_0095_125459.jpg:131.Vesper_Sparrow -> 116.Chipping_Sparrow, 183.Northern_Waterthrush/Northern_Waterthrush_0108_177059.jpg:183.Northern_Waterthrush -> 116.Chipping_Sparrow, 116.Chipping_Sparrow/Chipping_Sparrow_0022_107825.jpg:116.Chipping_Sparrow -> 199.Winter_Wren, 116.Chipping_Sparrow/Chipping_Sparrow_0109_108162.jpg:116.Chipping_Sparrow -> 115.Brewer_Sparrow, 116.Chipping_Sparrow/Chipping_Sparrow_0050_108441.jpg:116.Chipping_Sparrow -> 138.Tree_Swallow, 
121.Grasshopper_Sparrow/Grasshopper_Sparrow_0018_116056.jpg:121.Grasshopper_Sparrow -> 117.Clay_colored_Sparrow, 167.Hooded_Warbler/Hooded_Warbler_0048_164622.jpg:167.Hooded_Warbler -> 117.Clay_colored_Sparrow, 174.Palm_Warbler/Palm_Warbler_0061_169954.jpg:174.Palm_Warbler -> 117.Clay_colored_Sparrow, 117.Clay_colored_Sparrow/Clay_Colored_Sparrow_0061_110830.jpg:117.Clay_colored_Sparrow -> 158.Bay_breasted_Warbler, 117.Clay_colored_Sparrow/Clay_Colored_Sparrow_0100_110545.jpg:117.Clay_colored_Sparrow -> 117.Clay_colored_Sparrow, 117.Clay_colored_Sparrow/Clay_Colored_Sparrow_0022_110518.jpg:117.Clay_colored_Sparrow -> 113.Baird_Sparrow, 
116.Chipping_Sparrow/Chipping_Sparrow_0075_108348.jpg:116.Chipping_Sparrow -> 118.House_Sparrow, 120.Fox_Sparrow/Fox_Sparrow_0047_115022.jpg:120.Fox_Sparrow -> 118.House_Sparrow, 120.Fox_Sparrow/Fox_Sparrow_0047_115022.jpg:120.Fox_Sparrow -> 118.House_Sparrow, 118.House_Sparrow/House_Sparrow_0145_112703.jpg:118.House_Sparrow -> 187.American_Three_toed_Woodpecker, 118.House_Sparrow/House_Sparrow_0093_110990.jpg:118.House_Sparrow -> 138.Tree_Swallow, 118.House_Sparrow/House_Sparrow_0033_112590.jpg:118.House_Sparrow -> 165.Chestnut_sided_Warbler, 
121.Grasshopper_Sparrow/Grasshopper_Sparrow_0121_116110.jpg:121.Grasshopper_Sparrow -> 119.Field_Sparrow, 129.Song_Sparrow/Song_Sparrow_0009_121025.jpg:129.Song_Sparrow -> 119.Field_Sparrow, 130.Tree_Sparrow/Tree_Sparrow_0076_123669.jpg:130.Tree_Sparrow -> 119.Field_Sparrow, 119.Field_Sparrow/Field_Sparrow_0120_113953.jpg:119.Field_Sparrow -> 117.Clay_colored_Sparrow, 119.Field_Sparrow/Field_Sparrow_0112_114159.jpg:119.Field_Sparrow -> 177.Prothonotary_Warbler, 119.Field_Sparrow/Field_Sparrow_0121_113455.jpg:119.Field_Sparrow -> 119.Field_Sparrow, 
129.Song_Sparrow/Song_Sparrow_0013_121056.jpg:129.Song_Sparrow -> 120.Fox_Sparrow, 171.Myrtle_Warbler/Myrtle_Warbler_0089_166896.jpg:171.Myrtle_Warbler -> 120.Fox_Sparrow, 118.House_Sparrow/House_Sparrow_0059_111164.jpg:118.House_Sparrow -> 120.Fox_Sparrow, 120.Fox_Sparrow/Fox_Sparrow_0035_114866.jpg:120.Fox_Sparrow -> 133.White_throated_Sparrow, 120.Fox_Sparrow/Fox_Sparrow_0119_115512.jpg:120.Fox_Sparrow -> 183.Northern_Waterthrush, 120.Fox_Sparrow/Fox_Sparrow_0116_115311.jpg:120.Fox_Sparrow -> 125.Lincoln_Sparrow, 
104.American_Pipit/American_Pipit_0082_99867.jpg:104.American_Pipit -> 121.Grasshopper_Sparrow, 184.Louisiana_Waterthrush/Louisiana_Waterthrush_0094_795264.jpg:184.Louisiana_Waterthrush -> 121.Grasshopper_Sparrow, 121.Grasshopper_Sparrow/Grasshopper_Sparrow_0101_116094.jpg:121.Grasshopper_Sparrow -> 121.Grasshopper_Sparrow, 121.Grasshopper_Sparrow/Grasshopper_Sparrow_0115_115914.jpg:121.Grasshopper_Sparrow -> 132.White_crowned_Sparrow, 121.Grasshopper_Sparrow/Grasshopper_Sparrow_0058_115862.jpg:121.Grasshopper_Sparrow -> 126.Nelson_Sharp_tailed_Sparrow, 121.Grasshopper_Sparrow/Grasshopper_Sparrow_0067_115979.jpg:121.Grasshopper_Sparrow -> 113.Baird_Sparrow, 
198.Rock_Wren/Rock_Wren_0023_189075.jpg:198.Rock_Wren -> 122.Harris_Sparrow, 122.Harris_Sparrow/Harris_Sparrow_0048_116405.jpg:122.Harris_Sparrow -> 122.Harris_Sparrow, 198.Rock_Wren/Rock_Wren_0023_189075.jpg:198.Rock_Wren -> 122.Harris_Sparrow, 122.Harris_Sparrow/Harris_Sparrow_0056_116532.jpg:122.Harris_Sparrow -> 158.Bay_breasted_Warbler, 122.Harris_Sparrow/Harris_Sparrow_0048_116405.jpg:122.Harris_Sparrow -> 122.Harris_Sparrow, 122.Harris_Sparrow/Harris_Sparrow_0090_116664.jpg:122.Harris_Sparrow -> 154.Red_eyed_Vireo, 
194.Cactus_Wren/Cactus_Wren_0046_186017.jpg:194.Cactus_Wren -> 123.Henslow_Sparrow, 182.Yellow_Warbler/Yellow_Warbler_0013_176437.jpg:182.Yellow_Warbler -> 123.Henslow_Sparrow, 173.Orange_crowned_Warbler/Orange_Crowned_Warbler_0087_168439.jpg:173.Orange_crowned_Warbler -> 123.Henslow_Sparrow, 123.Henslow_Sparrow/Henslow_Sparrow_0096_116758.jpg:123.Henslow_Sparrow -> 126.Nelson_Sharp_tailed_Sparrow, 123.Henslow_Sparrow/Henslow_Sparrow_0068_796615.jpg:123.Henslow_Sparrow -> 185.Bohemian_Waxwing, 123.Henslow_Sparrow/Henslow_Sparrow_0061_116751.jpg:123.Henslow_Sparrow -> 108.White_necked_Raven, 
200.Common_Yellowthroat/Common_Yellowthroat_0059_190584.jpg:200.Common_Yellowthroat -> 124.Le_Conte_Sparrow, 170.Mourning_Warbler/Mourning_Warbler_0042_166493.jpg:170.Mourning_Warbler -> 124.Le_Conte_Sparrow, 136.Barn_Swallow/Barn_Swallow_0062_132755.jpg:136.Barn_Swallow -> 124.Le_Conte_Sparrow, 124.Le_Conte_Sparrow/Le_Conte_Sparrow_0039_117054.jpg:124.Le_Conte_Sparrow -> 120.Fox_Sparrow, 124.Le_Conte_Sparrow/Le_Conte_Sparrow_0072_795230.jpg:124.Le_Conte_Sparrow -> 151.Black_capped_Vireo, 124.Le_Conte_Sparrow/Le_Conte_Sparrow_0098_795231.jpg:124.Le_Conte_Sparrow -> 120.Fox_Sparrow, 
127.Savannah_Sparrow/Savannah_Sparrow_0052_118583.jpg:127.Savannah_Sparrow -> 125.Lincoln_Sparrow, 199.Winter_Wren/Winter_Wren_0082_189549.jpg:199.Winter_Wren -> 125.Lincoln_Sparrow, 114.Black_throated_Sparrow/Black_Throated_Sparrow_0072_107255.jpg:114.Black_throated_Sparrow -> 125.Lincoln_Sparrow, 125.Lincoln_Sparrow/Lincoln_Sparrow_0089_117527.jpg:125.Lincoln_Sparrow -> 125.Lincoln_Sparrow, 125.Lincoln_Sparrow/Lincoln_Sparrow_0041_117636.jpg:125.Lincoln_Sparrow -> 125.Lincoln_Sparrow, 125.Lincoln_Sparrow/Lincoln_Sparrow_0116_117372.jpg:125.Lincoln_Sparrow -> 120.Fox_Sparrow, 
126.Nelson_Sharp_tailed_Sparrow/Nelson_Sharp_Tailed_Sparrow_0019_118066.jpg:126.Nelson_Sharp_tailed_Sparrow -> 126.Nelson_Sharp_tailed_Sparrow, 104.American_Pipit/American_Pipit_0048_100140.jpg:104.American_Pipit -> 126.Nelson_Sharp_tailed_Sparrow, 162.Canada_Warbler/Canada_Warbler_0063_162324.jpg:162.Canada_Warbler -> 126.Nelson_Sharp_tailed_Sparrow, 126.Nelson_Sharp_tailed_Sparrow/Nelson_Sharp_Tailed_Sparrow_0037_117986.jpg:126.Nelson_Sharp_tailed_Sparrow -> 116.Chipping_Sparrow, 126.Nelson_Sharp_tailed_Sparrow/Nelson_Sharp_Tailed_Sparrow_0029_796923.jpg:126.Nelson_Sharp_tailed_Sparrow -> 117.Clay_colored_Sparrow, 126.Nelson_Sharp_tailed_Sparrow/Nelson_Sharp_Tailed_Sparrow_0064_117965.jpg:126.Nelson_Sharp_tailed_Sparrow -> 126.Nelson_Sharp_tailed_Sparrow, 
127.Savannah_Sparrow/Savannah_Sparrow_0066_119949.jpg:127.Savannah_Sparrow -> 127.Savannah_Sparrow, 183.Northern_Waterthrush/Northern_Waterthrush_0051_177120.jpg:183.Northern_Waterthrush -> 127.Savannah_Sparrow, 127.Savannah_Sparrow/Savannah_Sparrow_0066_119949.jpg:127.Savannah_Sparrow -> 127.Savannah_Sparrow, 127.Savannah_Sparrow/Savannah_Sparrow_0033_118871.jpg:127.Savannah_Sparrow -> 128.Seaside_Sparrow, 127.Savannah_Sparrow/Savannah_Sparrow_0139_119444.jpg:127.Savannah_Sparrow -> 142.Black_Tern, 127.Savannah_Sparrow/Savannah_Sparrow_0080_118120.jpg:127.Savannah_Sparrow -> 149.Brown_Thrasher, 
159.Black_and_white_Warbler/Black_And_White_Warbler_0048_160287.jpg:159.Black_and_white_Warbler -> 128.Seaside_Sparrow, 117.Clay_colored_Sparrow/Clay_Colored_Sparrow_0071_110656.jpg:117.Clay_colored_Sparrow -> 128.Seaside_Sparrow, 127.Savannah_Sparrow/Savannah_Sparrow_0033_118871.jpg:127.Savannah_Sparrow -> 128.Seaside_Sparrow, 128.Seaside_Sparrow/Seaside_Sparrow_0059_120794.jpg:128.Seaside_Sparrow -> 128.Seaside_Sparrow, 128.Seaside_Sparrow/Seaside_Sparrow_0036_120785.jpg:128.Seaside_Sparrow -> 177.Prothonotary_Warbler, 128.Seaside_Sparrow/Seaside_Sparrow_0039_796530.jpg:128.Seaside_Sparrow -> 177.Prothonotary_Warbler, 
117.Clay_colored_Sparrow/Clay_Colored_Sparrow_0064_110664.jpg:117.Clay_colored_Sparrow -> 129.Song_Sparrow, 103.Sayornis/Sayornis_0070_99354.jpg:103.Sayornis -> 129.Song_Sparrow, 124.Le_Conte_Sparrow/Le_Conte_Sparrow_0084_795189.jpg:124.Le_Conte_Sparrow -> 129.Song_Sparrow, 129.Song_Sparrow/Song_Sparrow_0135_121261.jpg:129.Song_Sparrow -> 106.Horned_Puffin, 129.Song_Sparrow/Song_Sparrow_0087_121062.jpg:129.Song_Sparrow -> 129.Song_Sparrow, 129.Song_Sparrow/Song_Sparrow_0112_121027.jpg:129.Song_Sparrow -> 104.American_Pipit, 
130.Tree_Sparrow/Tree_Sparrow_0058_123591.jpg:130.Tree_Sparrow -> 130.Tree_Sparrow, 118.House_Sparrow/House_Sparrow_0005_111967.jpg:118.House_Sparrow -> 130.Tree_Sparrow, 130.Tree_Sparrow/Tree_Sparrow_0128_123979.jpg:130.Tree_Sparrow -> 130.Tree_Sparrow, 130.Tree_Sparrow/Tree_Sparrow_0058_123591.jpg:130.Tree_Sparrow -> 130.Tree_Sparrow, 130.Tree_Sparrow/Tree_Sparrow_0097_123462.jpg:130.Tree_Sparrow -> 165.Chestnut_sided_Warbler, 130.Tree_Sparrow/Tree_Sparrow_0025_124233.jpg:130.Tree_Sparrow -> 130.Tree_Sparrow, 
168.Kentucky_Warbler/Kentucky_Warbler_0043_165240.jpg:168.Kentucky_Warbler -> 131.Vesper_Sparrow, 179.Tennessee_Warbler/Tennessee_Warbler_0004_174997.jpg:179.Tennessee_Warbler -> 131.Vesper_Sparrow, 103.Sayornis/Sayornis_0039_98420.jpg:103.Sayornis -> 131.Vesper_Sparrow, 131.Vesper_Sparrow/Vesper_Sparrow_0049_125806.jpg:131.Vesper_Sparrow -> 129.Song_Sparrow, 131.Vesper_Sparrow/Vesper_Sparrow_0041_125458.jpg:131.Vesper_Sparrow -> 116.Chipping_Sparrow, 131.Vesper_Sparrow/Vesper_Sparrow_0004_125787.jpg:131.Vesper_Sparrow -> 109.American_Redstart, 
127.Savannah_Sparrow/Savannah_Sparrow_0035_120099.jpg:127.Savannah_Sparrow -> 132.White_crowned_Sparrow, 165.Chestnut_sided_Warbler/Chestnut_Sided_Warbler_0033_163607.jpg:165.Chestnut_sided_Warbler -> 132.White_crowned_Sparrow, 132.White_crowned_Sparrow/White_Crowned_Sparrow_0101_127058.jpg:132.White_crowned_Sparrow -> 132.White_crowned_Sparrow, 132.White_crowned_Sparrow/White_Crowned_Sparrow_0087_128008.jpg:132.White_crowned_Sparrow -> 126.Nelson_Sharp_tailed_Sparrow, 132.White_crowned_Sparrow/White_Crowned_Sparrow_0044_127386.jpg:132.White_crowned_Sparrow -> 125.Lincoln_Sparrow, 132.White_crowned_Sparrow/White_Crowned_Sparrow_0107_128662.jpg:132.White_crowned_Sparrow -> 115.Brewer_Sparrow, 
133.White_throated_Sparrow/White_Throated_Sparrow_0038_128853.jpg:133.White_throated_Sparrow -> 133.White_throated_Sparrow, 187.American_Three_toed_Woodpecker/American_Three_Toed_Woodpecker_0048_796163.jpg:187.American_Three_toed_Woodpecker -> 133.White_throated_Sparrow, 104.American_Pipit/American_Pipit_0116_100015.jpg:104.American_Pipit -> 133.White_throated_Sparrow, 133.White_throated_Sparrow/White_Throated_Sparrow_0075_128990.jpg:133.White_throated_Sparrow -> 127.Savannah_Sparrow, 133.White_throated_Sparrow/White_Throated_Sparrow_0107_129046.jpg:133.White_throated_Sparrow -> 109.American_Redstart, 133.White_throated_Sparrow/White_Throated_Sparrow_0056_128906.jpg:133.White_throated_Sparrow -> 115.Brewer_Sparrow, 
189.Red_bellied_Woodpecker/Red_Bellied_Woodpecker_0025_180756.jpg:189.Red_bellied_Woodpecker -> 134.Cape_Glossy_Starling, 134.Cape_Glossy_Starling/Cape_Glossy_Starling_0024_129384.jpg:134.Cape_Glossy_Starling -> 134.Cape_Glossy_Starling, 134.Cape_Glossy_Starling/Cape_Glossy_Starling_0091_129470.jpg:134.Cape_Glossy_Starling -> 134.Cape_Glossy_Starling, 134.Cape_Glossy_Starling/Cape_Glossy_Starling_0012_129225.jpg:134.Cape_Glossy_Starling -> 179.Tennessee_Warbler, 134.Cape_Glossy_Starling/Cape_Glossy_Starling_0099_129412.jpg:134.Cape_Glossy_Starling -> 134.Cape_Glossy_Starling, 134.Cape_Glossy_Starling/Cape_Glossy_Starling_0080_129362.jpg:134.Cape_Glossy_Starling -> 190.Red_cockaded_Woodpecker, 
128.Seaside_Sparrow/Seaside_Sparrow_0004_796514.jpg:128.Seaside_Sparrow -> 135.Bank_Swallow, 138.Tree_Swallow/Tree_Swallow_0064_136322.jpg:138.Tree_Swallow -> 135.Bank_Swallow, 164.Cerulean_Warbler/Cerulean_Warbler_0043_797203.jpg:164.Cerulean_Warbler -> 135.Bank_Swallow, 135.Bank_Swallow/Bank_Swallow_0006_129652.jpg:135.Bank_Swallow -> 113.Baird_Sparrow, 135.Bank_Swallow/Bank_Swallow_0025_129521.jpg:135.Bank_Swallow -> 159.Black_and_white_Warbler, 135.Bank_Swallow/Bank_Swallow_0049_129611.jpg:135.Bank_Swallow -> 159.Black_and_white_Warbler, 
123.Henslow_Sparrow/Henslow_Sparrow_0087_116942.jpg:123.Henslow_Sparrow -> 136.Barn_Swallow, 136.Barn_Swallow/Barn_Swallow_0094_132154.jpg:136.Barn_Swallow -> 136.Barn_Swallow, 184.Louisiana_Waterthrush/Louisiana_Waterthrush_0025_177403.jpg:184.Louisiana_Waterthrush -> 136.Barn_Swallow, 136.Barn_Swallow/Barn_Swallow_0045_130244.jpg:136.Barn_Swallow -> 103.Sayornis, 136.Barn_Swallow/Barn_Swallow_0017_132951.jpg:136.Barn_Swallow -> 136.Barn_Swallow, 136.Barn_Swallow/Barn_Swallow_0006_131315.jpg:136.Barn_Swallow -> 127.Savannah_Sparrow, 
164.Cerulean_Warbler/Cerulean_Warbler_0003_163305.jpg:164.Cerulean_Warbler -> 137.Cliff_Swallow, 107.Common_Raven/Common_Raven_0121_101744.jpg:107.Common_Raven -> 137.Cliff_Swallow, 106.Horned_Puffin/Horned_Puffin_0072_100938.jpg:106.Horned_Puffin -> 137.Cliff_Swallow, 137.Cliff_Swallow/Cliff_Swallow_0036_133168.jpg:137.Cliff_Swallow -> 110.Geococcyx, 137.Cliff_Swallow/Cliff_Swallow_0028_132365.jpg:137.Cliff_Swallow -> 185.Bohemian_Waxwing, 137.Cliff_Swallow/Cliff_Swallow_0041_134111.jpg:137.Cliff_Swallow -> 104.American_Pipit, 
154.Red_eyed_Vireo/Red_Eyed_Vireo_0071_156967.jpg:154.Red_eyed_Vireo -> 138.Tree_Swallow, 138.Tree_Swallow/Tree_Swallow_0040_135172.jpg:138.Tree_Swallow -> 138.Tree_Swallow, 132.White_crowned_Sparrow/White_Crowned_Sparrow_0102_127708.jpg:132.White_crowned_Sparrow -> 138.Tree_Swallow, 138.Tree_Swallow/Tree_Swallow_0095_135829.jpg:138.Tree_Swallow -> 138.Tree_Swallow, 138.Tree_Swallow/Tree_Swallow_0107_136223.jpg:138.Tree_Swallow -> 138.Tree_Swallow, 138.Tree_Swallow/Tree_Swallow_0071_136749.jpg:138.Tree_Swallow -> 138.Tree_Swallow, 
156.White_eyed_Vireo/White_Eyed_Vireo_0136_156418.jpg:156.White_eyed_Vireo -> 139.Scarlet_Tanager, 181.Worm_eating_Warbler/Worm_Eating_Warbler_0012_795515.jpg:181.Worm_eating_Warbler -> 139.Scarlet_Tanager, 121.Grasshopper_Sparrow/Grasshopper_Sparrow_0060_15159.jpg:121.Grasshopper_Sparrow -> 139.Scarlet_Tanager, 139.Scarlet_Tanager/Scarlet_Tanager_0042_138287.jpg:139.Scarlet_Tanager -> 185.Bohemian_Waxwing, 139.Scarlet_Tanager/Scarlet_Tanager_0086_138272.jpg:139.Scarlet_Tanager -> 106.Horned_Puffin, 139.Scarlet_Tanager/Scarlet_Tanager_0119_138291.jpg:139.Scarlet_Tanager -> 140.Summer_Tanager, 
161.Blue_winged_Warbler/Blue_Winged_Warbler_0078_161889.jpg:161.Blue_winged_Warbler -> 140.Summer_Tanager, 140.Summer_Tanager/Summer_Tanager_0103_139267.jpg:140.Summer_Tanager -> 140.Summer_Tanager, 161.Blue_winged_Warbler/Blue_Winged_Warbler_0050_162057.jpg:161.Blue_winged_Warbler -> 140.Summer_Tanager, 140.Summer_Tanager/Summer_Tanager_0069_139941.jpg:140.Summer_Tanager -> 140.Summer_Tanager, 140.Summer_Tanager/Summer_Tanager_0073_139379.jpg:140.Summer_Tanager -> 140.Summer_Tanager, 140.Summer_Tanager/Summer_Tanager_0111_139605.jpg:140.Summer_Tanager -> 105.Whip_poor_Will, 
137.Cliff_Swallow/Cliff_Swallow_0094_133114.jpg:137.Cliff_Swallow -> 141.Artic_Tern, 144.Common_Tern/Common_Tern_0037_148048.jpg:144.Common_Tern -> 141.Artic_Tern, 143.Caspian_Tern/Caspian_Tern_0016_145314.jpg:143.Caspian_Tern -> 141.Artic_Tern, 141.Artic_Tern/Artic_Tern_0082_142127.jpg:141.Artic_Tern -> 141.Artic_Tern, 141.Artic_Tern/Artic_Tern_0119_142682.jpg:141.Artic_Tern -> 149.Brown_Thrasher, 141.Artic_Tern/Artic_Tern_0099_141170.jpg:141.Artic_Tern -> 112.Great_Grey_Shrike, 
111.Loggerhead_Shrike/Loggerhead_Shrike_0116_105286.jpg:111.Loggerhead_Shrike -> 142.Black_Tern, 127.Savannah_Sparrow/Savannah_Sparrow_0139_119444.jpg:127.Savannah_Sparrow -> 142.Black_Tern, 108.White_necked_Raven/White_Necked_Raven_0023_797371.jpg:108.White_necked_Raven -> 142.Black_Tern, 142.Black_Tern/Black_Tern_0090_143880.jpg:142.Black_Tern -> 142.Black_Tern, 142.Black_Tern/Black_Tern_0012_144091.jpg:142.Black_Tern -> 106.Horned_Puffin, 142.Black_Tern/Black_Tern_0008_143965.jpg:142.Black_Tern -> 164.Cerulean_Warbler, 
143.Caspian_Tern/Caspian_Tern_0022_144922.jpg:143.Caspian_Tern -> 143.Caspian_Tern, 142.Black_Tern/Black_Tern_0023_143985.jpg:142.Black_Tern -> 143.Caspian_Tern, 145.Elegant_Tern/Elegant_Tern_0065_151021.jpg:145.Elegant_Tern -> 143.Caspian_Tern, 143.Caspian_Tern/Caspian_Tern_0063_146082.jpg:143.Caspian_Tern -> 143.Caspian_Tern, 143.Caspian_Tern/Caspian_Tern_0009_145057.jpg:143.Caspian_Tern -> 141.Artic_Tern, 143.Caspian_Tern/Caspian_Tern_0026_145125.jpg:143.Caspian_Tern -> 143.Caspian_Tern, 
118.House_Sparrow/House_Sparrow_0080_111099.jpg:118.House_Sparrow -> 144.Common_Tern, 137.Cliff_Swallow/Cliff_Swallow_0039_133645.jpg:137.Cliff_Swallow -> 144.Common_Tern, 180.Wilson_Warbler/Wilson_Warbler_0034_175443.jpg:180.Wilson_Warbler -> 144.Common_Tern, 144.Common_Tern/Common_Tern_0040_147973.jpg:144.Common_Tern -> 142.Black_Tern, 144.Common_Tern/Common_Tern_0081_149228.jpg:144.Common_Tern -> 141.Artic_Tern, 144.Common_Tern/Common_Tern_0125_148767.jpg:144.Common_Tern -> 113.Baird_Sparrow, 
199.Winter_Wren/Winter_Wren_0132_189861.jpg:199.Winter_Wren -> 145.Elegant_Tern, 146.Forsters_Tern/Forsters_Tern_0125_151399.jpg:146.Forsters_Tern -> 145.Elegant_Tern, 141.Artic_Tern/Artic_Tern_0026_141839.jpg:141.Artic_Tern -> 145.Elegant_Tern, 145.Elegant_Tern/Elegant_Tern_0008_145044.jpg:145.Elegant_Tern -> 136.Barn_Swallow, 145.Elegant_Tern/Elegant_Tern_0083_150829.jpg:145.Elegant_Tern -> 149.Brown_Thrasher, 145.Elegant_Tern/Elegant_Tern_0034_45914.jpg:145.Elegant_Tern -> 134.Cape_Glossy_Starling, 
146.Forsters_Tern/Forsters_Tern_0053_152175.jpg:146.Forsters_Tern -> 146.Forsters_Tern, 146.Forsters_Tern/Forsters_Tern_0053_152175.jpg:146.Forsters_Tern -> 146.Forsters_Tern, 146.Forsters_Tern/Forsters_Tern_0053_152175.jpg:146.Forsters_Tern -> 146.Forsters_Tern, 146.Forsters_Tern/Forsters_Tern_0010_151243.jpg:146.Forsters_Tern -> 143.Caspian_Tern, 146.Forsters_Tern/Forsters_Tern_0118_151564.jpg:146.Forsters_Tern -> 142.Black_Tern, 146.Forsters_Tern/Forsters_Tern_0049_151631.jpg:146.Forsters_Tern -> 185.Bohemian_Waxwing, 
145.Elegant_Tern/Elegant_Tern_0058_150853.jpg:145.Elegant_Tern -> 147.Least_Tern, 189.Red_bellied_Woodpecker/Red_Bellied_Woodpecker_0069_181248.jpg:189.Red_bellied_Woodpecker -> 147.Least_Tern, 123.Henslow_Sparrow/Henslow_Sparrow_0052_796599.jpg:123.Henslow_Sparrow -> 147.Least_Tern, 147.Least_Tern/Least_Tern_0096_153868.jpg:147.Least_Tern -> 109.American_Redstart, 147.Least_Tern/Least_Tern_0100_153461.jpg:147.Least_Tern -> 110.Geococcyx, 147.Least_Tern/Least_Tern_0067_154145.jpg:147.Least_Tern -> 132.White_crowned_Sparrow, 
149.Brown_Thrasher/Brown_Thrasher_0113_155111.jpg:149.Brown_Thrasher -> 148.Green_tailed_Towhee, 117.Clay_colored_Sparrow/Clay_Colored_Sparrow_0040_110717.jpg:117.Clay_colored_Sparrow -> 148.Green_tailed_Towhee, 134.Cape_Glossy_Starling/Cape_Glossy_Starling_0007_129345.jpg:134.Cape_Glossy_Starling -> 148.Green_tailed_Towhee, 148.Green_tailed_Towhee/Green_Tailed_Towhee_0082_797395.jpg:148.Green_tailed_Towhee -> 177.Prothonotary_Warbler, 148.Green_tailed_Towhee/Green_Tailed_Towhee_0024_154855.jpg:148.Green_tailed_Towhee -> 129.Song_Sparrow, 148.Green_tailed_Towhee/Green_Tailed_Towhee_0036_154875.jpg:148.Green_tailed_Towhee -> 148.Green_tailed_Towhee, 
170.Mourning_Warbler/Mourning_Warbler_0035_166586.jpg:170.Mourning_Warbler -> 149.Brown_Thrasher, 189.Red_bellied_Woodpecker/Red_Bellied_Woodpecker_0089_181907.jpg:189.Red_bellied_Woodpecker -> 149.Brown_Thrasher, 120.Fox_Sparrow/Fox_Sparrow_0115_114855.jpg:120.Fox_Sparrow -> 149.Brown_Thrasher, 149.Brown_Thrasher/Brown_Thrasher_0045_155182.jpg:149.Brown_Thrasher -> 104.American_Pipit, 149.Brown_Thrasher/Brown_Thrasher_0105_155187.jpg:149.Brown_Thrasher -> 136.Barn_Swallow, 149.Brown_Thrasher/Brown_Thrasher_0106_155083.jpg:149.Brown_Thrasher -> 113.Baird_Sparrow, 
196.House_Wren/House_Wren_0129_187376.jpg:196.House_Wren -> 150.Sage_Thrasher, 198.Rock_Wren/Rock_Wren_0067_189152.jpg:198.Rock_Wren -> 150.Sage_Thrasher, 104.American_Pipit/American_Pipit_0099_99971.jpg:104.American_Pipit -> 150.Sage_Thrasher, 150.Sage_Thrasher/Sage_Thrasher_0016_155566.jpg:150.Sage_Thrasher -> 110.Geococcyx, 150.Sage_Thrasher/Sage_Thrasher_0093_155501.jpg:150.Sage_Thrasher -> 114.Black_throated_Sparrow, 150.Sage_Thrasher/Sage_Thrasher_0092_155482.jpg:150.Sage_Thrasher -> 113.Baird_Sparrow, 
183.Northern_Waterthrush/Northern_Waterthrush_0033_177214.jpg:183.Northern_Waterthrush -> 151.Black_capped_Vireo, 151.Black_capped_Vireo/Black_Capped_Vireo_0027_797455.jpg:151.Black_capped_Vireo -> 151.Black_capped_Vireo, 134.Cape_Glossy_Starling/Cape_Glossy_Starling_0077_129378.jpg:134.Cape_Glossy_Starling -> 151.Black_capped_Vireo, 151.Black_capped_Vireo/Black_Capped_Vireo_0051_797456.jpg:151.Black_capped_Vireo -> 151.Black_capped_Vireo, 151.Black_capped_Vireo/Black_Capped_Vireo_0010_155832.jpg:151.Black_capped_Vireo -> 190.Red_cockaded_Woodpecker, 151.Black_capped_Vireo/Black_Capped_Vireo_0018_155868.jpg:151.Black_capped_Vireo -> 133.White_throated_Sparrow, 
157.Yellow_throated_Vireo/Yellow_Throated_Vireo_0032_159632.jpg:157.Yellow_throated_Vireo -> 152.Blue_headed_Vireo, 121.Grasshopper_Sparrow/Grasshopper_Sparrow_0020_116289.jpg:121.Grasshopper_Sparrow -> 152.Blue_headed_Vireo, 164.Cerulean_Warbler/Cerulean_Warbler_0081_797179.jpg:164.Cerulean_Warbler -> 152.Blue_headed_Vireo, 152.Blue_headed_Vireo/Blue_Headed_Vireo_0115_156099.jpg:152.Blue_headed_Vireo -> 149.Brown_Thrasher, 152.Blue_headed_Vireo/Blue_Headed_Vireo_0032_156239.jpg:152.Blue_headed_Vireo -> 190.Red_cockaded_Woodpecker, 152.Blue_headed_Vireo/Blue_Headed_Vireo_0031_156056.jpg:152.Blue_headed_Vireo -> 190.Red_cockaded_Woodpecker, 
114.Black_throated_Sparrow/Black_Throated_Sparrow_0070_107196.jpg:114.Black_throated_Sparrow -> 153.Philadelphia_Vireo, 153.Philadelphia_Vireo/Philadelphia_Vireo_0050_156538.jpg:153.Philadelphia_Vireo -> 153.Philadelphia_Vireo, 111.Loggerhead_Shrike/Loggerhead_Shrike_0017_104864.jpg:111.Loggerhead_Shrike -> 153.Philadelphia_Vireo, 153.Philadelphia_Vireo/Philadelphia_Vireo_0059_794799.jpg:153.Philadelphia_Vireo -> 140.Summer_Tanager, 153.Philadelphia_Vireo/Philadelphia_Vireo_0044_156548.jpg:153.Philadelphia_Vireo -> 185.Bohemian_Waxwing, 153.Philadelphia_Vireo/Philadelphia_Vireo_0056_156502.jpg:153.Philadelphia_Vireo -> 152.Blue_headed_Vireo, 
141.Artic_Tern/Artic_Tern_0046_140986.jpg:141.Artic_Tern -> 154.Red_eyed_Vireo, 115.Brewer_Sparrow/Brewer_Sparrow_0041_796711.jpg:115.Brewer_Sparrow -> 154.Red_eyed_Vireo, 196.House_Wren/House_Wren_0055_187397.jpg:196.House_Wren -> 154.Red_eyed_Vireo, 154.Red_eyed_Vireo/Red_Eyed_Vireo_0129_156781.jpg:154.Red_eyed_Vireo -> 149.Brown_Thrasher, 154.Red_eyed_Vireo/Red_Eyed_Vireo_0026_156751.jpg:154.Red_eyed_Vireo -> 154.Red_eyed_Vireo, 154.Red_eyed_Vireo/Red_Eyed_Vireo_0026_156751.jpg:154.Red_eyed_Vireo -> 154.Red_eyed_Vireo, 
119.Field_Sparrow/Field_Sparrow_0055_113929.jpg:119.Field_Sparrow -> 155.Warbling_Vireo, 157.Yellow_throated_Vireo/Yellow_Throated_Vireo_0082_159597.jpg:157.Yellow_throated_Vireo -> 155.Warbling_Vireo, 193.Bewick_Wren/Bewick_Wren_0070_184892.jpg:193.Bewick_Wren -> 155.Warbling_Vireo, 155.Warbling_Vireo/Warbling_Vireo_0019_158313.jpg:155.Warbling_Vireo -> 106.Horned_Puffin, 155.Warbling_Vireo/Warbling_Vireo_0001_158397.jpg:155.Warbling_Vireo -> 123.Henslow_Sparrow, 155.Warbling_Vireo/Warbling_Vireo_0068_158684.jpg:155.Warbling_Vireo -> 155.Warbling_Vireo, 
103.Sayornis/Sayornis_0085_99503.jpg:103.Sayornis -> 156.White_eyed_Vireo, 117.Clay_colored_Sparrow/Clay_Colored_Sparrow_0033_797255.jpg:117.Clay_colored_Sparrow -> 156.White_eyed_Vireo, 103.Sayornis/Sayornis_0085_99503.jpg:103.Sayornis -> 156.White_eyed_Vireo, 156.White_eyed_Vireo/White_Eyed_Vireo_0022_159037.jpg:156.White_eyed_Vireo -> 158.Bay_breasted_Warbler, 156.White_eyed_Vireo/White_Eyed_Vireo_0085_159119.jpg:156.White_eyed_Vireo -> 175.Pine_Warbler, 156.White_eyed_Vireo/White_Eyed_Vireo_0071_159072.jpg:156.White_eyed_Vireo -> 160.Black_throated_Blue_Warbler, 
195.Carolina_Wren/Carolina_Wren_0126_186654.jpg:195.Carolina_Wren -> 157.Yellow_throated_Vireo, 175.Pine_Warbler/Pine_Warbler_0052_171380.jpg:175.Pine_Warbler -> 157.Yellow_throated_Vireo, 179.Tennessee_Warbler/Tennessee_Warbler_0085_156530.jpg:179.Tennessee_Warbler -> 157.Yellow_throated_Vireo, 157.Yellow_throated_Vireo/Yellow_Throated_Vireo_0011_794986.jpg:157.Yellow_throated_Vireo -> 155.Warbling_Vireo, 157.Yellow_throated_Vireo/Yellow_Throated_Vireo_0010_795000.jpg:157.Yellow_throated_Vireo -> 165.Chestnut_sided_Warbler, 157.Yellow_throated_Vireo/Yellow_Throated_Vireo_0080_794990.jpg:157.Yellow_throated_Vireo -> 110.Geococcyx, 
176.Prairie_Warbler/Prairie_Warbler_0028_173123.jpg:176.Prairie_Warbler -> 158.Bay_breasted_Warbler, 158.Bay_breasted_Warbler/Bay_Breasted_Warbler_0057_159818.jpg:158.Bay_breasted_Warbler -> 158.Bay_breasted_Warbler, 156.White_eyed_Vireo/White_Eyed_Vireo_0111_158864.jpg:156.White_eyed_Vireo -> 158.Bay_breasted_Warbler, 158.Bay_breasted_Warbler/Bay_Breasted_Warbler_0045_797135.jpg:158.Bay_breasted_Warbler -> 158.Bay_breasted_Warbler, 158.Bay_breasted_Warbler/Bay_Breasted_Warbler_0013_159787.jpg:158.Bay_breasted_Warbler -> 175.Pine_Warbler, 158.Bay_breasted_Warbler/Bay_Breasted_Warbler_0076_159996.jpg:158.Bay_breasted_Warbler -> 158.Bay_breasted_Warbler, 
111.Loggerhead_Shrike/Loggerhead_Shrike_0073_106097.jpg:111.Loggerhead_Shrike -> 159.Black_and_white_Warbler, 118.House_Sparrow/House_Sparrow_0137_111219.jpg:118.House_Sparrow -> 159.Black_and_white_Warbler, 151.Black_capped_Vireo/Black_Capped_Vireo_0002_797466.jpg:151.Black_capped_Vireo -> 159.Black_and_white_Warbler, 159.Black_and_white_Warbler/Black_And_White_Warbler_0102_160073.jpg:159.Black_and_white_Warbler -> 185.Bohemian_Waxwing, 159.Black_and_white_Warbler/Black_And_White_Warbler_0025_160584.jpg:159.Black_and_white_Warbler -> 200.Common_Yellowthroat, 159.Black_and_white_Warbler/Black_And_White_Warbler_0077_160440.jpg:159.Black_and_white_Warbler -> 165.Chestnut_sided_Warbler, 
157.Yellow_throated_Vireo/Yellow_Throated_Vireo_0026_159686.jpg:157.Yellow_throated_Vireo -> 160.Black_throated_Blue_Warbler, 114.Black_throated_Sparrow/Black_Throated_Sparrow_0003_107035.jpg:114.Black_throated_Sparrow -> 160.Black_throated_Blue_Warbler, 103.Sayornis/Sayornis_0067_98930.jpg:103.Sayornis -> 160.Black_throated_Blue_Warbler, 160.Black_throated_Blue_Warbler/Black_Throated_Blue_Warbler_0106_161523.jpg:160.Black_throated_Blue_Warbler -> 160.Black_throated_Blue_Warbler, 160.Black_throated_Blue_Warbler/Black_Throated_Blue_Warbler_0133_161539.jpg:160.Black_throated_Blue_Warbler -> 160.Black_throated_Blue_Warbler, 160.Black_throated_Blue_Warbler/Black_Throated_Blue_Warbler_0121_161418.jpg:160.Black_throated_Blue_Warbler -> 102.Western_Wood_Pewee, 
161.Blue_winged_Warbler/Blue_Winged_Warbler_0078_161889.jpg:161.Blue_winged_Warbler -> 140.Summer_Tanager, 161.Blue_winged_Warbler/Blue_Winged_Warbler_0034_161861.jpg:161.Blue_winged_Warbler -> 200.Common_Yellowthroat, 161.Blue_winged_Warbler/Blue_Winged_Warbler_0020_161875.jpg:161.Blue_winged_Warbler -> 120.Fox_Sparrow, 161.Blue_winged_Warbler/Blue_Winged_Warbler_0091_162051.jpg:161.Blue_winged_Warbler -> 117.Clay_colored_Sparrow, 161.Blue_winged_Warbler/Blue_Winged_Warbler_0030_162088.jpg:161.Blue_winged_Warbler -> 115.Brewer_Sparrow, 161.Blue_winged_Warbler/Blue_Winged_Warbler_0002_161890.jpg:161.Blue_winged_Warbler -> 191.Red_headed_Woodpecker, 
168.Kentucky_Warbler/Kentucky_Warbler_0020_795903.jpg:168.Kentucky_Warbler -> 162.Canada_Warbler, 170.Mourning_Warbler/Mourning_Warbler_0060_795355.jpg:170.Mourning_Warbler -> 162.Canada_Warbler, 162.Canada_Warbler/Canada_Warbler_0091_162378.jpg:162.Canada_Warbler -> 162.Canada_Warbler, 162.Canada_Warbler/Canada_Warbler_0090_162432.jpg:162.Canada_Warbler -> 169.Magnolia_Warbler, 162.Canada_Warbler/Canada_Warbler_0107_162440.jpg:162.Canada_Warbler -> 107.Common_Raven, 162.Canada_Warbler/Canada_Warbler_0021_162325.jpg:162.Canada_Warbler -> 115.Brewer_Sparrow, 
163.Cape_May_Warbler/Cape_May_Warbler_0061_163061.jpg:163.Cape_May_Warbler -> 116.Chipping_Sparrow, 163.Cape_May_Warbler/Cape_May_Warbler_0068_163147.jpg:163.Cape_May_Warbler -> 176.Prairie_Warbler, 163.Cape_May_Warbler/Cape_May_Warbler_0084_163132.jpg:163.Cape_May_Warbler -> 160.Black_throated_Blue_Warbler, 163.Cape_May_Warbler/Cape_May_Warbler_0003_162920.jpg:163.Cape_May_Warbler -> 121.Grasshopper_Sparrow, 163.Cape_May_Warbler/Cape_May_Warbler_0069_162980.jpg:163.Cape_May_Warbler -> 175.Pine_Warbler, 163.Cape_May_Warbler/Cape_May_Warbler_0092_163057.jpg:163.Cape_May_Warbler -> 158.Bay_breasted_Warbler, 
178.Swainson_Warbler/Swainson_Warbler_0056_794871.jpg:178.Swainson_Warbler -> 164.Cerulean_Warbler, 177.Prothonotary_Warbler/Prothonotary_Warbler_0084_173939.jpg:177.Prothonotary_Warbler -> 164.Cerulean_Warbler, 159.Black_and_white_Warbler/Black_And_White_Warbler_0010_160200.jpg:159.Black_and_white_Warbler -> 164.Cerulean_Warbler, 164.Cerulean_Warbler/Cerulean_Warbler_0092_163455.jpg:164.Cerulean_Warbler -> 159.Black_and_white_Warbler, 164.Cerulean_Warbler/Cerulean_Warbler_0051_163244.jpg:164.Cerulean_Warbler -> 158.Bay_breasted_Warbler, 164.Cerulean_Warbler/Cerulean_Warbler_0002_797219.jpg:164.Cerulean_Warbler -> 155.Warbling_Vireo, 
165.Chestnut_sided_Warbler/Chestnut_Sided_Warbler_0127_163860.jpg:165.Chestnut_sided_Warbler -> 165.Chestnut_sided_Warbler, 200.Common_Yellowthroat/Common_Yellowthroat_0011_190401.jpg:200.Common_Yellowthroat -> 165.Chestnut_sided_Warbler, 169.Magnolia_Warbler/Magnolia_Warbler_0136_166388.jpg:169.Magnolia_Warbler -> 165.Chestnut_sided_Warbler, 165.Chestnut_sided_Warbler/Chestnut_Sided_Warbler_0089_163776.jpg:165.Chestnut_sided_Warbler -> 160.Black_throated_Blue_Warbler, 165.Chestnut_sided_Warbler/Chestnut_Sided_Warbler_0073_163868.jpg:165.Chestnut_sided_Warbler -> 137.Cliff_Swallow, 165.Chestnut_sided_Warbler/Chestnut_Sided_Warbler_0096_163672.jpg:165.Chestnut_sided_Warbler -> 131.Vesper_Sparrow, 
142.Black_Tern/Black_Tern_0097_144724.jpg:142.Black_Tern -> 166.Golden_winged_Warbler, 197.Marsh_Wren/Marsh_Wren_0050_188657.jpg:197.Marsh_Wren -> 166.Golden_winged_Warbler, 142.Black_Tern/Black_Tern_0097_144724.jpg:142.Black_Tern -> 166.Golden_winged_Warbler, 166.Golden_winged_Warbler/Golden_Winged_Warbler_0049_164509.jpg:166.Golden_winged_Warbler -> 166.Golden_winged_Warbler, 166.Golden_winged_Warbler/Golden_Winged_Warbler_0052_164529.jpg:166.Golden_winged_Warbler -> 134.Cape_Glossy_Starling, 166.Golden_winged_Warbler/Golden_Winged_Warbler_0036_794817.jpg:166.Golden_winged_Warbler -> 160.Black_throated_Blue_Warbler, 
167.Hooded_Warbler/Hooded_Warbler_0035_165040.jpg:167.Hooded_Warbler -> 129.Song_Sparrow, 167.Hooded_Warbler/Hooded_Warbler_0129_90165.jpg:167.Hooded_Warbler -> 103.Sayornis, 167.Hooded_Warbler/Hooded_Warbler_0008_164641.jpg:167.Hooded_Warbler -> 139.Scarlet_Tanager, 167.Hooded_Warbler/Hooded_Warbler_0072_22097.jpg:167.Hooded_Warbler -> 153.Philadelphia_Vireo, 167.Hooded_Warbler/Hooded_Warbler_0128_164620.jpg:167.Hooded_Warbler -> 151.Black_capped_Vireo, 167.Hooded_Warbler/Hooded_Warbler_0019_164710.jpg:167.Hooded_Warbler -> 133.White_throated_Sparrow, 
168.Kentucky_Warbler/Kentucky_Warbler_0080_165351.jpg:168.Kentucky_Warbler -> 184.Louisiana_Waterthrush, 168.Kentucky_Warbler/Kentucky_Warbler_0058_165441.jpg:168.Kentucky_Warbler -> 176.Prairie_Warbler, 168.Kentucky_Warbler/Kentucky_Warbler_0044_165436.jpg:168.Kentucky_Warbler -> 158.Bay_breasted_Warbler, 168.Kentucky_Warbler/Kentucky_Warbler_0066_165290.jpg:168.Kentucky_Warbler -> 117.Clay_colored_Sparrow, 168.Kentucky_Warbler/Kentucky_Warbler_0036_795872.jpg:168.Kentucky_Warbler -> 108.White_necked_Raven, 168.Kentucky_Warbler/Kentucky_Warbler_0083_795883.jpg:168.Kentucky_Warbler -> 162.Canada_Warbler, 
114.Black_throated_Sparrow/Black_Throated_Sparrow_0023_107104.jpg:114.Black_throated_Sparrow -> 169.Magnolia_Warbler, 174.Palm_Warbler/Palm_Warbler_0117_170073.jpg:174.Palm_Warbler -> 169.Magnolia_Warbler, 155.Warbling_Vireo/Warbling_Vireo_0018_158304.jpg:155.Warbling_Vireo -> 169.Magnolia_Warbler, 169.Magnolia_Warbler/Magnolia_Warbler_0076_165832.jpg:169.Magnolia_Warbler -> 110.Geococcyx, 169.Magnolia_Warbler/Magnolia_Warbler_0026_165498.jpg:169.Magnolia_Warbler -> 155.Warbling_Vireo, 169.Magnolia_Warbler/Magnolia_Warbler_0020_166211.jpg:169.Magnolia_Warbler -> 109.American_Redstart, 
120.Fox_Sparrow/Fox_Sparrow_0118_114884.jpg:120.Fox_Sparrow -> 170.Mourning_Warbler, 156.White_eyed_Vireo/White_Eyed_Vireo_0051_159033.jpg:156.White_eyed_Vireo -> 170.Mourning_Warbler, 130.Tree_Sparrow/Tree_Sparrow_0044_122946.jpg:130.Tree_Sparrow -> 170.Mourning_Warbler, 170.Mourning_Warbler/Mourning_Warbler_0024_795363.jpg:170.Mourning_Warbler -> 107.Common_Raven, 170.Mourning_Warbler/Mourning_Warbler_0078_795377.jpg:170.Mourning_Warbler -> 170.Mourning_Warbler, 170.Mourning_Warbler/Mourning_Warbler_0041_795358.jpg:170.Mourning_Warbler -> 136.Barn_Swallow, 
171.Myrtle_Warbler/Myrtle_Warbler_0069_166914.jpg:171.Myrtle_Warbler -> 171.Myrtle_Warbler, 171.Myrtle_Warbler/Myrtle_Warbler_0069_166914.jpg:171.Myrtle_Warbler -> 171.Myrtle_Warbler, 171.Myrtle_Warbler/Myrtle_Warbler_0069_166914.jpg:171.Myrtle_Warbler -> 171.Myrtle_Warbler, 171.Myrtle_Warbler/Myrtle_Warbler_0077_166749.jpg:171.Myrtle_Warbler -> 159.Black_and_white_Warbler, 171.Myrtle_Warbler/Myrtle_Warbler_0112_166754.jpg:171.Myrtle_Warbler -> 138.Tree_Swallow, 171.Myrtle_Warbler/Myrtle_Warbler_0069_166914.jpg:171.Myrtle_Warbler -> 171.Myrtle_Warbler, 
172.Nashville_Warbler/Nashville_Warbler_0092_167457.jpg:172.Nashville_Warbler -> 116.Chipping_Sparrow, 172.Nashville_Warbler/Nashville_Warbler_0068_167266.jpg:172.Nashville_Warbler -> 153.Philadelphia_Vireo, 172.Nashville_Warbler/Nashville_Warbler_0028_167065.jpg:172.Nashville_Warbler -> 185.Bohemian_Waxwing, 172.Nashville_Warbler/Nashville_Warbler_0105_167452.jpg:172.Nashville_Warbler -> 135.Bank_Swallow, 172.Nashville_Warbler/Nashville_Warbler_0014_167190.jpg:172.Nashville_Warbler -> 184.Louisiana_Waterthrush, 172.Nashville_Warbler/Nashville_Warbler_0104_167096.jpg:172.Nashville_Warbler -> 158.Bay_breasted_Warbler, 
153.Philadelphia_Vireo/Philadelphia_Vireo_0031_156632.jpg:153.Philadelphia_Vireo -> 173.Orange_crowned_Warbler, 173.Orange_crowned_Warbler/Orange_Crowned_Warbler_0011_167615.jpg:173.Orange_crowned_Warbler -> 173.Orange_crowned_Warbler, 173.Orange_crowned_Warbler/Orange_Crowned_Warbler_0051_168002.jpg:173.Orange_crowned_Warbler -> 173.Orange_crowned_Warbler, 173.Orange_crowned_Warbler/Orange_Crowned_Warbler_0006_167998.jpg:173.Orange_crowned_Warbler -> 127.Savannah_Sparrow, 173.Orange_crowned_Warbler/Orange_Crowned_Warbler_0016_168082.jpg:173.Orange_crowned_Warbler -> 110.Geococcyx, 173.Orange_crowned_Warbler/Orange_Crowned_Warbler_0027_168381.jpg:173.Orange_crowned_Warbler -> 177.Prothonotary_Warbler, 
174.Palm_Warbler/Palm_Warbler_0067_169318.jpg:174.Palm_Warbler -> 190.Red_cockaded_Woodpecker, 174.Palm_Warbler/Palm_Warbler_0013_169411.jpg:174.Palm_Warbler -> 149.Brown_Thrasher, 174.Palm_Warbler/Palm_Warbler_0024_170501.jpg:174.Palm_Warbler -> 159.Black_and_white_Warbler, 174.Palm_Warbler/Palm_Warbler_0049_169885.jpg:174.Palm_Warbler -> 113.Baird_Sparrow, 174.Palm_Warbler/Palm_Warbler_0107_170620.jpg:174.Palm_Warbler -> 181.Worm_eating_Warbler, 174.Palm_Warbler/Palm_Warbler_0034_170352.jpg:174.Palm_Warbler -> 115.Brewer_Sparrow, 
157.Yellow_throated_Vireo/Yellow_Throated_Vireo_0076_794984.jpg:157.Yellow_throated_Vireo -> 175.Pine_Warbler, 158.Bay_breasted_Warbler/Bay_Breasted_Warbler_0013_159787.jpg:158.Bay_breasted_Warbler -> 175.Pine_Warbler, 156.White_eyed_Vireo/White_Eyed_Vireo_0091_159045.jpg:156.White_eyed_Vireo -> 175.Pine_Warbler, 175.Pine_Warbler/Pine_Warbler_0127_171742.jpg:175.Pine_Warbler -> 165.Chestnut_sided_Warbler, 175.Pine_Warbler/Pine_Warbler_0118_171152.jpg:175.Pine_Warbler -> 175.Pine_Warbler, 175.Pine_Warbler/Pine_Warbler_0076_172104.jpg:175.Pine_Warbler -> 169.Magnolia_Warbler, 
126.Nelson_Sharp_tailed_Sparrow/Nelson_Sharp_Tailed_Sparrow_0023_796899.jpg:126.Nelson_Sharp_tailed_Sparrow -> 176.Prairie_Warbler, 114.Black_throated_Sparrow/Black_Throated_Sparrow_0061_106967.jpg:114.Black_throated_Sparrow -> 176.Prairie_Warbler, 169.Magnolia_Warbler/Magnolia_Warbler_0041_165709.jpg:169.Magnolia_Warbler -> 176.Prairie_Warbler, 176.Prairie_Warbler/Prairie_Warbler_0028_173123.jpg:176.Prairie_Warbler -> 158.Bay_breasted_Warbler, 176.Prairie_Warbler/Prairie_Warbler_0011_172744.jpg:176.Prairie_Warbler -> 120.Fox_Sparrow, 176.Prairie_Warbler/Prairie_Warbler_0011_172744.jpg:176.Prairie_Warbler -> 120.Fox_Sparrow, 
163.Cape_May_Warbler/Cape_May_Warbler_0124_163037.jpg:163.Cape_May_Warbler -> 177.Prothonotary_Warbler, 126.Nelson_Sharp_tailed_Sparrow/Nelson_Sharp_Tailed_Sparrow_0016_118077.jpg:126.Nelson_Sharp_tailed_Sparrow -> 177.Prothonotary_Warbler, 126.Nelson_Sharp_tailed_Sparrow/Nelson_Sharp_Tailed_Sparrow_0016_118077.jpg:126.Nelson_Sharp_tailed_Sparrow -> 177.Prothonotary_Warbler, 177.Prothonotary_Warbler/Prothonotary_Warbler_0096_174372.jpg:177.Prothonotary_Warbler -> 127.Savannah_Sparrow, 177.Prothonotary_Warbler/Prothonotary_Warbler_0059_173434.jpg:177.Prothonotary_Warbler -> 183.Northern_Waterthrush, 177.Prothonotary_Warbler/Prothonotary_Warbler_0040_173447.jpg:177.Prothonotary_Warbler -> 177.Prothonotary_Warbler, 
197.Marsh_Wren/Marsh_Wren_0076_188108.jpg:197.Marsh_Wren -> 178.Swainson_Warbler, 171.Myrtle_Warbler/Myrtle_Warbler_0097_167001.jpg:171.Myrtle_Warbler -> 178.Swainson_Warbler, 125.Lincoln_Sparrow/Lincoln_Sparrow_0050_117744.jpg:125.Lincoln_Sparrow -> 178.Swainson_Warbler, 178.Swainson_Warbler/Swainson_Warbler_0018_174715.jpg:178.Swainson_Warbler -> 148.Green_tailed_Towhee, 178.Swainson_Warbler/Swainson_Warbler_0006_794857.jpg:178.Swainson_Warbler -> 105.Whip_poor_Will, 178.Swainson_Warbler/Swainson_Warbler_0001_794869.jpg:178.Swainson_Warbler -> 178.Swainson_Warbler, 
134.Cape_Glossy_Starling/Cape_Glossy_Starling_0012_129225.jpg:134.Cape_Glossy_Starling -> 179.Tennessee_Warbler, 111.Loggerhead_Shrike/Loggerhead_Shrike_0117_104838.jpg:111.Loggerhead_Shrike -> 179.Tennessee_Warbler, 185.Bohemian_Waxwing/Bohemian_Waxwing_0104_177676.jpg:185.Bohemian_Waxwing -> 179.Tennessee_Warbler, 179.Tennessee_Warbler/Tennessee_Warbler_0042_175092.jpg:179.Tennessee_Warbler -> 102.Western_Wood_Pewee, 179.Tennessee_Warbler/Tennessee_Warbler_0092_174810.jpg:179.Tennessee_Warbler -> 148.Green_tailed_Towhee, 179.Tennessee_Warbler/Tennessee_Warbler_0087_174968.jpg:179.Tennessee_Warbler -> 158.Bay_breasted_Warbler, 
180.Wilson_Warbler/Wilson_Warbler_0133_175626.jpg:180.Wilson_Warbler -> 177.Prothonotary_Warbler, 180.Wilson_Warbler/Wilson_Warbler_0073_175876.jpg:180.Wilson_Warbler -> 136.Barn_Swallow, 180.Wilson_Warbler/Wilson_Warbler_0050_175573.jpg:180.Wilson_Warbler -> 175.Pine_Warbler, 180.Wilson_Warbler/Wilson_Warbler_0060_175420.jpg:180.Wilson_Warbler -> 129.Song_Sparrow, 180.Wilson_Warbler/Wilson_Warbler_0083_175253.jpg:180.Wilson_Warbler -> 175.Pine_Warbler, 180.Wilson_Warbler/Wilson_Warbler_0067_175261.jpg:180.Wilson_Warbler -> 200.Common_Yellowthroat, 
104.American_Pipit/American_Pipit_0015_99932.jpg:104.American_Pipit -> 181.Worm_eating_Warbler, 183.Northern_Waterthrush/Northern_Waterthrush_0022_177003.jpg:183.Northern_Waterthrush -> 181.Worm_eating_Warbler, 104.American_Pipit/American_Pipit_0015_99932.jpg:104.American_Pipit -> 181.Worm_eating_Warbler, 181.Worm_eating_Warbler/Worm_Eating_Warbler_0075_176045.jpg:181.Worm_eating_Warbler -> 177.Prothonotary_Warbler, 181.Worm_eating_Warbler/Worm_Eating_Warbler_0005_175977.jpg:181.Worm_eating_Warbler -> 179.Tennessee_Warbler, 181.Worm_eating_Warbler/Worm_Eating_Warbler_0060_175969.jpg:181.Worm_eating_Warbler -> 158.Bay_breasted_Warbler, 
139.Scarlet_Tanager/Scarlet_Tanager_0110_138274.jpg:139.Scarlet_Tanager -> 182.Yellow_Warbler, 139.Scarlet_Tanager/Scarlet_Tanager_0110_138274.jpg:139.Scarlet_Tanager -> 182.Yellow_Warbler, 139.Scarlet_Tanager/Scarlet_Tanager_0110_138274.jpg:139.Scarlet_Tanager -> 182.Yellow_Warbler, 182.Yellow_Warbler/Yellow_Warbler_0122_176182.jpg:182.Yellow_Warbler -> 139.Scarlet_Tanager, 182.Yellow_Warbler/Yellow_Warbler_0087_176591.jpg:182.Yellow_Warbler -> 153.Philadelphia_Vireo, 182.Yellow_Warbler/Yellow_Warbler_0044_176367.jpg:182.Yellow_Warbler -> 158.Bay_breasted_Warbler, 
178.Swainson_Warbler/Swainson_Warbler_0019_174692.jpg:178.Swainson_Warbler -> 183.Northern_Waterthrush, 162.Canada_Warbler/Canada_Warbler_0023_162383.jpg:162.Canada_Warbler -> 183.Northern_Waterthrush, 184.Louisiana_Waterthrush/Louisiana_Waterthrush_0081_795283.jpg:184.Louisiana_Waterthrush -> 183.Northern_Waterthrush, 183.Northern_Waterthrush/Northern_Waterthrush_0081_176972.jpg:183.Northern_Waterthrush -> 184.Louisiana_Waterthrush, 183.Northern_Waterthrush/Northern_Waterthrush_0079_177008.jpg:183.Northern_Waterthrush -> 183.Northern_Waterthrush, 183.Northern_Waterthrush/Northern_Waterthrush_0105_176970.jpg:183.Northern_Waterthrush -> 133.White_throated_Sparrow, 
105.Whip_poor_Will/Whip_Poor_Will_0034_796413.jpg:105.Whip_poor_Will -> 184.Louisiana_Waterthrush, 183.Northern_Waterthrush/Northern_Waterthrush_0044_176961.jpg:183.Northern_Waterthrush -> 184.Louisiana_Waterthrush, 184.Louisiana_Waterthrush/Louisiana_Waterthrush_0077_795247.jpg:184.Louisiana_Waterthrush -> 184.Louisiana_Waterthrush, 184.Louisiana_Waterthrush/Louisiana_Waterthrush_0035_177457.jpg:184.Louisiana_Waterthrush -> 184.Louisiana_Waterthrush, 184.Louisiana_Waterthrush/Louisiana_Waterthrush_0004_177455.jpg:184.Louisiana_Waterthrush -> 103.Sayornis, 184.Louisiana_Waterthrush/Louisiana_Waterthrush_0052_177519.jpg:184.Louisiana_Waterthrush -> 114.Black_throated_Sparrow, 
162.Canada_Warbler/Canada_Warbler_0041_162418.jpg:162.Canada_Warbler -> 185.Bohemian_Waxwing, 182.Yellow_Warbler/Yellow_Warbler_0056_176320.jpg:182.Yellow_Warbler -> 185.Bohemian_Waxwing, 149.Brown_Thrasher/Brown_Thrasher_0030_155152.jpg:149.Brown_Thrasher -> 185.Bohemian_Waxwing, 185.Bohemian_Waxwing/Bohemian_Waxwing_0091_796634.jpg:185.Bohemian_Waxwing -> 185.Bohemian_Waxwing, 185.Bohemian_Waxwing/Bohemian_Waxwing_0039_177702.jpg:185.Bohemian_Waxwing -> 136.Barn_Swallow, 185.Bohemian_Waxwing/Bohemian_Waxwing_0024_177661.jpg:185.Bohemian_Waxwing -> 185.Bohemian_Waxwing, 
200.Common_Yellowthroat/Common_Yellowthroat_0112_190571.jpg:200.Common_Yellowthroat -> 186.Cedar_Waxwing, 195.Carolina_Wren/Carolina_Wren_0002_186506.jpg:195.Carolina_Wren -> 186.Cedar_Waxwing, 177.Prothonotary_Warbler/Prothonotary_Warbler_0097_174554.jpg:177.Prothonotary_Warbler -> 186.Cedar_Waxwing, 186.Cedar_Waxwing/Cedar_Waxwing_0024_178230.jpg:186.Cedar_Waxwing -> 166.Golden_winged_Warbler, 186.Cedar_Waxwing/Cedar_Waxwing_0048_178960.jpg:186.Cedar_Waxwing -> 186.Cedar_Waxwing, 186.Cedar_Waxwing/Cedar_Waxwing_0093_178139.jpg:186.Cedar_Waxwing -> 111.Loggerhead_Shrike, 
195.Carolina_Wren/Carolina_Wren_0044_186645.jpg:195.Carolina_Wren -> 187.American_Three_toed_Woodpecker, 178.Swainson_Warbler/Swainson_Warbler_0020_794863.jpg:178.Swainson_Warbler -> 187.American_Three_toed_Woodpecker, 170.Mourning_Warbler/Mourning_Warbler_0037_795381.jpg:170.Mourning_Warbler -> 187.American_Three_toed_Woodpecker, 187.American_Three_toed_Woodpecker/American_Three_Toed_Woodpecker_0045_796148.jpg:187.American_Three_toed_Woodpecker -> 191.Red_headed_Woodpecker, 187.American_Three_toed_Woodpecker/American_Three_Toed_Woodpecker_0018_179831.jpg:187.American_Three_toed_Woodpecker -> 109.American_Redstart, 187.American_Three_toed_Woodpecker/American_Three_Toed_Woodpecker_0006_179838.jpg:187.American_Three_toed_Woodpecker -> 115.Brewer_Sparrow, 
154.Red_eyed_Vireo/Red_Eyed_Vireo_0112_156742.jpg:154.Red_eyed_Vireo -> 188.Pileated_Woodpecker, 114.Black_throated_Sparrow/Black_Throated_Sparrow_0019_107192.jpg:114.Black_throated_Sparrow -> 188.Pileated_Woodpecker, 185.Bohemian_Waxwing/Bohemian_Waxwing_0022_177642.jpg:185.Bohemian_Waxwing -> 188.Pileated_Woodpecker, 188.Pileated_Woodpecker/Pileated_Woodpecker_0060_180443.jpg:188.Pileated_Woodpecker -> 176.Prairie_Warbler, 188.Pileated_Woodpecker/Pileated_Woodpecker_0116_179948.jpg:188.Pileated_Woodpecker -> 106.Horned_Puffin, 188.Pileated_Woodpecker/Pileated_Woodpecker_0053_179960.jpg:188.Pileated_Woodpecker -> 191.Red_headed_Woodpecker, 
184.Louisiana_Waterthrush/Louisiana_Waterthrush_0026_177503.jpg:184.Louisiana_Waterthrush -> 189.Red_bellied_Woodpecker, 189.Red_bellied_Woodpecker/Red_Bellied_Woodpecker_0058_182317.jpg:189.Red_bellied_Woodpecker -> 189.Red_bellied_Woodpecker, 141.Artic_Tern/Artic_Tern_0021_143477.jpg:141.Artic_Tern -> 189.Red_bellied_Woodpecker, 189.Red_bellied_Woodpecker/Red_Bellied_Woodpecker_0056_180946.jpg:189.Red_bellied_Woodpecker -> 112.Great_Grey_Shrike, 189.Red_bellied_Woodpecker/Red_Bellied_Woodpecker_0031_180975.jpg:189.Red_bellied_Woodpecker -> 133.White_throated_Sparrow, 189.Red_bellied_Woodpecker/Red_Bellied_Woodpecker_0106_180757.jpg:189.Red_bellied_Woodpecker -> 120.Fox_Sparrow, 
198.Rock_Wren/Rock_Wren_0026_189181.jpg:198.Rock_Wren -> 190.Red_cockaded_Woodpecker, 134.Cape_Glossy_Starling/Cape_Glossy_Starling_0080_129362.jpg:134.Cape_Glossy_Starling -> 190.Red_cockaded_Woodpecker, 190.Red_cockaded_Woodpecker/Red_Cockaded_Woodpecker_0016_182493.jpg:190.Red_cockaded_Woodpecker -> 190.Red_cockaded_Woodpecker, 190.Red_cockaded_Woodpecker/Red_Cockaded_Woodpecker_0052_794752.jpg:190.Red_cockaded_Woodpecker -> 190.Red_cockaded_Woodpecker, 190.Red_cockaded_Woodpecker/Red_Cockaded_Woodpecker_0006_182592.jpg:190.Red_cockaded_Woodpecker -> 123.Henslow_Sparrow, 190.Red_cockaded_Woodpecker/Red_Cockaded_Woodpecker_0033_794721.jpg:190.Red_cockaded_Woodpecker -> 192.Downy_Woodpecker, 
191.Red_headed_Woodpecker/Red_Headed_Woodpecker_0108_183403.jpg:191.Red_headed_Woodpecker -> 191.Red_headed_Woodpecker, 191.Red_headed_Woodpecker/Red_Headed_Woodpecker_0044_183141.jpg:191.Red_headed_Woodpecker -> 191.Red_headed_Woodpecker, 191.Red_headed_Woodpecker/Red_Headed_Woodpecker_0034_182806.jpg:191.Red_headed_Woodpecker -> 191.Red_headed_Woodpecker, 191.Red_headed_Woodpecker/Red_Headed_Woodpecker_0031_183096.jpg:191.Red_headed_Woodpecker -> 192.Downy_Woodpecker, 191.Red_headed_Woodpecker/Red_Headed_Woodpecker_0052_182702.jpg:191.Red_headed_Woodpecker -> 185.Bohemian_Waxwing, 191.Red_headed_Woodpecker/Red_Headed_Woodpecker_0103_183571.jpg:191.Red_headed_Woodpecker -> 191.Red_headed_Woodpecker, 
168.Kentucky_Warbler/Kentucky_Warbler_0071_165342.jpg:168.Kentucky_Warbler -> 192.Downy_Woodpecker, 138.Tree_Swallow/Tree_Swallow_0067_136244.jpg:138.Tree_Swallow -> 192.Downy_Woodpecker, 166.Golden_winged_Warbler/Golden_Winged_Warbler_0039_794818.jpg:166.Golden_winged_Warbler -> 192.Downy_Woodpecker, 192.Downy_Woodpecker/Downy_Woodpecker_0037_183968.jpg:192.Downy_Woodpecker -> 106.Horned_Puffin, 192.Downy_Woodpecker/Downy_Woodpecker_0027_183940.jpg:192.Downy_Woodpecker -> 126.Nelson_Sharp_tailed_Sparrow, 192.Downy_Woodpecker/Downy_Woodpecker_0007_184051.jpg:192.Downy_Woodpecker -> 130.Tree_Sparrow, 
193.Bewick_Wren/Bewick_Wren_0121_184765.jpg:193.Bewick_Wren -> 193.Bewick_Wren, 198.Rock_Wren/Rock_Wren_0121_188974.jpg:198.Rock_Wren -> 193.Bewick_Wren, 193.Bewick_Wren/Bewick_Wren_0121_184765.jpg:193.Bewick_Wren -> 193.Bewick_Wren, 193.Bewick_Wren/Bewick_Wren_0051_185425.jpg:193.Bewick_Wren -> 150.Sage_Thrasher, 193.Bewick_Wren/Bewick_Wren_0005_184699.jpg:193.Bewick_Wren -> 108.White_necked_Raven, 193.Bewick_Wren/Bewick_Wren_0050_184919.jpg:193.Bewick_Wren -> 138.Tree_Swallow, 
194.Cactus_Wren/Cactus_Wren_0014_185993.jpg:194.Cactus_Wren -> 120.Fox_Sparrow, 194.Cactus_Wren/Cactus_Wren_0120_185956.jpg:194.Cactus_Wren -> 177.Prothonotary_Warbler, 194.Cactus_Wren/Cactus_Wren_0095_185633.jpg:194.Cactus_Wren -> 152.Blue_headed_Vireo, 194.Cactus_Wren/Cactus_Wren_0009_185871.jpg:194.Cactus_Wren -> 149.Brown_Thrasher, 194.Cactus_Wren/Cactus_Wren_0063_185589.jpg:194.Cactus_Wren -> 138.Tree_Swallow, 194.Cactus_Wren/Cactus_Wren_0014_185993.jpg:194.Cactus_Wren -> 120.Fox_Sparrow, 
177.Prothonotary_Warbler/Prothonotary_Warbler_0074_173443.jpg:177.Prothonotary_Warbler -> 195.Carolina_Wren, 136.Barn_Swallow/Barn_Swallow_0023_130325.jpg:136.Barn_Swallow -> 195.Carolina_Wren, 193.Bewick_Wren/Bewick_Wren_0085_185474.jpg:193.Bewick_Wren -> 195.Carolina_Wren, 195.Carolina_Wren/Carolina_Wren_0068_186830.jpg:195.Carolina_Wren -> 109.American_Redstart, 195.Carolina_Wren/Carolina_Wren_0005_186109.jpg:195.Carolina_Wren -> 115.Brewer_Sparrow, 195.Carolina_Wren/Carolina_Wren_0069_186230.jpg:195.Carolina_Wren -> 154.Red_eyed_Vireo, 
196.House_Wren/House_Wren_0017_187330.jpg:196.House_Wren -> 150.Sage_Thrasher, 196.House_Wren/House_Wren_0047_188036.jpg:196.House_Wren -> 143.Caspian_Tern, 196.House_Wren/House_Wren_0097_187760.jpg:196.House_Wren -> 105.Whip_poor_Will, 196.House_Wren/House_Wren_0119_187552.jpg:196.House_Wren -> 157.Yellow_throated_Vireo, 196.House_Wren/House_Wren_0110_187111.jpg:196.House_Wren -> 195.Carolina_Wren, 196.House_Wren/House_Wren_0133_187101.jpg:196.House_Wren -> 177.Prothonotary_Warbler, 
199.Winter_Wren/Winter_Wren_0141_190152.jpg:199.Winter_Wren -> 197.Marsh_Wren, 191.Red_headed_Woodpecker/Red_Headed_Woodpecker_0085_182703.jpg:191.Red_headed_Woodpecker -> 197.Marsh_Wren, 198.Rock_Wren/Rock_Wren_0111_189443.jpg:198.Rock_Wren -> 197.Marsh_Wren, 197.Marsh_Wren/Marsh_Wren_0027_188376.jpg:197.Marsh_Wren -> 190.Red_cockaded_Woodpecker, 197.Marsh_Wren/Marsh_Wren_0033_188778.jpg:197.Marsh_Wren -> 110.Geococcyx, 197.Marsh_Wren/Marsh_Wren_0012_188275.jpg:197.Marsh_Wren -> 106.Horned_Puffin, 
198.Rock_Wren/Rock_Wren_0125_188951.jpg:198.Rock_Wren -> 184.Louisiana_Waterthrush, 198.Rock_Wren/Rock_Wren_0080_189340.jpg:198.Rock_Wren -> 142.Black_Tern, 198.Rock_Wren/Rock_Wren_0038_189328.jpg:198.Rock_Wren -> 144.Common_Tern, 198.Rock_Wren/Rock_Wren_0042_189006.jpg:198.Rock_Wren -> 108.White_necked_Raven, 198.Rock_Wren/Rock_Wren_0003_189167.jpg:198.Rock_Wren -> 115.Brewer_Sparrow, 198.Rock_Wren/Rock_Wren_0113_189204.jpg:198.Rock_Wren -> 108.White_necked_Raven, 
103.Sayornis/Sayornis_0098_98419.jpg:103.Sayornis -> 199.Winter_Wren, 103.Sayornis/Sayornis_0098_98419.jpg:103.Sayornis -> 199.Winter_Wren, 115.Brewer_Sparrow/Brewer_Sparrow_0008_796703.jpg:115.Brewer_Sparrow -> 199.Winter_Wren, 199.Winter_Wren/Winter_Wren_0081_190049.jpg:199.Winter_Wren -> 150.Sage_Thrasher, 199.Winter_Wren/Winter_Wren_0081_190049.jpg:199.Winter_Wren -> 150.Sage_Thrasher, 199.Winter_Wren/Winter_Wren_0050_189514.jpg:199.Winter_Wren -> 173.Orange_crowned_Warbler, 
180.Wilson_Warbler/Wilson_Warbler_0067_175261.jpg:180.Wilson_Warbler -> 200.Common_Yellowthroat, 139.Scarlet_Tanager/Scarlet_Tanager_0116_138242.jpg:139.Scarlet_Tanager -> 200.Common_Yellowthroat, 135.Bank_Swallow/Bank_Swallow_0063_129774.jpg:135.Bank_Swallow -> 200.Common_Yellowthroat, 200.Common_Yellowthroat/Common_Yellowthroat_0099_190531.jpg:200.Common_Yellowthroat -> 173.Orange_crowned_Warbler, 200.Common_Yellowthroat/Common_Yellowthroat_0075_190900.jpg:200.Common_Yellowthroat -> 113.Baird_Sparrow, 200.Common_Yellowthroat/Common_Yellowthroat_0045_190563.jpg:200.Common_Yellowthroat -> 129.Song_Sparrow, 
