063.Ivory_Gull/Ivory_Gull_0023_49385.jpg:063.Ivory_Gull -> 061.Heermann_Gull, 061.Heermann_Gull/Heermann_Gull_0089_45679.jpg:061.Heermann_Gull -> 061.Heermann_Gull, 065.Slaty_backed_Gull/Slaty_Backed_Gull_0083_786386.jpg:065.Slaty_backed_Gull -> 061.Heermann_Gull, 061.Heermann_Gull/Heermann_Gull_0074_45351.jpg:061.Heermann_Gull -> 064.Ring_billed_Gull, 061.Heermann_Gull/Heermann_Gull_0121_45375.jpg:061.Heermann_Gull -> 090.Red_breasted_Merganser, 061.Heermann_Gull/Heermann_Gull_0046_45888.jpg:061.Heermann_Gull -> 090.Red_breasted_Merganser, 
062.Herring_Gull/Herring_Gull_0026_48041.jpg:062.Herring_Gull -> 062.Herring_Gull, 062.Herring_Gull/Herring_Gull_0071_48751.jpg:062.Herring_Gull -> 062.Herring_Gull, 064.Ring_billed_Gull/Ring_Billed_Gull_0104_52614.jpg:064.Ring_billed_Gull -> 062.Herring_Gull, 062.Herring_Gull/Herring_Gull_0114_46956.jpg:062.Herring_Gull -> 086.Pacific_Loon, 062.Herring_Gull/Herring_Gull_0027_46389.jpg:062.Herring_Gull -> 071.Long_tailed_Jaeger, 062.Herring_Gull/Herring_Gull_0084_46406.jpg:062.Herring_Gull -> 072.Pomarine_Jaeger, 
081.Pied_Kingfisher/Pied_Kingfisher_0109_72082.jpg:081.Pied_Kingfisher -> 063.Ivory_Gull, 069.Rufous_Hummingbird/Rufous_Hummingbird_0052_59581.jpg:069.Rufous_Hummingbird -> 063.Ivory_Gull, 063.Ivory_Gull/Ivory_Gull_0026_49466.jpg:063.Ivory_Gull -> 063.Ivory_Gull, 063.Ivory_Gull/Ivory_Gull_0101_49790.jpg:063.Ivory_Gull -> 071.Long_tailed_Jaeger, 063.Ivory_Gull/Ivory_Gull_0043_49755.jpg:063.Ivory_Gull -> 063.Ivory_Gull, 063.Ivory_Gull/Ivory_Gull_0020_49978.jpg:063.Ivory_Gull -> 061.Heermann_Gull, 
066.Western_Gull/Western_Gull_0036_54329.jpg:066.Western_Gull -> 064.Ring_billed_Gull, 063.Ivory_Gull/Ivory_Gull_0086_49532.jpg:063.Ivory_Gull -> 064.Ring_billed_Gull, 065.Slaty_backed_Gull/Slaty_Backed_Gull_0066_796016.jpg:065.Slaty_backed_Gull -> 064.Ring_billed_Gull, 064.Ring_billed_Gull/Ring_Billed_Gull_0003_51480.jpg:064.Ring_billed_Gull -> 087.Mallard, 064.Ring_billed_Gull/Ring_Billed_Gull_0113_51525.jpg:064.Ring_billed_Gull -> 061.Heermann_Gull, 064.Ring_billed_Gull/Ring_Billed_Gull_0034_51270.jpg:064.Ring_billed_Gull -> 064.Ring_billed_Gull, 
086.Pacific_Loon/Pacific_Loon_0003_75442.jpg:086.Pacific_Loon -> 065.Slaty_backed_Gull, 062.Herring_Gull/Herring_Gull_0120_48822.jpg:062.Herring_Gull -> 065.Slaty_backed_Gull, 061.Heermann_Gull/Heermann_Gull_0102_45904.jpg:061.Heermann_Gull -> 065.Slaty_backed_Gull, 065.Slaty_backed_Gull/Slaty_Backed_Gull_0002_53238.jpg:065.Slaty_backed_Gull -> 066.Western_Gull, 065.Slaty_backed_Gull/Slaty_Backed_Gull_0050_796045.jpg:065.Slaty_backed_Gull -> 061.Heermann_Gull, 065.Slaty_backed_Gull/Slaty_Backed_Gull_0031_796029.jpg:065.Slaty_backed_Gull -> 061.Heermann_Gull, 
065.Slaty_backed_Gull/Slaty_Backed_Gull_0085_53158.jpg:065.Slaty_backed_Gull -> 066.Western_Gull, 065.Slaty_backed_Gull/Slaty_Backed_Gull_0020_796012.jpg:065.Slaty_backed_Gull -> 066.Western_Gull, 093.Clark_Nutcracker/Clark_Nutcracker_0083_85480.jpg:093.Clark_Nutcracker -> 066.Western_Gull, 066.Western_Gull/Western_Gull_0080_53445.jpg:066.Western_Gull -> 066.Western_Gull, 066.Western_Gull/Western_Gull_0041_53554.jpg:066.Western_Gull -> 093.Clark_Nutcracker, 066.Western_Gull/Western_Gull_0013_54794.jpg:066.Western_Gull -> 089.Hooded_Merganser, 
067.Anna_Hummingbird/Anna_Hummingbird_0059_56674.jpg:067.Anna_Hummingbird -> 067.Anna_Hummingbird, 069.Rufous_Hummingbird/Rufous_Hummingbird_0055_59935.jpg:069.Rufous_Hummingbird -> 067.Anna_Hummingbird, 074.Florida_Jay/Florida_Jay_0002_64476.jpg:074.Florida_Jay -> 067.Anna_Hummingbird, 067.Anna_Hummingbird/Anna_Hummingbird_0052_56344.jpg:067.Anna_Hummingbird -> 067.Anna_Hummingbird, 067.Anna_Hummingbird/Anna_Hummingbird_0080_56366.jpg:067.Anna_Hummingbird -> 070.Green_Violetear, 067.Anna_Hummingbird/Anna_Hummingbird_0024_55760.jpg:067.Anna_Hummingbird -> 071.Long_tailed_Jaeger, 
068.Ruby_throated_Hummingbird/Ruby_Throated_Hummingbird_0024_57969.jpg:068.Ruby_throated_Hummingbird -> 068.Ruby_throated_Hummingbird, 069.Rufous_Hummingbird/Rufous_Hummingbird_0089_59524.jpg:069.Rufous_Hummingbird -> 068.Ruby_throated_Hummingbird, 069.Rufous_Hummingbird/Rufous_Hummingbird_0017_59520.jpg:069.Rufous_Hummingbird -> 068.Ruby_throated_Hummingbird, 068.Ruby_throated_Hummingbird/Ruby_Throated_Hummingbird_0084_58311.jpg:068.Ruby_throated_Hummingbird -> 070.Green_Violetear, 068.Ruby_throated_Hummingbird/Ruby_Throated_Hummingbird_0040_57982.jpg:068.Ruby_throated_Hummingbird -> 068.Ruby_throated_Hummingbird, 068.Ruby_throated_Hummingbird/Ruby_Throated_Hummingbird_0126_57371.jpg:068.Ruby_throated_Hummingbird -> 068.Ruby_throated_Hummingbird, 
084.Red_legged_Kittiwake/Red_Legged_Kittiwake_0054_795396.jpg:084.Red_legged_Kittiwake -> 069.Rufous_Hummingbird, 080.Green_Kingfisher/Green_Kingfisher_0091_71248.jpg:080.Green_Kingfisher -> 069.Rufous_Hummingbird, 080.Green_Kingfisher/Green_Kingfisher_0091_71248.jpg:080.Green_Kingfisher -> 069.Rufous_Hummingbird, 069.Rufous_Hummingbird/Rufous_Hummingbird_0089_59524.jpg:069.Rufous_Hummingbird -> 068.Ruby_throated_Hummingbird, 069.Rufous_Hummingbird/Rufous_Hummingbird_0067_59510.jpg:069.Rufous_Hummingbird -> 087.Mallard, 069.Rufous_Hummingbird/Rufous_Hummingbird_0025_59461.jpg:069.Rufous_Hummingbird -> 081.Pied_Kingfisher, 
070.Green_Violetear/Green_Violetear_0003_795662.jpg:070.Green_Violetear -> 070.Green_Violetear, 069.Rufous_Hummingbird/Rufous_Hummingbird_0123_58546.jpg:069.Rufous_Hummingbird -> 070.Green_Violetear, 096.Hooded_Oriole/Hooded_Oriole_0050_90629.jpg:096.Hooded_Oriole -> 070.Green_Violetear, 070.Green_Violetear/Green_Violetear_0067_795674.jpg:070.Green_Violetear -> 070.Green_Violetear, 070.Green_Violetear/Green_Violetear_0106_795643.jpg:070.Green_Violetear -> 070.Green_Violetear, 070.Green_Violetear/Green_Violetear_0089_795698.jpg:070.Green_Violetear -> 070.Green_Violetear, 
071.Long_tailed_Jaeger/Long_Tailed_Jaeger_0066_60921.jpg:071.Long_tailed_Jaeger -> 071.Long_tailed_Jaeger, 062.Herring_Gull/Herring_Gull_0058_47383.jpg:062.Herring_Gull -> 071.Long_tailed_Jaeger, 088.Western_Meadowlark/Western_Meadowlark_0077_77814.jpg:088.Western_Meadowlark -> 071.Long_tailed_Jaeger, 071.Long_tailed_Jaeger/Long_Tailed_Jaeger_0062_797104.jpg:071.Long_tailed_Jaeger -> 071.Long_tailed_Jaeger, 071.Long_tailed_Jaeger/Long_Tailed_Jaeger_0051_797095.jpg:071.Long_tailed_Jaeger -> 071.Long_tailed_Jaeger, 071.Long_tailed_Jaeger/Long_Tailed_Jaeger_0034_797102.jpg:071.Long_tailed_Jaeger -> 086.Pacific_Loon, 
100.Brown_Pelican/Brown_Pelican_0020_95422.jpg:100.Brown_Pelican -> 072.Pomarine_Jaeger, 066.Western_Gull/Western_Gull_0099_53670.jpg:066.Western_Gull -> 072.Pomarine_Jaeger, 088.Western_Meadowlark/Western_Meadowlark_0101_78899.jpg:088.Western_Meadowlark -> 072.Pomarine_Jaeger, 072.Pomarine_Jaeger/Pomarine_Jaeger_0072_795743.jpg:072.Pomarine_Jaeger -> 065.Slaty_backed_Gull, 072.Pomarine_Jaeger/Pomarine_Jaeger_0007_795764.jpg:072.Pomarine_Jaeger -> 086.Pacific_Loon, 072.Pomarine_Jaeger/Pomarine_Jaeger_0058_795746.jpg:072.Pomarine_Jaeger -> 071.Long_tailed_Jaeger, 
073.Blue_Jay/Blue_Jay_0051_63339.jpg:073.Blue_Jay -> 073.Blue_Jay, 095.Baltimore_Oriole/Baltimore_Oriole_0051_89722.jpg:095.Baltimore_Oriole -> 073.Blue_Jay, 082.Ringed_Kingfisher/Ringed_Kingfisher_0024_73178.jpg:082.Ringed_Kingfisher -> 073.Blue_Jay, 073.Blue_Jay/Blue_Jay_0076_61817.jpg:073.Blue_Jay -> 097.Orchard_Oriole, 073.Blue_Jay/Blue_Jay_0052_63148.jpg:073.Blue_Jay -> 073.Blue_Jay, 073.Blue_Jay/Blue_Jay_0028_63599.jpg:073.Blue_Jay -> 073.Blue_Jay, 
094.White_breasted_Nuthatch/White_Breasted_Nuthatch_0064_86324.jpg:094.White_breasted_Nuthatch -> 074.Florida_Jay, 074.Florida_Jay/Florida_Jay_0081_64859.jpg:074.Florida_Jay -> 074.Florida_Jay, 094.White_breasted_Nuthatch/White_Breasted_Nuthatch_0114_86554.jpg:094.White_breasted_Nuthatch -> 074.Florida_Jay, 074.Florida_Jay/Florida_Jay_0110_64605.jpg:074.Florida_Jay -> 074.Florida_Jay, 074.Florida_Jay/Florida_Jay_0029_65114.jpg:074.Florida_Jay -> 074.Florida_Jay, 074.Florida_Jay/Florida_Jay_0110_64605.jpg:074.Florida_Jay -> 074.Florida_Jay, 
075.Green_Jay/Green_Jay_0128_65629.jpg:075.Green_Jay -> 075.Green_Jay, 091.Mockingbird/Mockingbird_0089_80601.jpg:091.Mockingbird -> 075.Green_Jay, 083.White_breasted_Kingfisher/White_Breasted_Kingfisher_0123_73211.jpg:083.White_breasted_Kingfisher -> 075.Green_Jay, 075.Green_Jay/Green_Jay_0085_66077.jpg:075.Green_Jay -> 075.Green_Jay, 075.Green_Jay/Green_Jay_0047_65757.jpg:075.Green_Jay -> 075.Green_Jay, 075.Green_Jay/Green_Jay_0043_65805.jpg:075.Green_Jay -> 071.Long_tailed_Jaeger, 
076.Dark_eyed_Junco/Dark_Eyed_Junco_0096_68514.jpg:076.Dark_eyed_Junco -> 076.Dark_eyed_Junco, 076.Dark_eyed_Junco/Dark_Eyed_Junco_0132_66476.jpg:076.Dark_eyed_Junco -> 076.Dark_eyed_Junco, 100.Brown_Pelican/Brown_Pelican_0051_94578.jpg:100.Brown_Pelican -> 076.Dark_eyed_Junco, 076.Dark_eyed_Junco/Dark_Eyed_Junco_0013_66332.jpg:076.Dark_eyed_Junco -> 085.Horned_Lark, 076.Dark_eyed_Junco/Dark_Eyed_Junco_0104_67820.jpg:076.Dark_eyed_Junco -> 086.Pacific_Loon, 076.Dark_eyed_Junco/Dark_Eyed_Junco_0106_68139.jpg:076.Dark_eyed_Junco -> 076.Dark_eyed_Junco, 
097.Orchard_Oriole/Orchard_Oriole_0101_91233.jpg:097.Orchard_Oriole -> 077.Tropical_Kingbird, 077.Tropical_Kingbird/Tropical_Kingbird_0086_69759.jpg:077.Tropical_Kingbird -> 077.Tropical_Kingbird, 077.Tropical_Kingbird/Tropical_Kingbird_0041_69954.jpg:077.Tropical_Kingbird -> 077.Tropical_Kingbird, 077.Tropical_Kingbird/Tropical_Kingbird_0063_69589.jpg:077.Tropical_Kingbird -> 079.Belted_Kingfisher, 077.Tropical_Kingbird/Tropical_Kingbird_0122_69687.jpg:077.Tropical_Kingbird -> 067.Anna_Hummingbird, 077.Tropical_Kingbird/Tropical_Kingbird_0052_69739.jpg:077.Tropical_Kingbird -> 093.Clark_Nutcracker, 
078.Gray_Kingbird/Gray_Kingbird_0059_795030.jpg:078.Gray_Kingbird -> 078.Gray_Kingbird, 079.Belted_Kingfisher/Belted_Kingfisher_0072_70924.jpg:079.Belted_Kingfisher -> 078.Gray_Kingbird, 064.Ring_billed_Gull/Ring_Billed_Gull_0078_51494.jpg:064.Ring_billed_Gull -> 078.Gray_Kingbird, 078.Gray_Kingbird/Gray_Kingbird_0022_70155.jpg:078.Gray_Kingbird -> 063.Ivory_Gull, 078.Gray_Kingbird/Gray_Kingbird_0025_70152.jpg:078.Gray_Kingbird -> 097.Orchard_Oriole, 078.Gray_Kingbird/Gray_Kingbird_0013_70135.jpg:078.Gray_Kingbird -> 089.Hooded_Merganser, 
077.Tropical_Kingbird/Tropical_Kingbird_0064_69889.jpg:077.Tropical_Kingbird -> 079.Belted_Kingfisher, 071.Long_tailed_Jaeger/Long_Tailed_Jaeger_0055_61046.jpg:071.Long_tailed_Jaeger -> 079.Belted_Kingfisher, 085.Horned_Lark/Horned_Lark_0049_74574.jpg:085.Horned_Lark -> 079.Belted_Kingfisher, 079.Belted_Kingfisher/Belted_Kingfisher_0105_70550.jpg:079.Belted_Kingfisher -> 089.Hooded_Merganser, 079.Belted_Kingfisher/Belted_Kingfisher_0071_70584.jpg:079.Belted_Kingfisher -> 079.Belted_Kingfisher, 079.Belted_Kingfisher/Belted_Kingfisher_0071_70584.jpg:079.Belted_Kingfisher -> 079.Belted_Kingfisher, 
083.White_breasted_Kingfisher/White_Breasted_Kingfisher_0118_73511.jpg:083.White_breasted_Kingfisher -> 080.Green_Kingfisher, 096.Hooded_Oriole/Hooded_Oriole_0069_90981.jpg:096.Hooded_Oriole -> 080.Green_Kingfisher, 087.Mallard/Mallard_0128_77396.jpg:087.Mallard -> 080.Green_Kingfisher, 080.Green_Kingfisher/Green_Kingfisher_0077_71129.jpg:080.Green_Kingfisher -> 071.Long_tailed_Jaeger, 080.Green_Kingfisher/Green_Kingfisher_0056_70972.jpg:080.Green_Kingfisher -> 089.Hooded_Merganser, 080.Green_Kingfisher/Green_Kingfisher_0046_71178.jpg:080.Green_Kingfisher -> 080.Green_Kingfisher, 
067.Anna_Hummingbird/Anna_Hummingbird_0019_57025.jpg:067.Anna_Hummingbird -> 081.Pied_Kingfisher, 081.Pied_Kingfisher/Pied_Kingfisher_0018_71657.jpg:081.Pied_Kingfisher -> 081.Pied_Kingfisher, 082.Ringed_Kingfisher/Ringed_Kingfisher_0073_73118.jpg:082.Ringed_Kingfisher -> 081.Pied_Kingfisher, 081.Pied_Kingfisher/Pied_Kingfisher_0030_72603.jpg:081.Pied_Kingfisher -> 077.Tropical_Kingbird, 081.Pied_Kingfisher/Pied_Kingfisher_0019_72659.jpg:081.Pied_Kingfisher -> 075.Green_Jay, 081.Pied_Kingfisher/Pied_Kingfisher_0047_72401.jpg:081.Pied_Kingfisher -> 080.Green_Kingfisher, 
098.Scott_Oriole/Scott_Oriole_0023_795835.jpg:098.Scott_Oriole -> 082.Ringed_Kingfisher, 079.Belted_Kingfisher/Belted_Kingfisher_0031_70506.jpg:079.Belted_Kingfisher -> 082.Ringed_Kingfisher, 079.Belted_Kingfisher/Belted_Kingfisher_0080_70725.jpg:079.Belted_Kingfisher -> 082.Ringed_Kingfisher, 082.Ringed_Kingfisher/Ringed_Kingfisher_0026_72867.jpg:082.Ringed_Kingfisher -> 075.Green_Jay, 082.Ringed_Kingfisher/Ringed_Kingfisher_0107_72983.jpg:082.Ringed_Kingfisher -> 067.Anna_Hummingbird, 082.Ringed_Kingfisher/Ringed_Kingfisher_0005_73086.jpg:082.Ringed_Kingfisher -> 078.Gray_Kingbird, 
094.White_breasted_Nuthatch/White_Breasted_Nuthatch_0063_86573.jpg:094.White_breasted_Nuthatch -> 083.White_breasted_Kingfisher, 094.White_breasted_Nuthatch/White_Breasted_Nuthatch_0075_86289.jpg:094.White_breasted_Nuthatch -> 083.White_breasted_Kingfisher, 098.Scott_Oriole/Scott_Oriole_0017_795832.jpg:098.Scott_Oriole -> 083.White_breasted_Kingfisher, 083.White_breasted_Kingfisher/White_Breasted_Kingfisher_0121_73258.jpg:083.White_breasted_Kingfisher -> 067.Anna_Hummingbird, 083.White_breasted_Kingfisher/White_Breasted_Kingfisher_0032_73248.jpg:083.White_breasted_Kingfisher -> 078.Gray_Kingbird, 083.White_breasted_Kingfisher/White_Breasted_Kingfisher_0089_73371.jpg:083.White_breasted_Kingfisher -> 098.Scott_Oriole, 
084.Red_legged_Kittiwake/Red_Legged_Kittiwake_0050_795397.jpg:084.Red_legged_Kittiwake -> 084.Red_legged_Kittiwake, 096.Hooded_Oriole/Hooded_Oriole_0075_90788.jpg:096.Hooded_Oriole -> 084.Red_legged_Kittiwake, 084.Red_legged_Kittiwake/Red_Legged_Kittiwake_0050_795397.jpg:084.Red_legged_Kittiwake -> 084.Red_legged_Kittiwake, 084.Red_legged_Kittiwake/Red_Legged_Kittiwake_0015_73792.jpg:084.Red_legged_Kittiwake -> 061.Heermann_Gull, 084.Red_legged_Kittiwake/Red_Legged_Kittiwake_0009_795459.jpg:084.Red_legged_Kittiwake -> 071.Long_tailed_Jaeger, 084.Red_legged_Kittiwake/Red_Legged_Kittiwake_0010_73789.jpg:084.Red_legged_Kittiwake -> 063.Ivory_Gull, 
098.Scott_Oriole/Scott_Oriole_0065_795819.jpg:098.Scott_Oriole -> 085.Horned_Lark, 085.Horned_Lark/Horned_Lark_0066_74796.jpg:085.Horned_Lark -> 085.Horned_Lark, 099.Ovenbird/Ovenbird_0130_92452.jpg:099.Ovenbird -> 085.Horned_Lark, 085.Horned_Lark/Horned_Lark_0065_74279.jpg:085.Horned_Lark -> 085.Horned_Lark, 085.Horned_Lark/Horned_Lark_0082_73833.jpg:085.Horned_Lark -> 085.Horned_Lark, 085.Horned_Lark/Horned_Lark_0127_74414.jpg:085.Horned_Lark -> 077.Tropical_Kingbird, 
089.Hooded_Merganser/Hooded_Merganser_0021_796732.jpg:089.Hooded_Merganser -> 086.Pacific_Loon, 086.Pacific_Loon/Pacific_Loon_0025_75436.jpg:086.Pacific_Loon -> 086.Pacific_Loon, 078.Gray_Kingbird/Gray_Kingbird_0082_795014.jpg:078.Gray_Kingbird -> 086.Pacific_Loon, 086.Pacific_Loon/Pacific_Loon_0017_75835.jpg:086.Pacific_Loon -> 100.Brown_Pelican, 086.Pacific_Loon/Pacific_Loon_0041_75782.jpg:086.Pacific_Loon -> 086.Pacific_Loon, 086.Pacific_Loon/Pacific_Loon_0043_75747.jpg:086.Pacific_Loon -> 086.Pacific_Loon, 
087.Mallard/Mallard_0106_77568.jpg:087.Mallard -> 087.Mallard, 087.Mallard/Mallard_0111_76722.jpg:087.Mallard -> 087.Mallard, 087.Mallard/Mallard_0035_77095.jpg:087.Mallard -> 087.Mallard, 087.Mallard/Mallard_0006_77171.jpg:087.Mallard -> 087.Mallard, 087.Mallard/Mallard_0030_77143.jpg:087.Mallard -> 096.Hooded_Oriole, 087.Mallard/Mallard_0006_77171.jpg:087.Mallard -> 087.Mallard, 
078.Gray_Kingbird/Gray_Kingbird_0026_70089.jpg:078.Gray_Kingbird -> 088.Western_Meadowlark, 063.Ivory_Gull/Ivory_Gull_0065_49566.jpg:063.Ivory_Gull -> 088.Western_Meadowlark, 077.Tropical_Kingbird/Tropical_Kingbird_0074_69949.jpg:077.Tropical_Kingbird -> 088.Western_Meadowlark, 088.Western_Meadowlark/Western_Meadowlark_0096_77901.jpg:088.Western_Meadowlark -> 075.Green_Jay, 088.Western_Meadowlark/Western_Meadowlark_0099_78176.jpg:088.Western_Meadowlark -> 085.Horned_Lark, 088.Western_Meadowlark/Western_Meadowlark_0115_77882.jpg:088.Western_Meadowlark -> 077.Tropical_Kingbird, 
068.Ruby_throated_Hummingbird/Ruby_Throated_Hummingbird_0107_57339.jpg:068.Ruby_throated_Hummingbird -> 089.Hooded_Merganser, 089.Hooded_Merganser/Hooded_Merganser_0074_796757.jpg:089.Hooded_Merganser -> 089.Hooded_Merganser, 083.White_breasted_Kingfisher/White_Breasted_Kingfisher_0037_73220.jpg:083.White_breasted_Kingfisher -> 089.Hooded_Merganser, 089.Hooded_Merganser/Hooded_Merganser_0094_796786.jpg:089.Hooded_Merganser -> 090.Red_breasted_Merganser, 089.Hooded_Merganser/Hooded_Merganser_0083_796773.jpg:089.Hooded_Merganser -> 089.Hooded_Merganser, 089.Hooded_Merganser/Hooded_Merganser_0015_79132.jpg:089.Hooded_Merganser -> 089.Hooded_Merganser, 
090.Red_breasted_Merganser/Red_Breasted_Merganser_0052_79178.jpg:090.Red_breasted_Merganser -> 090.Red_breasted_Merganser, 080.Green_Kingfisher/Green_Kingfisher_0005_71352.jpg:080.Green_Kingfisher -> 090.Red_breasted_Merganser, 064.Ring_billed_Gull/Ring_Billed_Gull_0038_51275.jpg:064.Ring_billed_Gull -> 090.Red_breasted_Merganser, 090.Red_breasted_Merganser/Red_Breasted_Merganser_0064_79563.jpg:090.Red_breasted_Merganser -> 090.Red_breasted_Merganser, 090.Red_breasted_Merganser/Red_Breasted_Merganser_0045_79358.jpg:090.Red_breasted_Merganser -> 086.Pacific_Loon, 090.Red_breasted_Merganser/Red_Breasted_Merganser_0010_79567.jpg:090.Red_breasted_Merganser -> 090.Red_breasted_Merganser, 
091.Mockingbird/Mockingbird_0013_82010.jpg:091.Mockingbird -> 091.Mockingbird, 072.Pomarine_Jaeger/Pomarine_Jaeger_0078_795758.jpg:072.Pomarine_Jaeger -> 091.Mockingbird, 098.Scott_Oriole/Scott_Oriole_0022_92356.jpg:098.Scott_Oriole -> 091.Mockingbird, 091.Mockingbird/Mockingbird_0060_79972.jpg:091.Mockingbird -> 091.Mockingbird, 091.Mockingbird/Mockingbird_0049_80336.jpg:091.Mockingbird -> 085.Horned_Lark, 091.Mockingbird/Mockingbird_0047_80819.jpg:091.Mockingbird -> 081.Pied_Kingfisher, 
092.Nighthawk/Nighthawk_0065_82895.jpg:092.Nighthawk -> 085.Horned_Lark, 092.Nighthawk/Nighthawk_0016_84490.jpg:092.Nighthawk -> 085.Horned_Lark, 092.Nighthawk/Nighthawk_0058_83270.jpg:092.Nighthawk -> 088.Western_Meadowlark, 092.Nighthawk/Nighthawk_0082_82242.jpg:092.Nighthawk -> 079.Belted_Kingfisher, 092.Nighthawk/Nighthawk_0046_82246.jpg:092.Nighthawk -> 061.Heermann_Gull, 092.Nighthawk/Nighthawk_0076_82686.jpg:092.Nighthawk -> 063.Ivory_Gull, 
065.Slaty_backed_Gull/Slaty_Backed_Gull_0036_796053.jpg:065.Slaty_backed_Gull -> 093.Clark_Nutcracker, 079.Belted_Kingfisher/Belted_Kingfisher_0014_70910.jpg:079.Belted_Kingfisher -> 093.Clark_Nutcracker, 093.Clark_Nutcracker/Clark_Nutcracker_0090_85116.jpg:093.Clark_Nutcracker -> 093.Clark_Nutcracker, 093.Clark_Nutcracker/Clark_Nutcracker_0101_85656.jpg:093.Clark_Nutcracker -> 087.Mallard, 093.Clark_Nutcracker/Clark_Nutcracker_0083_85480.jpg:093.Clark_Nutcracker -> 066.Western_Gull, 093.Clark_Nutcracker/Clark_Nutcracker_0107_85662.jpg:093.Clark_Nutcracker -> 064.Ring_billed_Gull, 
091.Mockingbird/Mockingbird_0023_80121.jpg:091.Mockingbird -> 094.White_breasted_Nuthatch, 094.White_breasted_Nuthatch/White_Breasted_Nuthatch_0101_86708.jpg:094.White_breasted_Nuthatch -> 094.White_breasted_Nuthatch, 082.Ringed_Kingfisher/Ringed_Kingfisher_0025_72795.jpg:082.Ringed_Kingfisher -> 094.White_breasted_Nuthatch, 094.White_breasted_Nuthatch/White_Breasted_Nuthatch_0108_86308.jpg:094.White_breasted_Nuthatch -> 095.Baltimore_Oriole, 094.White_breasted_Nuthatch/White_Breasted_Nuthatch_0120_85890.jpg:094.White_breasted_Nuthatch -> 081.Pied_Kingfisher, 094.White_breasted_Nuthatch/White_Breasted_Nuthatch_0110_86038.jpg:094.White_breasted_Nuthatch -> 083.White_breasted_Kingfisher, 
099.Ovenbird/Ovenbird_0009_93395.jpg:099.Ovenbird -> 095.Baltimore_Oriole, 098.Scott_Oriole/Scott_Oriole_0081_92374.jpg:098.Scott_Oriole -> 095.Baltimore_Oriole, 063.Ivory_Gull/Ivory_Gull_0014_48983.jpg:063.Ivory_Gull -> 095.Baltimore_Oriole, 095.Baltimore_Oriole/Baltimore_Oriole_0111_87449.jpg:095.Baltimore_Oriole -> 094.White_breasted_Nuthatch, 095.Baltimore_Oriole/Baltimore_Oriole_0120_88403.jpg:095.Baltimore_Oriole -> 094.White_breasted_Nuthatch, 095.Baltimore_Oriole/Baltimore_Oriole_0106_89680.jpg:095.Baltimore_Oriole -> 095.Baltimore_Oriole, 
094.White_breasted_Nuthatch/White_Breasted_Nuthatch_0131_86416.jpg:094.White_breasted_Nuthatch -> 096.Hooded_Oriole, 095.Baltimore_Oriole/Baltimore_Oriole_0058_87296.jpg:095.Baltimore_Oriole -> 096.Hooded_Oriole, 086.Pacific_Loon/Pacific_Loon_0069_75446.jpg:086.Pacific_Loon -> 096.Hooded_Oriole, 096.Hooded_Oriole/Hooded_Oriole_0047_90637.jpg:096.Hooded_Oriole -> 095.Baltimore_Oriole, 096.Hooded_Oriole/Hooded_Oriole_0063_90976.jpg:096.Hooded_Oriole -> 067.Anna_Hummingbird, 096.Hooded_Oriole/Hooded_Oriole_0034_90686.jpg:096.Hooded_Oriole -> 095.Baltimore_Oriole, 
077.Tropical_Kingbird/Tropical_Kingbird_0115_69485.jpg:077.Tropical_Kingbird -> 097.Orchard_Oriole, 081.Pied_Kingfisher/Pied_Kingfisher_0016_72280.jpg:081.Pied_Kingfisher -> 097.Orchard_Oriole, 097.Orchard_Oriole/Orchard_Oriole_0061_91941.jpg:097.Orchard_Oriole -> 097.Orchard_Oriole, 097.Orchard_Oriole/Orchard_Oriole_0006_91724.jpg:097.Orchard_Oriole -> 097.Orchard_Oriole, 097.Orchard_Oriole/Orchard_Oriole_0070_91383.jpg:097.Orchard_Oriole -> 072.Pomarine_Jaeger, 097.Orchard_Oriole/Orchard_Oriole_0106_91830.jpg:097.Orchard_Oriole -> 094.White_breasted_Nuthatch, 
076.Dark_eyed_Junco/Dark_Eyed_Junco_0069_68416.jpg:076.Dark_eyed_Junco -> 098.Scott_Oriole, 099.Ovenbird/Ovenbird_0137_92639.jpg:099.Ovenbird -> 098.Scott_Oriole, 073.Blue_Jay/Blue_Jay_0011_63660.jpg:073.Blue_Jay -> 098.Scott_Oriole, 098.Scott_Oriole/Scott_Oriole_0002_795829.jpg:098.Scott_Oriole -> 095.Baltimore_Oriole, 098.Scott_Oriole/Scott_Oriole_0044_92262.jpg:098.Scott_Oriole -> 078.Gray_Kingbird, 098.Scott_Oriole/Scott_Oriole_0001_795826.jpg:098.Scott_Oriole -> 093.Clark_Nutcracker, 
099.Ovenbird/Ovenbird_0099_93148.jpg:099.Ovenbird -> 099.Ovenbird, 099.Ovenbird/Ovenbird_0019_92699.jpg:099.Ovenbird -> 099.Ovenbird, 094.White_breasted_Nuthatch/White_Breasted_Nuthatch_0119_86182.jpg:094.White_breasted_Nuthatch -> 099.Ovenbird, 099.Ovenbird/Ovenbird_0059_92470.jpg:099.Ovenbird -> 075.Green_Jay, 099.Ovenbird/Ovenbird_0135_93168.jpg:099.Ovenbird -> 099.Ovenbird, 099.Ovenbird/Ovenbird_0010_92957.jpg:099.Ovenbird -> 085.Horned_Lark, 
100.Brown_Pelican/Brown_Pelican_0074_93692.jpg:100.Brown_Pelican -> 100.Brown_Pelican, 100.Brown_Pelican/Brown_Pelican_0088_94076.jpg:100.Brown_Pelican -> 100.Brown_Pelican, 100.Brown_Pelican/Brown_Pelican_0140_93438.jpg:100.Brown_Pelican -> 100.Brown_Pelican, 100.Brown_Pelican/Brown_Pelican_0097_93767.jpg:100.Brown_Pelican -> 072.Pomarine_Jaeger, 100.Brown_Pelican/Brown_Pelican_0103_94787.jpg:100.Brown_Pelican -> 100.Brown_Pelican, 100.Brown_Pelican/Brown_Pelican_0102_93727.jpg:100.Brown_Pelican -> 071.Long_tailed_Jaeger, 
