144.Common_Tern/Common_Tern_0055_149486.jpg:144.Common_Tern -> 101.White_Pelican, 146.Forsters_Tern/Forsters_Tern_0057_151570.jpg:146.Forsters_Tern -> 101.White_Pelican, 101.White_Pelican/White_Pelican_0003_96691.jpg:101.White_Pelican -> 101.White_Pelican, 101.White_Pelican/White_Pelican_0068_95635.jpg:101.White_Pelican -> 101.White_Pelican, 101.White_Pelican/White_Pelican_0056_97071.jpg:101.White_Pelican -> 143.Caspian_Tern, 101.White_Pelican/White_Pelican_0054_97528.jpg:101.White_Pelican -> 101.White_Pelican, 
102.Western_Wood_Pewee/Western_Wood_Pewee_0032_98121.jpg:102.Western_Wood_Pewee -> 158.Bay_breasted_Warbler, 102.Western_Wood_Pewee/Western_Wood_Pewee_0076_98002.jpg:102.Western_Wood_Pewee -> 164.Cerulean_Warbler, 102.Western_Wood_Pewee/Western_Wood_Pewee_0020_795054.jpg:102.Western_Wood_Pewee -> 197.Marsh_Wren, 102.Western_Wood_Pewee/Western_Wood_Pewee_0051_98206.jpg:102.Western_Wood_Pewee -> 104.American_Pipit, 102.Western_Wood_Pewee/Western_Wood_Pewee_0053_98186.jpg:102.Western_Wood_Pewee -> 125.Lincoln_Sparrow, 102.Western_Wood_Pewee/Western_Wood_Pewee_0076_98002.jpg:102.Western_Wood_Pewee -> 164.Cerulean_Warbler, 
136.Barn_Swallow/Barn_Swallow_0038_132780.jpg:136.Barn_Swallow -> 103.Sayornis, 160.Black_throated_Blue_Warbler/Black_Throated_Blue_Warbler_0080_161681.jpg:160.Black_throated_Blue_Warbler -> 103.Sayornis, 171.Myrtle_Warbler/Myrtle_Warbler_0103_166963.jpg:171.Myrtle_Warbler -> 103.Sayornis, 103.Sayornis/Sayornis_0061_98375.jpg:103.Sayornis -> 164.Cerulean_Warbler, 103.Sayornis/Sayornis_0134_98339.jpg:103.Sayornis -> 177.Prothonotary_Warbler, 103.Sayornis/Sayornis_0056_99553.jpg:103.Sayornis -> 122.Harris_Sparrow, 
152.Blue_headed_Vireo/Blue_Headed_Vireo_0096_155969.jpg:152.Blue_headed_Vireo -> 104.American_Pipit, 183.Northern_Waterthrush/Northern_Waterthrush_0049_177173.jpg:183.Northern_Waterthrush -> 104.American_Pipit, 118.House_Sparrow/House_Sparrow_0055_111393.jpg:118.House_Sparrow -> 104.American_Pipit, 104.American_Pipit/American_Pipit_0022_100227.jpg:104.American_Pipit -> 131.Vesper_Sparrow, 104.American_Pipit/American_Pipit_0081_99785.jpg:104.American_Pipit -> 104.American_Pipit, 104.American_Pipit/American_Pipit_0099_99971.jpg:104.American_Pipit -> 162.Canada_Warbler, 
190.Red_cockaded_Woodpecker/Red_Cockaded_Woodpecker_0015_182459.jpg:190.Red_cockaded_Woodpecker -> 105.Whip_poor_Will, 198.Rock_Wren/Rock_Wren_0121_188974.jpg:198.Rock_Wren -> 105.Whip_poor_Will, 154.Red_eyed_Vireo/Red_Eyed_Vireo_0095_157082.jpg:154.Red_eyed_Vireo -> 105.Whip_poor_Will, 105.Whip_poor_Will/Whip_Poor_Will_0034_796413.jpg:105.Whip_poor_Will -> 190.Red_cockaded_Woodpecker, 105.Whip_poor_Will/Whip_Poor_Will_0019_796433.jpg:105.Whip_poor_Will -> 120.Fox_Sparrow, 105.Whip_poor_Will/Whip_Poor_Will_0019_796433.jpg:105.Whip_poor_Will -> 120.Fox_Sparrow, 
116.Chipping_Sparrow/Chipping_Sparrow_0036_107695.jpg:116.Chipping_Sparrow -> 106.Horned_Puffin, 185.Bohemian_Waxwing/Bohemian_Waxwing_0075_796678.jpg:185.Bohemian_Waxwing -> 106.Horned_Puffin, 196.House_Wren/House_Wren_0117_187492.jpg:196.House_Wren -> 106.Horned_Puffin, 106.Horned_Puffin/Horned_Puffin_0031_100804.jpg:106.Horned_Puffin -> 107.Common_Raven, 106.Horned_Puffin/Horned_Puffin_0069_101018.jpg:106.Horned_Puffin -> 190.Red_cockaded_Woodpecker, 106.Horned_Puffin/Horned_Puffin_0071_100651.jpg:106.Horned_Puffin -> 197.Marsh_Wren, 
135.Bank_Swallow/Bank_Swallow_0059_129896.jpg:135.Bank_Swallow -> 107.Common_Raven, 124.Le_Conte_Sparrow/Le_Conte_Sparrow_0012_795211.jpg:124.Le_Conte_Sparrow -> 107.Common_Raven, 190.Red_cockaded_Woodpecker/Red_Cockaded_Woodpecker_0062_182371.jpg:190.Red_cockaded_Woodpecker -> 107.Common_Raven, 107.Common_Raven/Common_Raven_0078_101148.jpg:107.Common_Raven -> 111.Loggerhead_Shrike, 107.Common_Raven/Common_Raven_0007_102020.jpg:107.Common_Raven -> 107.Common_Raven, 107.Common_Raven/Common_Raven_0110_101775.jpg:107.Common_Raven -> 111.Loggerhead_Shrike, 
168.Kentucky_Warbler/Kentucky_Warbler_0053_165332.jpg:168.Kentucky_Warbler -> 108.White_necked_Raven, 145.Elegant_Tern/Elegant_Tern_0045_150752.jpg:145.Elegant_Tern -> 108.White_necked_Raven, 190.Red_cockaded_Woodpecker/Red_Cockaded_Woodpecker_0054_794699.jpg:190.Red_cockaded_Woodpecker -> 108.White_necked_Raven, 108.White_necked_Raven/White_Necked_Raven_0063_797361.jpg:108.White_necked_Raven -> 107.Common_Raven, 108.White_necked_Raven/White_Necked_Raven_0010_797350.jpg:108.White_necked_Raven -> 166.Golden_winged_Warbler, 108.White_necked_Raven/White_Necked_Raven_0048_797345.jpg:108.White_necked_Raven -> 107.Common_Raven, 
109.American_Redstart/American_Redstart_0044_103433.jpg:109.American_Redstart -> 183.Northern_Waterthrush, 109.American_Redstart/American_Redstart_0038_103278.jpg:109.American_Redstart -> 122.Harris_Sparrow, 109.American_Redstart/American_Redstart_0045_102823.jpg:109.American_Redstart -> 124.Le_Conte_Sparrow, 109.American_Redstart/American_Redstart_0009_103974.jpg:109.American_Redstart -> 160.Black_throated_Blue_Warbler, 109.American_Redstart/American_Redstart_0120_103089.jpg:109.American_Redstart -> 130.Tree_Sparrow, 109.American_Redstart/American_Redstart_0033_103783.jpg:109.American_Redstart -> 107.Common_Raven, 
133.White_throated_Sparrow/White_Throated_Sparrow_0060_128802.jpg:133.White_throated_Sparrow -> 110.Geococcyx, 110.Geococcyx/Geococcyx_0105_104239.jpg:110.Geococcyx -> 110.Geococcyx, 163.Cape_May_Warbler/Cape_May_Warbler_0026_162913.jpg:163.Cape_May_Warbler -> 110.Geococcyx, 110.Geococcyx/Geococcyx_0065_104806.jpg:110.Geococcyx -> 196.House_Wren, 110.Geococcyx/Geococcyx_0112_104548.jpg:110.Geococcyx -> 110.Geococcyx, 110.Geococcyx/Geococcyx_0006_104523.jpg:110.Geococcyx -> 130.Tree_Sparrow, 
192.Downy_Woodpecker/Downy_Woodpecker_0033_184636.jpg:192.Downy_Woodpecker -> 111.Loggerhead_Shrike, 112.Great_Grey_Shrike/Great_Grey_Shrike_0068_797060.jpg:112.Great_Grey_Shrike -> 111.Loggerhead_Shrike, 132.White_crowned_Sparrow/White_Crowned_Sparrow_0040_127313.jpg:132.White_crowned_Sparrow -> 111.Loggerhead_Shrike, 111.Loggerhead_Shrike/Loggerhead_Shrike_0126_106316.jpg:111.Loggerhead_Shrike -> 186.Cedar_Waxwing, 111.Loggerhead_Shrike/Loggerhead_Shrike_0118_105157.jpg:111.Loggerhead_Shrike -> 111.Loggerhead_Shrike, 111.Loggerhead_Shrike/Loggerhead_Shrike_0120_105777.jpg:111.Loggerhead_Shrike -> 111.Loggerhead_Shrike, 
147.Least_Tern/Least_Tern_0114_153840.jpg:147.Least_Tern -> 112.Great_Grey_Shrike, 127.Savannah_Sparrow/Savannah_Sparrow_0043_119362.jpg:127.Savannah_Sparrow -> 112.Great_Grey_Shrike, 103.Sayornis/Sayornis_0037_98949.jpg:103.Sayornis -> 112.Great_Grey_Shrike, 112.Great_Grey_Shrike/Great_Grey_Shrike_0023_106670.jpg:112.Great_Grey_Shrike -> 192.Downy_Woodpecker, 112.Great_Grey_Shrike/Great_Grey_Shrike_0071_106861.jpg:112.Great_Grey_Shrike -> 188.Pileated_Woodpecker, 112.Great_Grey_Shrike/Great_Grey_Shrike_0004_797041.jpg:112.Great_Grey_Shrike -> 115.Brewer_Sparrow, 
195.Carolina_Wren/Carolina_Wren_0058_186409.jpg:195.Carolina_Wren -> 113.Baird_Sparrow, 113.Baird_Sparrow/Baird_Sparrow_0011_794577.jpg:113.Baird_Sparrow -> 113.Baird_Sparrow, 196.House_Wren/House_Wren_0094_187226.jpg:196.House_Wren -> 113.Baird_Sparrow, 113.Baird_Sparrow/Baird_Sparrow_0034_794589.jpg:113.Baird_Sparrow -> 128.Seaside_Sparrow, 113.Baird_Sparrow/Baird_Sparrow_0015_794573.jpg:113.Baird_Sparrow -> 194.Cactus_Wren, 113.Baird_Sparrow/Baird_Sparrow_0049_787324.jpg:113.Baird_Sparrow -> 113.Baird_Sparrow, 
153.Philadelphia_Vireo/Philadelphia_Vireo_0039_794794.jpg:153.Philadelphia_Vireo -> 114.Black_throated_Sparrow, 186.Cedar_Waxwing/Cedar_Waxwing_0030_178202.jpg:186.Cedar_Waxwing -> 114.Black_throated_Sparrow, 116.Chipping_Sparrow/Chipping_Sparrow_0064_108204.jpg:116.Chipping_Sparrow -> 114.Black_throated_Sparrow, 114.Black_throated_Sparrow/Black_Throated_Sparrow_0050_107033.jpg:114.Black_throated_Sparrow -> 154.Red_eyed_Vireo, 114.Black_throated_Sparrow/Black_Throated_Sparrow_0090_107295.jpg:114.Black_throated_Sparrow -> 107.Common_Raven, 114.Black_throated_Sparrow/Black_Throated_Sparrow_0007_106999.jpg:114.Black_throated_Sparrow -> 131.Vesper_Sparrow, 
192.Downy_Woodpecker/Downy_Woodpecker_0096_184532.jpg:192.Downy_Woodpecker -> 115.Brewer_Sparrow, 121.Grasshopper_Sparrow/Grasshopper_Sparrow_0050_116301.jpg:121.Grasshopper_Sparrow -> 115.Brewer_Sparrow, 118.House_Sparrow/House_Sparrow_0108_112963.jpg:118.House_Sparrow -> 115.Brewer_Sparrow, 115.Brewer_Sparrow/Brewer_Sparrow_0026_107432.jpg:115.Brewer_Sparrow -> 130.Tree_Sparrow, 115.Brewer_Sparrow/Brewer_Sparrow_0044_796698.jpg:115.Brewer_Sparrow -> 108.White_necked_Raven, 115.Brewer_Sparrow/Brewer_Sparrow_0046_796696.jpg:115.Brewer_Sparrow -> 158.Bay_breasted_Warbler, 
116.Chipping_Sparrow/Chipping_Sparrow_0074_108401.jpg:116.Chipping_Sparrow -> 110.Geococcyx, 116.Chipping_Sparrow/Chipping_Sparrow_0090_14718.jpg:116.Chipping_Sparrow -> 162.Canada_Warbler, 116.Chipping_Sparrow/Chipping_Sparrow_0052_109874.jpg:116.Chipping_Sparrow -> 121.Grasshopper_Sparrow, 116.Chipping_Sparrow/Chipping_Sparrow_0071_108735.jpg:116.Chipping_Sparrow -> 160.Black_throated_Blue_Warbler, 116.Chipping_Sparrow/Chipping_Sparrow_0024_109445.jpg:116.Chipping_Sparrow -> 183.Northern_Waterthrush, 116.Chipping_Sparrow/Chipping_Sparrow_0010_109760.jpg:116.Chipping_Sparrow -> 172.Nashville_Warbler, 
117.Clay_colored_Sparrow/Clay_Colored_Sparrow_0105_110547.jpg:117.Clay_colored_Sparrow -> 136.Barn_Swallow, 117.Clay_colored_Sparrow/Clay_Colored_Sparrow_0042_797243.jpg:117.Clay_colored_Sparrow -> 121.Grasshopper_Sparrow, 117.Clay_colored_Sparrow/Clay_Colored_Sparrow_0033_797255.jpg:117.Clay_colored_Sparrow -> 120.Fox_Sparrow, 117.Clay_colored_Sparrow/Clay_Colored_Sparrow_0094_797250.jpg:117.Clay_colored_Sparrow -> 121.Grasshopper_Sparrow, 117.Clay_colored_Sparrow/Clay_Colored_Sparrow_0061_110830.jpg:117.Clay_colored_Sparrow -> 158.Bay_breasted_Warbler, 117.Clay_colored_Sparrow/Clay_Colored_Sparrow_0038_110799.jpg:117.Clay_colored_Sparrow -> 121.Grasshopper_Sparrow, 
118.House_Sparrow/House_Sparrow_0092_111413.jpg:118.House_Sparrow -> 121.Grasshopper_Sparrow, 118.House_Sparrow/House_Sparrow_0036_112847.jpg:118.House_Sparrow -> 176.Prairie_Warbler, 118.House_Sparrow/House_Sparrow_0094_112773.jpg:118.House_Sparrow -> 154.Red_eyed_Vireo, 118.House_Sparrow/House_Sparrow_0111_112968.jpg:118.House_Sparrow -> 124.Le_Conte_Sparrow, 118.House_Sparrow/House_Sparrow_0049_110976.jpg:118.House_Sparrow -> 122.Harris_Sparrow, 118.House_Sparrow/House_Sparrow_0144_113216.jpg:118.House_Sparrow -> 166.Golden_winged_Warbler, 
173.Orange_crowned_Warbler/Orange_Crowned_Warbler_0027_168381.jpg:173.Orange_crowned_Warbler -> 119.Field_Sparrow, 117.Clay_colored_Sparrow/Clay_Colored_Sparrow_0071_110656.jpg:117.Clay_colored_Sparrow -> 119.Field_Sparrow, 154.Red_eyed_Vireo/Red_Eyed_Vireo_0134_156919.jpg:154.Red_eyed_Vireo -> 119.Field_Sparrow, 119.Field_Sparrow/Field_Sparrow_0110_113995.jpg:119.Field_Sparrow -> 122.Harris_Sparrow, 119.Field_Sparrow/Field_Sparrow_0108_114154.jpg:119.Field_Sparrow -> 175.Pine_Warbler, 119.Field_Sparrow/Field_Sparrow_0038_113356.jpg:119.Field_Sparrow -> 122.Harris_Sparrow, 
130.Tree_Sparrow/Tree_Sparrow_0081_124348.jpg:130.Tree_Sparrow -> 120.Fox_Sparrow, 103.Sayornis/Sayornis_0077_98724.jpg:103.Sayornis -> 120.Fox_Sparrow, 131.Vesper_Sparrow/Vesper_Sparrow_0040_125441.jpg:131.Vesper_Sparrow -> 120.Fox_Sparrow, 120.Fox_Sparrow/Fox_Sparrow_0103_115038.jpg:120.Fox_Sparrow -> 153.Philadelphia_Vireo, 120.Fox_Sparrow/Fox_Sparrow_0058_114789.jpg:120.Fox_Sparrow -> 110.Geococcyx, 120.Fox_Sparrow/Fox_Sparrow_0109_114859.jpg:120.Fox_Sparrow -> 166.Golden_winged_Warbler, 
123.Henslow_Sparrow/Henslow_Sparrow_0022_116835.jpg:123.Henslow_Sparrow -> 121.Grasshopper_Sparrow, 125.Lincoln_Sparrow/Lincoln_Sparrow_0036_117280.jpg:125.Lincoln_Sparrow -> 121.Grasshopper_Sparrow, 104.American_Pipit/American_Pipit_0067_100237.jpg:104.American_Pipit -> 121.Grasshopper_Sparrow, 121.Grasshopper_Sparrow/Grasshopper_Sparrow_0117_115983.jpg:121.Grasshopper_Sparrow -> 120.Fox_Sparrow, 121.Grasshopper_Sparrow/Grasshopper_Sparrow_0108_115894.jpg:121.Grasshopper_Sparrow -> 122.Harris_Sparrow, 121.Grasshopper_Sparrow/Grasshopper_Sparrow_0039_115980.jpg:121.Grasshopper_Sparrow -> 121.Grasshopper_Sparrow, 
112.Great_Grey_Shrike/Great_Grey_Shrike_0058_106634.jpg:112.Great_Grey_Shrike -> 122.Harris_Sparrow, 116.Chipping_Sparrow/Chipping_Sparrow_0053_109774.jpg:116.Chipping_Sparrow -> 122.Harris_Sparrow, 165.Chestnut_sided_Warbler/Chestnut_Sided_Warbler_0087_164221.jpg:165.Chestnut_sided_Warbler -> 122.Harris_Sparrow, 122.Harris_Sparrow/Harris_Sparrow_0039_116409.jpg:122.Harris_Sparrow -> 122.Harris_Sparrow, 122.Harris_Sparrow/Harris_Sparrow_0004_116581.jpg:122.Harris_Sparrow -> 149.Brown_Thrasher, 122.Harris_Sparrow/Harris_Sparrow_0021_116399.jpg:122.Harris_Sparrow -> 131.Vesper_Sparrow, 
158.Bay_breasted_Warbler/Bay_Breasted_Warbler_0110_159735.jpg:158.Bay_breasted_Warbler -> 123.Henslow_Sparrow, 129.Song_Sparrow/Song_Sparrow_0114_121233.jpg:129.Song_Sparrow -> 123.Henslow_Sparrow, 116.Chipping_Sparrow/Chipping_Sparrow_0086_109022.jpg:116.Chipping_Sparrow -> 123.Henslow_Sparrow, 123.Henslow_Sparrow/Henslow_Sparrow_0026_796542.jpg:123.Henslow_Sparrow -> 123.Henslow_Sparrow, 123.Henslow_Sparrow/Henslow_Sparrow_0031_796594.jpg:123.Henslow_Sparrow -> 124.Le_Conte_Sparrow, 123.Henslow_Sparrow/Henslow_Sparrow_0108_796592.jpg:123.Henslow_Sparrow -> 198.Rock_Wren, 
136.Barn_Swallow/Barn_Swallow_0044_132542.jpg:136.Barn_Swallow -> 124.Le_Conte_Sparrow, 167.Hooded_Warbler/Hooded_Warbler_0051_164892.jpg:167.Hooded_Warbler -> 124.Le_Conte_Sparrow, 185.Bohemian_Waxwing/Bohemian_Waxwing_0019_177684.jpg:185.Bohemian_Waxwing -> 124.Le_Conte_Sparrow, 124.Le_Conte_Sparrow/Le_Conte_Sparrow_0088_117040.jpg:124.Le_Conte_Sparrow -> 122.Harris_Sparrow, 124.Le_Conte_Sparrow/Le_Conte_Sparrow_0047_795192.jpg:124.Le_Conte_Sparrow -> 121.Grasshopper_Sparrow, 124.Le_Conte_Sparrow/Le_Conte_Sparrow_0089_795154.jpg:124.Le_Conte_Sparrow -> 113.Baird_Sparrow, 
124.Le_Conte_Sparrow/Le_Conte_Sparrow_0092_795221.jpg:124.Le_Conte_Sparrow -> 125.Lincoln_Sparrow, 125.Lincoln_Sparrow/Lincoln_Sparrow_0128_117851.jpg:125.Lincoln_Sparrow -> 125.Lincoln_Sparrow, 160.Black_throated_Blue_Warbler/Black_Throated_Blue_Warbler_0126_161724.jpg:160.Black_throated_Blue_Warbler -> 125.Lincoln_Sparrow, 125.Lincoln_Sparrow/Lincoln_Sparrow_0099_117482.jpg:125.Lincoln_Sparrow -> 115.Brewer_Sparrow, 125.Lincoln_Sparrow/Lincoln_Sparrow_0083_117272.jpg:125.Lincoln_Sparrow -> 177.Prothonotary_Warbler, 125.Lincoln_Sparrow/Lincoln_Sparrow_0078_117483.jpg:125.Lincoln_Sparrow -> 119.Field_Sparrow, 
126.Nelson_Sharp_tailed_Sparrow/Nelson_Sharp_Tailed_Sparrow_0049_118033.jpg:126.Nelson_Sharp_tailed_Sparrow -> 128.Seaside_Sparrow, 126.Nelson_Sharp_tailed_Sparrow/Nelson_Sharp_Tailed_Sparrow_0014_796906.jpg:126.Nelson_Sharp_tailed_Sparrow -> 183.Northern_Waterthrush, 126.Nelson_Sharp_tailed_Sparrow/Nelson_Sharp_Tailed_Sparrow_0076_117964.jpg:126.Nelson_Sharp_tailed_Sparrow -> 106.Horned_Puffin, 126.Nelson_Sharp_tailed_Sparrow/Nelson_Sharp_Tailed_Sparrow_0036_118075.jpg:126.Nelson_Sharp_tailed_Sparrow -> 176.Prairie_Warbler, 126.Nelson_Sharp_tailed_Sparrow/Nelson_Sharp_Tailed_Sparrow_0045_118004.jpg:126.Nelson_Sharp_tailed_Sparrow -> 176.Prairie_Warbler, 126.Nelson_Sharp_tailed_Sparrow/Nelson_Sharp_Tailed_Sparrow_0076_117964.jpg:126.Nelson_Sharp_tailed_Sparrow -> 106.Horned_Puffin, 
167.Hooded_Warbler/Hooded_Warbler_0041_164807.jpg:167.Hooded_Warbler -> 127.Savannah_Sparrow, 123.Henslow_Sparrow/Henslow_Sparrow_0027_796543.jpg:123.Henslow_Sparrow -> 127.Savannah_Sparrow, 113.Baird_Sparrow/Baird_Sparrow_0021_794576.jpg:113.Baird_Sparrow -> 127.Savannah_Sparrow, 127.Savannah_Sparrow/Savannah_Sparrow_0009_120205.jpg:127.Savannah_Sparrow -> 123.Henslow_Sparrow, 127.Savannah_Sparrow/Savannah_Sparrow_0011_119459.jpg:127.Savannah_Sparrow -> 123.Henslow_Sparrow, 127.Savannah_Sparrow/Savannah_Sparrow_0043_119362.jpg:127.Savannah_Sparrow -> 112.Great_Grey_Shrike, 
103.Sayornis/Sayornis_0021_98710.jpg:103.Sayornis -> 128.Seaside_Sparrow, 157.Yellow_throated_Vireo/Yellow_Throated_Vireo_0071_159707.jpg:157.Yellow_throated_Vireo -> 128.Seaside_Sparrow, 148.Green_tailed_Towhee/Green_Tailed_Towhee_0004_154951.jpg:148.Green_tailed_Towhee -> 128.Seaside_Sparrow, 128.Seaside_Sparrow/Seaside_Sparrow_0034_796521.jpg:128.Seaside_Sparrow -> 170.Mourning_Warbler, 128.Seaside_Sparrow/Seaside_Sparrow_0070_796540.jpg:128.Seaside_Sparrow -> 115.Brewer_Sparrow, 128.Seaside_Sparrow/Seaside_Sparrow_0071_796519.jpg:128.Seaside_Sparrow -> 120.Fox_Sparrow, 
129.Song_Sparrow/Song_Sparrow_0071_122446.jpg:129.Song_Sparrow -> 115.Brewer_Sparrow, 129.Song_Sparrow/Song_Sparrow_0029_120989.jpg:129.Song_Sparrow -> 183.Northern_Waterthrush, 129.Song_Sparrow/Song_Sparrow_0097_121438.jpg:129.Song_Sparrow -> 192.Downy_Woodpecker, 129.Song_Sparrow/Song_Sparrow_0077_121196.jpg:129.Song_Sparrow -> 125.Lincoln_Sparrow, 129.Song_Sparrow/Song_Sparrow_0113_121683.jpg:129.Song_Sparrow -> 143.Caspian_Tern, 129.Song_Sparrow/Song_Sparrow_0029_120989.jpg:129.Song_Sparrow -> 183.Northern_Waterthrush, 
181.Worm_eating_Warbler/Worm_Eating_Warbler_0075_176045.jpg:181.Worm_eating_Warbler -> 130.Tree_Sparrow, 163.Cape_May_Warbler/Cape_May_Warbler_0031_163012.jpg:163.Cape_May_Warbler -> 130.Tree_Sparrow, 116.Chipping_Sparrow/Chipping_Sparrow_0045_109985.jpg:116.Chipping_Sparrow -> 130.Tree_Sparrow, 130.Tree_Sparrow/Tree_Sparrow_0121_124296.jpg:130.Tree_Sparrow -> 130.Tree_Sparrow, 130.Tree_Sparrow/Tree_Sparrow_0028_122829.jpg:130.Tree_Sparrow -> 158.Bay_breasted_Warbler, 130.Tree_Sparrow/Tree_Sparrow_0109_123802.jpg:130.Tree_Sparrow -> 176.Prairie_Warbler, 
184.Louisiana_Waterthrush/Louisiana_Waterthrush_0032_177385.jpg:184.Louisiana_Waterthrush -> 131.Vesper_Sparrow, 104.American_Pipit/American_Pipit_0022_100227.jpg:104.American_Pipit -> 131.Vesper_Sparrow, 174.Palm_Warbler/Palm_Warbler_0118_170081.jpg:174.Palm_Warbler -> 131.Vesper_Sparrow, 131.Vesper_Sparrow/Vesper_Sparrow_0083_125718.jpg:131.Vesper_Sparrow -> 158.Bay_breasted_Warbler, 131.Vesper_Sparrow/Vesper_Sparrow_0020_125794.jpg:131.Vesper_Sparrow -> 194.Cactus_Wren, 131.Vesper_Sparrow/Vesper_Sparrow_0047_125788.jpg:131.Vesper_Sparrow -> 103.Sayornis, 
132.White_crowned_Sparrow/White_Crowned_Sparrow_0034_126199.jpg:132.White_crowned_Sparrow -> 120.Fox_Sparrow, 132.White_crowned_Sparrow/White_Crowned_Sparrow_0102_127708.jpg:132.White_crowned_Sparrow -> 111.Loggerhead_Shrike, 132.White_crowned_Sparrow/White_Crowned_Sparrow_0067_127576.jpg:132.White_crowned_Sparrow -> 149.Brown_Thrasher, 132.White_crowned_Sparrow/White_Crowned_Sparrow_0083_128777.jpg:132.White_crowned_Sparrow -> 194.Cactus_Wren, 132.White_crowned_Sparrow/White_Crowned_Sparrow_0047_127575.jpg:132.White_crowned_Sparrow -> 192.Downy_Woodpecker, 132.White_crowned_Sparrow/White_Crowned_Sparrow_0087_128008.jpg:132.White_crowned_Sparrow -> 121.Grasshopper_Sparrow, 
198.Rock_Wren/Rock_Wren_0044_189127.jpg:198.Rock_Wren -> 133.White_throated_Sparrow, 179.Tennessee_Warbler/Tennessee_Warbler_0038_174760.jpg:179.Tennessee_Warbler -> 133.White_throated_Sparrow, 199.Winter_Wren/Winter_Wren_0086_189692.jpg:199.Winter_Wren -> 133.White_throated_Sparrow, 133.White_throated_Sparrow/White_Throated_Sparrow_0082_129048.jpg:133.White_throated_Sparrow -> 113.Baird_Sparrow, 133.White_throated_Sparrow/White_Throated_Sparrow_0063_128803.jpg:133.White_throated_Sparrow -> 124.Le_Conte_Sparrow, 133.White_throated_Sparrow/White_Throated_Sparrow_0034_129054.jpg:133.White_throated_Sparrow -> 172.Nashville_Warbler, 
195.Carolina_Wren/Carolina_Wren_0112_186562.jpg:195.Carolina_Wren -> 134.Cape_Glossy_Starling, 134.Cape_Glossy_Starling/Cape_Glossy_Starling_0042_129385.jpg:134.Cape_Glossy_Starling -> 134.Cape_Glossy_Starling, 130.Tree_Sparrow/Tree_Sparrow_0030_122850.jpg:130.Tree_Sparrow -> 134.Cape_Glossy_Starling, 134.Cape_Glossy_Starling/Cape_Glossy_Starling_0027_129282.jpg:134.Cape_Glossy_Starling -> 134.Cape_Glossy_Starling, 134.Cape_Glossy_Starling/Cape_Glossy_Starling_0027_129282.jpg:134.Cape_Glossy_Starling -> 134.Cape_Glossy_Starling, 134.Cape_Glossy_Starling/Cape_Glossy_Starling_0007_129345.jpg:134.Cape_Glossy_Starling -> 125.Lincoln_Sparrow, 
135.Bank_Swallow/Bank_Swallow_0019_129788.jpg:135.Bank_Swallow -> 125.Lincoln_Sparrow, 135.Bank_Swallow/Bank_Swallow_0023_129878.jpg:135.Bank_Swallow -> 192.Downy_Woodpecker, 135.Bank_Swallow/Bank_Swallow_0020_129747.jpg:135.Bank_Swallow -> 120.Fox_Sparrow, 135.Bank_Swallow/Bank_Swallow_0020_129747.jpg:135.Bank_Swallow -> 120.Fox_Sparrow, 135.Bank_Swallow/Bank_Swallow_0037_129903.jpg:135.Bank_Swallow -> 172.Nashville_Warbler, 135.Bank_Swallow/Bank_Swallow_0053_129501.jpg:135.Bank_Swallow -> 112.Great_Grey_Shrike, 
146.Forsters_Tern/Forsters_Tern_0121_151385.jpg:146.Forsters_Tern -> 136.Barn_Swallow, 132.White_crowned_Sparrow/White_Crowned_Sparrow_0122_128577.jpg:132.White_crowned_Sparrow -> 136.Barn_Swallow, 118.House_Sparrow/House_Sparrow_0082_112478.jpg:118.House_Sparrow -> 136.Barn_Swallow, 136.Barn_Swallow/Barn_Swallow_0041_131860.jpg:136.Barn_Swallow -> 115.Brewer_Sparrow, 136.Barn_Swallow/Barn_Swallow_0020_132317.jpg:136.Barn_Swallow -> 173.Orange_crowned_Warbler, 136.Barn_Swallow/Barn_Swallow_0026_132386.jpg:136.Barn_Swallow -> 142.Black_Tern, 
137.Cliff_Swallow/Cliff_Swallow_0101_133069.jpg:137.Cliff_Swallow -> 142.Black_Tern, 137.Cliff_Swallow/Cliff_Swallow_0055_133624.jpg:137.Cliff_Swallow -> 107.Common_Raven, 137.Cliff_Swallow/Cliff_Swallow_0081_134119.jpg:137.Cliff_Swallow -> 156.White_eyed_Vireo, 137.Cliff_Swallow/Cliff_Swallow_0085_134338.jpg:137.Cliff_Swallow -> 183.Northern_Waterthrush, 137.Cliff_Swallow/Cliff_Swallow_0023_134314.jpg:137.Cliff_Swallow -> 112.Great_Grey_Shrike, 137.Cliff_Swallow/Cliff_Swallow_0027_133203.jpg:137.Cliff_Swallow -> 166.Golden_winged_Warbler, 
188.Pileated_Woodpecker/Pileated_Woodpecker_0097_180392.jpg:188.Pileated_Woodpecker -> 138.Tree_Swallow, 138.Tree_Swallow/Tree_Swallow_0090_135325.jpg:138.Tree_Swallow -> 138.Tree_Swallow, 138.Tree_Swallow/Tree_Swallow_0108_135068.jpg:138.Tree_Swallow -> 138.Tree_Swallow, 138.Tree_Swallow/Tree_Swallow_0083_136800.jpg:138.Tree_Swallow -> 160.Black_throated_Blue_Warbler, 138.Tree_Swallow/Tree_Swallow_0032_136216.jpg:138.Tree_Swallow -> 138.Tree_Swallow, 138.Tree_Swallow/Tree_Swallow_0107_136223.jpg:138.Tree_Swallow -> 141.Artic_Tern, 
139.Scarlet_Tanager/Scarlet_Tanager_0033_137603.jpg:139.Scarlet_Tanager -> 177.Prothonotary_Warbler, 139.Scarlet_Tanager/Scarlet_Tanager_0135_137699.jpg:139.Scarlet_Tanager -> 108.White_necked_Raven, 139.Scarlet_Tanager/Scarlet_Tanager_0060_138384.jpg:139.Scarlet_Tanager -> 177.Prothonotary_Warbler, 139.Scarlet_Tanager/Scarlet_Tanager_0024_137712.jpg:139.Scarlet_Tanager -> 177.Prothonotary_Warbler, 139.Scarlet_Tanager/Scarlet_Tanager_0053_138940.jpg:139.Scarlet_Tanager -> 192.Downy_Woodpecker, 139.Scarlet_Tanager/Scarlet_Tanager_0128_138711.jpg:139.Scarlet_Tanager -> 192.Downy_Woodpecker, 
140.Summer_Tanager/Summer_Tanager_0070_137714.jpg:140.Summer_Tanager -> 140.Summer_Tanager, 153.Philadelphia_Vireo/Philadelphia_Vireo_0052_794774.jpg:153.Philadelphia_Vireo -> 140.Summer_Tanager, 189.Red_bellied_Woodpecker/Red_Bellied_Woodpecker_0057_182154.jpg:189.Red_bellied_Woodpecker -> 140.Summer_Tanager, 140.Summer_Tanager/Summer_Tanager_0006_140137.jpg:140.Summer_Tanager -> 120.Fox_Sparrow, 140.Summer_Tanager/Summer_Tanager_0044_140611.jpg:140.Summer_Tanager -> 162.Canada_Warbler, 140.Summer_Tanager/Summer_Tanager_0044_140611.jpg:140.Summer_Tanager -> 162.Canada_Warbler, 
159.Black_and_white_Warbler/Black_And_White_Warbler_0031_160773.jpg:159.Black_and_white_Warbler -> 141.Artic_Tern, 164.Cerulean_Warbler/Cerulean_Warbler_0014_797226.jpg:164.Cerulean_Warbler -> 141.Artic_Tern, 187.American_Three_toed_Woodpecker/American_Three_Toed_Woodpecker_0003_179891.jpg:187.American_Three_toed_Woodpecker -> 141.Artic_Tern, 141.Artic_Tern/Artic_Tern_0105_141098.jpg:141.Artic_Tern -> 143.Caspian_Tern, 141.Artic_Tern/Artic_Tern_0030_141816.jpg:141.Artic_Tern -> 143.Caspian_Tern, 141.Artic_Tern/Artic_Tern_0015_141829.jpg:141.Artic_Tern -> 147.Least_Tern, 
143.Caspian_Tern/Caspian_Tern_0051_145930.jpg:143.Caspian_Tern -> 142.Black_Tern, 197.Marsh_Wren/Marsh_Wren_0058_188107.jpg:197.Marsh_Wren -> 142.Black_Tern, 144.Common_Tern/Common_Tern_0092_147779.jpg:144.Common_Tern -> 142.Black_Tern, 142.Black_Tern/Black_Tern_0082_144372.jpg:142.Black_Tern -> 146.Forsters_Tern, 142.Black_Tern/Black_Tern_0080_144130.jpg:142.Black_Tern -> 112.Great_Grey_Shrike, 142.Black_Tern/Black_Tern_0014_143939.jpg:142.Black_Tern -> 143.Caspian_Tern, 
137.Cliff_Swallow/Cliff_Swallow_0035_133097.jpg:137.Cliff_Swallow -> 143.Caspian_Tern, 145.Elegant_Tern/Elegant_Tern_0096_151068.jpg:145.Elegant_Tern -> 143.Caspian_Tern, 145.Elegant_Tern/Elegant_Tern_0089_150854.jpg:145.Elegant_Tern -> 143.Caspian_Tern, 143.Caspian_Tern/Caspian_Tern_0024_146033.jpg:143.Caspian_Tern -> 108.White_necked_Raven, 143.Caspian_Tern/Caspian_Tern_0015_145664.jpg:143.Caspian_Tern -> 142.Black_Tern, 143.Caspian_Tern/Caspian_Tern_0013_145553.jpg:143.Caspian_Tern -> 112.Great_Grey_Shrike, 
144.Common_Tern/Common_Tern_0019_149769.jpg:144.Common_Tern -> 166.Golden_winged_Warbler, 144.Common_Tern/Common_Tern_0067_149540.jpg:144.Common_Tern -> 146.Forsters_Tern, 144.Common_Tern/Common_Tern_0062_147947.jpg:144.Common_Tern -> 128.Seaside_Sparrow, 144.Common_Tern/Common_Tern_0087_147945.jpg:144.Common_Tern -> 195.Carolina_Wren, 144.Common_Tern/Common_Tern_0064_148761.jpg:144.Common_Tern -> 101.White_Pelican, 144.Common_Tern/Common_Tern_0103_149733.jpg:144.Common_Tern -> 115.Brewer_Sparrow, 
145.Elegant_Tern/Elegant_Tern_0042_150851.jpg:145.Elegant_Tern -> 145.Elegant_Tern, 159.Black_and_white_Warbler/Black_And_White_Warbler_0051_160603.jpg:159.Black_and_white_Warbler -> 145.Elegant_Tern, 162.Canada_Warbler/Canada_Warbler_0080_162392.jpg:162.Canada_Warbler -> 145.Elegant_Tern, 145.Elegant_Tern/Elegant_Tern_0008_145044.jpg:145.Elegant_Tern -> 197.Marsh_Wren, 145.Elegant_Tern/Elegant_Tern_0083_150829.jpg:145.Elegant_Tern -> 106.Horned_Puffin, 145.Elegant_Tern/Elegant_Tern_0093_150534.jpg:145.Elegant_Tern -> 147.Least_Tern, 
143.Caspian_Tern/Caspian_Tern_0058_145886.jpg:143.Caspian_Tern -> 146.Forsters_Tern, 143.Caspian_Tern/Caspian_Tern_0058_145886.jpg:143.Caspian_Tern -> 146.Forsters_Tern, 142.Black_Tern/Black_Tern_0082_144372.jpg:142.Black_Tern -> 146.Forsters_Tern, 146.Forsters_Tern/Forsters_Tern_0095_152067.jpg:146.Forsters_Tern -> 107.Common_Raven, 146.Forsters_Tern/Forsters_Tern_0007_152110.jpg:146.Forsters_Tern -> 166.Golden_winged_Warbler, 146.Forsters_Tern/Forsters_Tern_0080_152521.jpg:146.Forsters_Tern -> 146.Forsters_Tern, 
141.Artic_Tern/Artic_Tern_0015_141829.jpg:141.Artic_Tern -> 147.Least_Tern, 142.Black_Tern/Black_Tern_0065_144076.jpg:142.Black_Tern -> 147.Least_Tern, 196.House_Wren/House_Wren_0042_187098.jpg:196.House_Wren -> 147.Least_Tern, 147.Least_Tern/Least_Tern_0008_153313.jpg:147.Least_Tern -> 197.Marsh_Wren, 147.Least_Tern/Least_Tern_0104_152950.jpg:147.Least_Tern -> 143.Caspian_Tern, 147.Least_Tern/Least_Tern_0037_153637.jpg:147.Least_Tern -> 147.Least_Tern, 
148.Green_tailed_Towhee/Green_Tailed_Towhee_0072_154946.jpg:148.Green_tailed_Towhee -> 149.Brown_Thrasher, 148.Green_tailed_Towhee/Green_Tailed_Towhee_0024_154855.jpg:148.Green_tailed_Towhee -> 120.Fox_Sparrow, 148.Green_tailed_Towhee/Green_Tailed_Towhee_0039_154802.jpg:148.Green_tailed_Towhee -> 122.Harris_Sparrow, 148.Green_tailed_Towhee/Green_Tailed_Towhee_0092_797397.jpg:148.Green_tailed_Towhee -> 198.Rock_Wren, 148.Green_tailed_Towhee/Green_Tailed_Towhee_0079_154764.jpg:148.Green_tailed_Towhee -> 130.Tree_Sparrow, 148.Green_tailed_Towhee/Green_Tailed_Towhee_0071_154870.jpg:148.Green_tailed_Towhee -> 111.Loggerhead_Shrike, 
127.Savannah_Sparrow/Savannah_Sparrow_0048_120321.jpg:127.Savannah_Sparrow -> 149.Brown_Thrasher, 121.Grasshopper_Sparrow/Grasshopper_Sparrow_0064_116106.jpg:121.Grasshopper_Sparrow -> 149.Brown_Thrasher, 127.Savannah_Sparrow/Savannah_Sparrow_0008_118929.jpg:127.Savannah_Sparrow -> 149.Brown_Thrasher, 149.Brown_Thrasher/Brown_Thrasher_0033_155156.jpg:149.Brown_Thrasher -> 128.Seaside_Sparrow, 149.Brown_Thrasher/Brown_Thrasher_0124_155052.jpg:149.Brown_Thrasher -> 195.Carolina_Wren, 149.Brown_Thrasher/Brown_Thrasher_0056_155048.jpg:149.Brown_Thrasher -> 153.Philadelphia_Vireo, 
195.Carolina_Wren/Carolina_Wren_0126_186654.jpg:195.Carolina_Wren -> 150.Sage_Thrasher, 195.Carolina_Wren/Carolina_Wren_0126_186654.jpg:195.Carolina_Wren -> 150.Sage_Thrasher, 188.Pileated_Woodpecker/Pileated_Woodpecker_0025_180253.jpg:188.Pileated_Woodpecker -> 150.Sage_Thrasher, 150.Sage_Thrasher/Sage_Thrasher_0018_796443.jpg:150.Sage_Thrasher -> 198.Rock_Wren, 150.Sage_Thrasher/Sage_Thrasher_0002_155455.jpg:150.Sage_Thrasher -> 196.House_Wren, 150.Sage_Thrasher/Sage_Thrasher_0070_155732.jpg:150.Sage_Thrasher -> 106.Horned_Puffin, 
151.Black_capped_Vireo/Black_Capped_Vireo_0027_797455.jpg:151.Black_capped_Vireo -> 121.Grasshopper_Sparrow, 151.Black_capped_Vireo/Black_Capped_Vireo_0050_155836.jpg:151.Black_capped_Vireo -> 122.Harris_Sparrow, 151.Black_capped_Vireo/Black_Capped_Vireo_0020_797461.jpg:151.Black_capped_Vireo -> 115.Brewer_Sparrow, 151.Black_capped_Vireo/Black_Capped_Vireo_0002_797466.jpg:151.Black_capped_Vireo -> 111.Loggerhead_Shrike, 151.Black_capped_Vireo/Black_Capped_Vireo_0040_797463.jpg:151.Black_capped_Vireo -> 164.Cerulean_Warbler, 151.Black_capped_Vireo/Black_Capped_Vireo_0029_797469.jpg:151.Black_capped_Vireo -> 156.White_eyed_Vireo, 
152.Blue_headed_Vireo/Blue_Headed_Vireo_0096_155969.jpg:152.Blue_headed_Vireo -> 104.American_Pipit, 152.Blue_headed_Vireo/Blue_Headed_Vireo_0118_156193.jpg:152.Blue_headed_Vireo -> 164.Cerulean_Warbler, 152.Blue_headed_Vireo/Blue_Headed_Vireo_0076_156209.jpg:152.Blue_headed_Vireo -> 115.Brewer_Sparrow, 152.Blue_headed_Vireo/Blue_Headed_Vireo_0076_156209.jpg:152.Blue_headed_Vireo -> 115.Brewer_Sparrow, 152.Blue_headed_Vireo/Blue_Headed_Vireo_0034_156251.jpg:152.Blue_headed_Vireo -> 160.Black_throated_Blue_Warbler, 152.Blue_headed_Vireo/Blue_Headed_Vireo_0068_156222.jpg:152.Blue_headed_Vireo -> 156.White_eyed_Vireo, 
186.Cedar_Waxwing/Cedar_Waxwing_0001_179170.jpg:186.Cedar_Waxwing -> 153.Philadelphia_Vireo, 152.Blue_headed_Vireo/Blue_Headed_Vireo_0119_156259.jpg:152.Blue_headed_Vireo -> 153.Philadelphia_Vireo, 136.Barn_Swallow/Barn_Swallow_0080_131829.jpg:136.Barn_Swallow -> 153.Philadelphia_Vireo, 153.Philadelphia_Vireo/Philadelphia_Vireo_0013_794772.jpg:153.Philadelphia_Vireo -> 177.Prothonotary_Warbler, 153.Philadelphia_Vireo/Philadelphia_Vireo_0078_794776.jpg:153.Philadelphia_Vireo -> 153.Philadelphia_Vireo, 153.Philadelphia_Vireo/Philadelphia_Vireo_0019_156640.jpg:153.Philadelphia_Vireo -> 130.Tree_Sparrow, 
172.Nashville_Warbler/Nashville_Warbler_0100_167226.jpg:172.Nashville_Warbler -> 154.Red_eyed_Vireo, 169.Magnolia_Warbler/Magnolia_Warbler_0105_165661.jpg:169.Magnolia_Warbler -> 154.Red_eyed_Vireo, 154.Red_eyed_Vireo/Red_Eyed_Vireo_0096_157013.jpg:154.Red_eyed_Vireo -> 154.Red_eyed_Vireo, 154.Red_eyed_Vireo/Red_Eyed_Vireo_0132_156686.jpg:154.Red_eyed_Vireo -> 186.Cedar_Waxwing, 154.Red_eyed_Vireo/Red_Eyed_Vireo_0075_158151.jpg:154.Red_eyed_Vireo -> 158.Bay_breasted_Warbler, 154.Red_eyed_Vireo/Red_Eyed_Vireo_0141_157205.jpg:154.Red_eyed_Vireo -> 124.Le_Conte_Sparrow, 
155.Warbling_Vireo/Warbling_Vireo_0097_158579.jpg:155.Warbling_Vireo -> 164.Cerulean_Warbler, 155.Warbling_Vireo/Warbling_Vireo_0077_158427.jpg:155.Warbling_Vireo -> 153.Philadelphia_Vireo, 155.Warbling_Vireo/Warbling_Vireo_0045_158399.jpg:155.Warbling_Vireo -> 172.Nashville_Warbler, 155.Warbling_Vireo/Warbling_Vireo_0056_21117.jpg:155.Warbling_Vireo -> 188.Pileated_Woodpecker, 155.Warbling_Vireo/Warbling_Vireo_0079_158791.jpg:155.Warbling_Vireo -> 160.Black_throated_Blue_Warbler, 155.Warbling_Vireo/Warbling_Vireo_0067_158283.jpg:155.Warbling_Vireo -> 156.White_eyed_Vireo, 
125.Lincoln_Sparrow/Lincoln_Sparrow_0040_117721.jpg:125.Lincoln_Sparrow -> 156.White_eyed_Vireo, 156.White_eyed_Vireo/White_Eyed_Vireo_0116_159028.jpg:156.White_eyed_Vireo -> 156.White_eyed_Vireo, 175.Pine_Warbler/Pine_Warbler_0126_171282.jpg:175.Pine_Warbler -> 156.White_eyed_Vireo, 156.White_eyed_Vireo/White_Eyed_Vireo_0111_158864.jpg:156.White_eyed_Vireo -> 158.Bay_breasted_Warbler, 156.White_eyed_Vireo/White_Eyed_Vireo_0064_159286.jpg:156.White_eyed_Vireo -> 136.Barn_Swallow, 156.White_eyed_Vireo/White_Eyed_Vireo_0040_159101.jpg:156.White_eyed_Vireo -> 156.White_eyed_Vireo, 
157.Yellow_throated_Vireo/Yellow_Throated_Vireo_0073_159583.jpg:157.Yellow_throated_Vireo -> 105.Whip_poor_Will, 157.Yellow_throated_Vireo/Yellow_Throated_Vireo_0016_794981.jpg:157.Yellow_throated_Vireo -> 125.Lincoln_Sparrow, 157.Yellow_throated_Vireo/Yellow_Throated_Vireo_0023_159584.jpg:157.Yellow_throated_Vireo -> 122.Harris_Sparrow, 157.Yellow_throated_Vireo/Yellow_Throated_Vireo_0017_794988.jpg:157.Yellow_throated_Vireo -> 175.Pine_Warbler, 157.Yellow_throated_Vireo/Yellow_Throated_Vireo_0070_159602.jpg:157.Yellow_throated_Vireo -> 124.Le_Conte_Sparrow, 157.Yellow_throated_Vireo/Yellow_Throated_Vireo_0043_159628.jpg:157.Yellow_throated_Vireo -> 161.Blue_winged_Warbler, 
181.Worm_eating_Warbler/Worm_Eating_Warbler_0018_795546.jpg:181.Worm_eating_Warbler -> 158.Bay_breasted_Warbler, 125.Lincoln_Sparrow/Lincoln_Sparrow_0131_117277.jpg:125.Lincoln_Sparrow -> 158.Bay_breasted_Warbler, 174.Palm_Warbler/Palm_Warbler_0108_169426.jpg:174.Palm_Warbler -> 158.Bay_breasted_Warbler, 158.Bay_breasted_Warbler/Bay_Breasted_Warbler_0054_797124.jpg:158.Bay_breasted_Warbler -> 158.Bay_breasted_Warbler, 158.Bay_breasted_Warbler/Bay_Breasted_Warbler_0086_159860.jpg:158.Bay_breasted_Warbler -> 198.Rock_Wren, 158.Bay_breasted_Warbler/Bay_Breasted_Warbler_0019_159871.jpg:158.Bay_breasted_Warbler -> 156.White_eyed_Vireo, 
159.Black_and_white_Warbler/Black_And_White_Warbler_0109_160245.jpg:159.Black_and_white_Warbler -> 186.Cedar_Waxwing, 159.Black_and_white_Warbler/Black_And_White_Warbler_0007_160758.jpg:159.Black_and_white_Warbler -> 176.Prairie_Warbler, 159.Black_and_white_Warbler/Black_And_White_Warbler_0080_160375.jpg:159.Black_and_white_Warbler -> 105.Whip_poor_Will, 159.Black_and_white_Warbler/Black_And_White_Warbler_0117_160369.jpg:159.Black_and_white_Warbler -> 176.Prairie_Warbler, 159.Black_and_white_Warbler/Black_And_White_Warbler_0111_160342.jpg:159.Black_and_white_Warbler -> 108.White_necked_Raven, 159.Black_and_white_Warbler/Black_And_White_Warbler_0117_160369.jpg:159.Black_and_white_Warbler -> 176.Prairie_Warbler, 
109.American_Redstart/American_Redstart_0056_103241.jpg:109.American_Redstart -> 160.Black_throated_Blue_Warbler, 196.House_Wren/House_Wren_0083_187406.jpg:196.House_Wren -> 160.Black_throated_Blue_Warbler, 170.Mourning_Warbler/Mourning_Warbler_0040_795370.jpg:170.Mourning_Warbler -> 160.Black_throated_Blue_Warbler, 160.Black_throated_Blue_Warbler/Black_Throated_Blue_Warbler_0027_104004.jpg:160.Black_throated_Blue_Warbler -> 173.Orange_crowned_Warbler, 160.Black_throated_Blue_Warbler/Black_Throated_Blue_Warbler_0099_161524.jpg:160.Black_throated_Blue_Warbler -> 170.Mourning_Warbler, 160.Black_throated_Blue_Warbler/Black_Throated_Blue_Warbler_0053_161684.jpg:160.Black_throated_Blue_Warbler -> 122.Harris_Sparrow, 
178.Swainson_Warbler/Swainson_Warbler_0047_794870.jpg:178.Swainson_Warbler -> 161.Blue_winged_Warbler, 117.Clay_colored_Sparrow/Clay_Colored_Sparrow_0026_110774.jpg:117.Clay_colored_Sparrow -> 161.Blue_winged_Warbler, 108.White_necked_Raven/White_Necked_Raven_0007_102676.jpg:108.White_necked_Raven -> 161.Blue_winged_Warbler, 161.Blue_winged_Warbler/Blue_Winged_Warbler_0045_161997.jpg:161.Blue_winged_Warbler -> 161.Blue_winged_Warbler, 161.Blue_winged_Warbler/Blue_Winged_Warbler_0082_161772.jpg:161.Blue_winged_Warbler -> 177.Prothonotary_Warbler, 161.Blue_winged_Warbler/Blue_Winged_Warbler_0023_161774.jpg:161.Blue_winged_Warbler -> 128.Seaside_Sparrow, 
151.Black_capped_Vireo/Black_Capped_Vireo_0041_797452.jpg:151.Black_capped_Vireo -> 162.Canada_Warbler, 188.Pileated_Woodpecker/Pileated_Woodpecker_0027_179956.jpg:188.Pileated_Woodpecker -> 162.Canada_Warbler, 146.Forsters_Tern/Forsters_Tern_0021_144734.jpg:146.Forsters_Tern -> 162.Canada_Warbler, 162.Canada_Warbler/Canada_Warbler_0005_162389.jpg:162.Canada_Warbler -> 162.Canada_Warbler, 162.Canada_Warbler/Canada_Warbler_0032_162229.jpg:162.Canada_Warbler -> 111.Loggerhead_Shrike, 162.Canada_Warbler/Canada_Warbler_0041_162418.jpg:162.Canada_Warbler -> 161.Blue_winged_Warbler, 
163.Cape_May_Warbler/Cape_May_Warbler_0085_162628.jpg:163.Cape_May_Warbler -> 158.Bay_breasted_Warbler, 163.Cape_May_Warbler/Cape_May_Warbler_0035_162658.jpg:163.Cape_May_Warbler -> 130.Tree_Sparrow, 163.Cape_May_Warbler/Cape_May_Warbler_0068_163147.jpg:163.Cape_May_Warbler -> 158.Bay_breasted_Warbler, 163.Cape_May_Warbler/Cape_May_Warbler_0032_162659.jpg:163.Cape_May_Warbler -> 140.Summer_Tanager, 163.Cape_May_Warbler/Cape_May_Warbler_0062_162955.jpg:163.Cape_May_Warbler -> 158.Bay_breasted_Warbler, 163.Cape_May_Warbler/Cape_May_Warbler_0046_163167.jpg:163.Cape_May_Warbler -> 173.Orange_crowned_Warbler, 
200.Common_Yellowthroat/Common_Yellowthroat_0072_190402.jpg:200.Common_Yellowthroat -> 164.Cerulean_Warbler, 193.Bewick_Wren/Bewick_Wren_0081_185080.jpg:193.Bewick_Wren -> 164.Cerulean_Warbler, 103.Sayornis/Sayornis_0081_99508.jpg:103.Sayornis -> 164.Cerulean_Warbler, 164.Cerulean_Warbler/Cerulean_Warbler_0082_797180.jpg:164.Cerulean_Warbler -> 164.Cerulean_Warbler, 164.Cerulean_Warbler/Cerulean_Warbler_0012_163417.jpg:164.Cerulean_Warbler -> 142.Black_Tern, 164.Cerulean_Warbler/Cerulean_Warbler_0088_797194.jpg:164.Cerulean_Warbler -> 180.Wilson_Warbler, 
165.Chestnut_sided_Warbler/Chestnut_Sided_Warbler_0071_163784.jpg:165.Chestnut_sided_Warbler -> 180.Wilson_Warbler, 165.Chestnut_sided_Warbler/Chestnut_Sided_Warbler_0126_164090.jpg:165.Chestnut_sided_Warbler -> 158.Bay_breasted_Warbler, 165.Chestnut_sided_Warbler/Chestnut_Sided_Warbler_0089_163776.jpg:165.Chestnut_sided_Warbler -> 153.Philadelphia_Vireo, 165.Chestnut_sided_Warbler/Chestnut_Sided_Warbler_0001_163813.jpg:165.Chestnut_sided_Warbler -> 180.Wilson_Warbler, 165.Chestnut_sided_Warbler/Chestnut_Sided_Warbler_0087_164221.jpg:165.Chestnut_sided_Warbler -> 122.Harris_Sparrow, 165.Chestnut_sided_Warbler/Chestnut_Sided_Warbler_0075_164231.jpg:165.Chestnut_sided_Warbler -> 122.Harris_Sparrow, 
166.Golden_winged_Warbler/Golden_Winged_Warbler_0032_794849.jpg:166.Golden_winged_Warbler -> 166.Golden_winged_Warbler, 162.Canada_Warbler/Canada_Warbler_0042_162448.jpg:162.Canada_Warbler -> 166.Golden_winged_Warbler, 192.Downy_Woodpecker/Downy_Woodpecker_0059_184396.jpg:192.Downy_Woodpecker -> 166.Golden_winged_Warbler, 166.Golden_winged_Warbler/Golden_Winged_Warbler_0051_794805.jpg:166.Golden_winged_Warbler -> 124.Le_Conte_Sparrow, 166.Golden_winged_Warbler/Golden_Winged_Warbler_0076_164591.jpg:166.Golden_winged_Warbler -> 128.Seaside_Sparrow, 166.Golden_winged_Warbler/Golden_Winged_Warbler_0065_794842.jpg:166.Golden_winged_Warbler -> 186.Cedar_Waxwing, 
167.Hooded_Warbler/Hooded_Warbler_0105_165095.jpg:167.Hooded_Warbler -> 153.Philadelphia_Vireo, 167.Hooded_Warbler/Hooded_Warbler_0068_164872.jpg:167.Hooded_Warbler -> 106.Horned_Puffin, 167.Hooded_Warbler/Hooded_Warbler_0095_164709.jpg:167.Hooded_Warbler -> 119.Field_Sparrow, 167.Hooded_Warbler/Hooded_Warbler_0033_165213.jpg:167.Hooded_Warbler -> 145.Elegant_Tern, 167.Hooded_Warbler/Hooded_Warbler_0030_164897.jpg:167.Hooded_Warbler -> 198.Rock_Wren, 167.Hooded_Warbler/Hooded_Warbler_0117_165106.jpg:167.Hooded_Warbler -> 166.Golden_winged_Warbler, 
168.Kentucky_Warbler/Kentucky_Warbler_0042_165268.jpg:168.Kentucky_Warbler -> 130.Tree_Sparrow, 168.Kentucky_Warbler/Kentucky_Warbler_0030_795885.jpg:168.Kentucky_Warbler -> 183.Northern_Waterthrush, 168.Kentucky_Warbler/Kentucky_Warbler_0002_795886.jpg:168.Kentucky_Warbler -> 149.Brown_Thrasher, 168.Kentucky_Warbler/Kentucky_Warbler_0003_795892.jpg:168.Kentucky_Warbler -> 177.Prothonotary_Warbler, 168.Kentucky_Warbler/Kentucky_Warbler_0021_165230.jpg:168.Kentucky_Warbler -> 162.Canada_Warbler, 168.Kentucky_Warbler/Kentucky_Warbler_0071_165342.jpg:168.Kentucky_Warbler -> 115.Brewer_Sparrow, 
169.Magnolia_Warbler/Magnolia_Warbler_0140_165543.jpg:169.Magnolia_Warbler -> 162.Canada_Warbler, 169.Magnolia_Warbler/Magnolia_Warbler_0122_165940.jpg:169.Magnolia_Warbler -> 119.Field_Sparrow, 169.Magnolia_Warbler/Magnolia_Warbler_0104_165696.jpg:169.Magnolia_Warbler -> 162.Canada_Warbler, 169.Magnolia_Warbler/Magnolia_Warbler_0048_165862.jpg:169.Magnolia_Warbler -> 156.White_eyed_Vireo, 169.Magnolia_Warbler/Magnolia_Warbler_0090_166087.jpg:169.Magnolia_Warbler -> 166.Golden_winged_Warbler, 169.Magnolia_Warbler/Magnolia_Warbler_0029_165567.jpg:169.Magnolia_Warbler -> 154.Red_eyed_Vireo, 
103.Sayornis/Sayornis_0114_98976.jpg:103.Sayornis -> 170.Mourning_Warbler, 132.White_crowned_Sparrow/White_Crowned_Sparrow_0116_127512.jpg:132.White_crowned_Sparrow -> 170.Mourning_Warbler, 165.Chestnut_sided_Warbler/Chestnut_Sided_Warbler_0041_163944.jpg:165.Chestnut_sided_Warbler -> 170.Mourning_Warbler, 170.Mourning_Warbler/Mourning_Warbler_0073_166524.jpg:170.Mourning_Warbler -> 125.Lincoln_Sparrow, 170.Mourning_Warbler/Mourning_Warbler_0026_166538.jpg:170.Mourning_Warbler -> 103.Sayornis, 170.Mourning_Warbler/Mourning_Warbler_0006_166595.jpg:170.Mourning_Warbler -> 106.Horned_Puffin, 
171.Myrtle_Warbler/Myrtle_Warbler_0112_166754.jpg:171.Myrtle_Warbler -> 122.Harris_Sparrow, 171.Myrtle_Warbler/Myrtle_Warbler_0083_166738.jpg:171.Myrtle_Warbler -> 158.Bay_breasted_Warbler, 171.Myrtle_Warbler/Myrtle_Warbler_0001_166770.jpg:171.Myrtle_Warbler -> 197.Marsh_Wren, 171.Myrtle_Warbler/Myrtle_Warbler_0014_166831.jpg:171.Myrtle_Warbler -> 160.Black_throated_Blue_Warbler, 171.Myrtle_Warbler/Myrtle_Warbler_0074_166637.jpg:171.Myrtle_Warbler -> 122.Harris_Sparrow, 171.Myrtle_Warbler/Myrtle_Warbler_0016_166736.jpg:171.Myrtle_Warbler -> 145.Elegant_Tern, 
176.Prairie_Warbler/Prairie_Warbler_0132_172705.jpg:176.Prairie_Warbler -> 172.Nashville_Warbler, 106.Horned_Puffin/Horned_Puffin_0030_100725.jpg:106.Horned_Puffin -> 172.Nashville_Warbler, 180.Wilson_Warbler/Wilson_Warbler_0127_175637.jpg:180.Wilson_Warbler -> 172.Nashville_Warbler, 172.Nashville_Warbler/Nashville_Warbler_0051_167250.jpg:172.Nashville_Warbler -> 158.Bay_breasted_Warbler, 172.Nashville_Warbler/Nashville_Warbler_0018_167191.jpg:172.Nashville_Warbler -> 103.Sayornis, 172.Nashville_Warbler/Nashville_Warbler_0081_167234.jpg:172.Nashville_Warbler -> 104.American_Pipit, 
189.Red_bellied_Woodpecker/Red_Bellied_Woodpecker_0028_181830.jpg:189.Red_bellied_Woodpecker -> 173.Orange_crowned_Warbler, 183.Northern_Waterthrush/Northern_Waterthrush_0082_177243.jpg:183.Northern_Waterthrush -> 173.Orange_crowned_Warbler, 149.Brown_Thrasher/Brown_Thrasher_0063_155127.jpg:149.Brown_Thrasher -> 173.Orange_crowned_Warbler, 173.Orange_crowned_Warbler/Orange_Crowned_Warbler_0081_167647.jpg:173.Orange_crowned_Warbler -> 145.Elegant_Tern, 173.Orange_crowned_Warbler/Orange_Crowned_Warbler_0064_166929.jpg:173.Orange_crowned_Warbler -> 158.Bay_breasted_Warbler, 173.Orange_crowned_Warbler/Orange_Crowned_Warbler_0102_168189.jpg:173.Orange_crowned_Warbler -> 104.American_Pipit, 
174.Palm_Warbler/Palm_Warbler_0050_170042.jpg:174.Palm_Warbler -> 123.Henslow_Sparrow, 174.Palm_Warbler/Palm_Warbler_0007_169473.jpg:174.Palm_Warbler -> 198.Rock_Wren, 174.Palm_Warbler/Palm_Warbler_0004_168786.jpg:174.Palm_Warbler -> 158.Bay_breasted_Warbler, 174.Palm_Warbler/Palm_Warbler_0089_168968.jpg:174.Palm_Warbler -> 140.Summer_Tanager, 174.Palm_Warbler/Palm_Warbler_0061_169954.jpg:174.Palm_Warbler -> 128.Seaside_Sparrow, 174.Palm_Warbler/Palm_Warbler_0054_169175.jpg:174.Palm_Warbler -> 194.Cactus_Wren, 
102.Western_Wood_Pewee/Western_Wood_Pewee_0003_795050.jpg:102.Western_Wood_Pewee -> 175.Pine_Warbler, 199.Winter_Wren/Winter_Wren_0102_189563.jpg:199.Winter_Wren -> 175.Pine_Warbler, 170.Mourning_Warbler/Mourning_Warbler_0067_795353.jpg:170.Mourning_Warbler -> 175.Pine_Warbler, 175.Pine_Warbler/Pine_Warbler_0083_171117.jpg:175.Pine_Warbler -> 145.Elegant_Tern, 175.Pine_Warbler/Pine_Warbler_0041_171477.jpg:175.Pine_Warbler -> 177.Prothonotary_Warbler, 175.Pine_Warbler/Pine_Warbler_0004_171215.jpg:175.Pine_Warbler -> 158.Bay_breasted_Warbler, 
160.Black_throated_Blue_Warbler/Black_Throated_Blue_Warbler_0123_161542.jpg:160.Black_throated_Blue_Warbler -> 176.Prairie_Warbler, 105.Whip_poor_Will/Whip_Poor_Will_0041_796428.jpg:105.Whip_poor_Will -> 176.Prairie_Warbler, 195.Carolina_Wren/Carolina_Wren_0141_186347.jpg:195.Carolina_Wren -> 176.Prairie_Warbler, 176.Prairie_Warbler/Prairie_Warbler_0086_172534.jpg:176.Prairie_Warbler -> 166.Golden_winged_Warbler, 176.Prairie_Warbler/Prairie_Warbler_0048_173095.jpg:176.Prairie_Warbler -> 136.Barn_Swallow, 176.Prairie_Warbler/Prairie_Warbler_0025_165306.jpg:176.Prairie_Warbler -> 172.Nashville_Warbler, 
191.Red_headed_Woodpecker/Red_Headed_Woodpecker_0065_182863.jpg:191.Red_headed_Woodpecker -> 177.Prothonotary_Warbler, 157.Yellow_throated_Vireo/Yellow_Throated_Vireo_0084_159639.jpg:157.Yellow_throated_Vireo -> 177.Prothonotary_Warbler, 123.Henslow_Sparrow/Henslow_Sparrow_0104_796541.jpg:123.Henslow_Sparrow -> 177.Prothonotary_Warbler, 177.Prothonotary_Warbler/Prothonotary_Warbler_0020_174122.jpg:177.Prothonotary_Warbler -> 177.Prothonotary_Warbler, 177.Prothonotary_Warbler/Prothonotary_Warbler_0031_174578.jpg:177.Prothonotary_Warbler -> 136.Barn_Swallow, 177.Prothonotary_Warbler/Prothonotary_Warbler_0045_173536.jpg:177.Prothonotary_Warbler -> 133.White_throated_Sparrow, 
178.Swainson_Warbler/Swainson_Warbler_0008_794886.jpg:178.Swainson_Warbler -> 160.Black_throated_Blue_Warbler, 178.Swainson_Warbler/Swainson_Warbler_0028_794896.jpg:178.Swainson_Warbler -> 130.Tree_Sparrow, 178.Swainson_Warbler/Swainson_Warbler_0005_794888.jpg:178.Swainson_Warbler -> 158.Bay_breasted_Warbler, 178.Swainson_Warbler/Swainson_Warbler_0037_174691.jpg:178.Swainson_Warbler -> 154.Red_eyed_Vireo, 178.Swainson_Warbler/Swainson_Warbler_0016_174705.jpg:178.Swainson_Warbler -> 176.Prairie_Warbler, 178.Swainson_Warbler/Swainson_Warbler_0024_794885.jpg:178.Swainson_Warbler -> 108.White_necked_Raven, 
179.Tennessee_Warbler/Tennessee_Warbler_0098_174800.jpg:179.Tennessee_Warbler -> 160.Black_throated_Blue_Warbler, 179.Tennessee_Warbler/Tennessee_Warbler_0081_174771.jpg:179.Tennessee_Warbler -> 170.Mourning_Warbler, 179.Tennessee_Warbler/Tennessee_Warbler_0084_174891.jpg:179.Tennessee_Warbler -> 172.Nashville_Warbler, 179.Tennessee_Warbler/Tennessee_Warbler_0002_174884.jpg:179.Tennessee_Warbler -> 160.Black_throated_Blue_Warbler, 179.Tennessee_Warbler/Tennessee_Warbler_0050_174851.jpg:179.Tennessee_Warbler -> 188.Pileated_Woodpecker, 179.Tennessee_Warbler/Tennessee_Warbler_0019_174786.jpg:179.Tennessee_Warbler -> 190.Red_cockaded_Woodpecker, 
182.Yellow_Warbler/Yellow_Warbler_0094_176365.jpg:182.Yellow_Warbler -> 180.Wilson_Warbler, 109.American_Redstart/American_Redstart_0041_103717.jpg:109.American_Redstart -> 180.Wilson_Warbler, 141.Artic_Tern/Artic_Tern_0138_142527.jpg:141.Artic_Tern -> 180.Wilson_Warbler, 180.Wilson_Warbler/Wilson_Warbler_0056_175269.jpg:180.Wilson_Warbler -> 156.White_eyed_Vireo, 180.Wilson_Warbler/Wilson_Warbler_0007_175618.jpg:180.Wilson_Warbler -> 128.Seaside_Sparrow, 180.Wilson_Warbler/Wilson_Warbler_0118_175779.jpg:180.Wilson_Warbler -> 162.Canada_Warbler, 
181.Worm_eating_Warbler/Worm_Eating_Warbler_0019_795554.jpg:181.Worm_eating_Warbler -> 158.Bay_breasted_Warbler, 181.Worm_eating_Warbler/Worm_Eating_Warbler_0076_176086.jpg:181.Worm_eating_Warbler -> 131.Vesper_Sparrow, 181.Worm_eating_Warbler/Worm_Eating_Warbler_0045_795518.jpg:181.Worm_eating_Warbler -> 158.Bay_breasted_Warbler, 181.Worm_eating_Warbler/Worm_Eating_Warbler_0012_795515.jpg:181.Worm_eating_Warbler -> 177.Prothonotary_Warbler, 181.Worm_eating_Warbler/Worm_Eating_Warbler_0060_175969.jpg:181.Worm_eating_Warbler -> 158.Bay_breasted_Warbler, 181.Worm_eating_Warbler/Worm_Eating_Warbler_0018_795546.jpg:181.Worm_eating_Warbler -> 158.Bay_breasted_Warbler, 
182.Yellow_Warbler/Yellow_Warbler_0038_176388.jpg:182.Yellow_Warbler -> 177.Prothonotary_Warbler, 182.Yellow_Warbler/Yellow_Warbler_0067_176856.jpg:182.Yellow_Warbler -> 177.Prothonotary_Warbler, 182.Yellow_Warbler/Yellow_Warbler_0028_176391.jpg:182.Yellow_Warbler -> 140.Summer_Tanager, 182.Yellow_Warbler/Yellow_Warbler_0028_176391.jpg:182.Yellow_Warbler -> 140.Summer_Tanager, 182.Yellow_Warbler/Yellow_Warbler_0035_176360.jpg:182.Yellow_Warbler -> 156.White_eyed_Vireo, 182.Yellow_Warbler/Yellow_Warbler_0029_176855.jpg:182.Yellow_Warbler -> 120.Fox_Sparrow, 
161.Blue_winged_Warbler/Blue_Winged_Warbler_0071_161900.jpg:161.Blue_winged_Warbler -> 183.Northern_Waterthrush, 184.Louisiana_Waterthrush/Louisiana_Waterthrush_0054_176977.jpg:184.Louisiana_Waterthrush -> 183.Northern_Waterthrush, 198.Rock_Wren/Rock_Wren_0127_188931.jpg:198.Rock_Wren -> 183.Northern_Waterthrush, 183.Northern_Waterthrush/Northern_Waterthrush_0044_176961.jpg:183.Northern_Waterthrush -> 183.Northern_Waterthrush, 183.Northern_Waterthrush/Northern_Waterthrush_0098_177116.jpg:183.Northern_Waterthrush -> 154.Red_eyed_Vireo, 183.Northern_Waterthrush/Northern_Waterthrush_0104_177137.jpg:183.Northern_Waterthrush -> 123.Henslow_Sparrow, 
184.Louisiana_Waterthrush/Louisiana_Waterthrush_0087_795261.jpg:184.Louisiana_Waterthrush -> 146.Forsters_Tern, 184.Louisiana_Waterthrush/Louisiana_Waterthrush_0045_795274.jpg:184.Louisiana_Waterthrush -> 104.American_Pipit, 184.Louisiana_Waterthrush/Louisiana_Waterthrush_0081_795283.jpg:184.Louisiana_Waterthrush -> 110.Geococcyx, 184.Louisiana_Waterthrush/Louisiana_Waterthrush_0016_795240.jpg:184.Louisiana_Waterthrush -> 162.Canada_Warbler, 184.Louisiana_Waterthrush/Louisiana_Waterthrush_0034_795242.jpg:184.Louisiana_Waterthrush -> 183.Northern_Waterthrush, 184.Louisiana_Waterthrush/Louisiana_Waterthrush_0052_177519.jpg:184.Louisiana_Waterthrush -> 111.Loggerhead_Shrike, 
185.Bohemian_Waxwing/Bohemian_Waxwing_0114_177621.jpg:185.Bohemian_Waxwing -> 141.Artic_Tern, 185.Bohemian_Waxwing/Bohemian_Waxwing_0042_177887.jpg:185.Bohemian_Waxwing -> 162.Canada_Warbler, 185.Bohemian_Waxwing/Bohemian_Waxwing_0060_796642.jpg:185.Bohemian_Waxwing -> 138.Tree_Swallow, 185.Bohemian_Waxwing/Bohemian_Waxwing_0056_796645.jpg:185.Bohemian_Waxwing -> 143.Caspian_Tern, 185.Bohemian_Waxwing/Bohemian_Waxwing_0037_796638.jpg:185.Bohemian_Waxwing -> 195.Carolina_Wren, 185.Bohemian_Waxwing/Bohemian_Waxwing_0057_177784.jpg:185.Bohemian_Waxwing -> 138.Tree_Swallow, 
189.Red_bellied_Woodpecker/Red_Bellied_Woodpecker_0049_180755.jpg:189.Red_bellied_Woodpecker -> 186.Cedar_Waxwing, 134.Cape_Glossy_Starling/Cape_Glossy_Starling_0060_129222.jpg:134.Cape_Glossy_Starling -> 186.Cedar_Waxwing, 148.Green_tailed_Towhee/Green_Tailed_Towhee_0085_154822.jpg:148.Green_tailed_Towhee -> 186.Cedar_Waxwing, 186.Cedar_Waxwing/Cedar_Waxwing_0072_178058.jpg:186.Cedar_Waxwing -> 141.Artic_Tern, 186.Cedar_Waxwing/Cedar_Waxwing_0041_179183.jpg:186.Cedar_Waxwing -> 186.Cedar_Waxwing, 186.Cedar_Waxwing/Cedar_Waxwing_0033_178737.jpg:186.Cedar_Waxwing -> 160.Black_throated_Blue_Warbler, 
187.American_Three_toed_Woodpecker/American_Three_Toed_Woodpecker_0019_179870.jpg:187.American_Three_toed_Woodpecker -> 176.Prairie_Warbler, 187.American_Three_toed_Woodpecker/American_Three_Toed_Woodpecker_0043_796187.jpg:187.American_Three_toed_Woodpecker -> 106.Horned_Puffin, 187.American_Three_toed_Woodpecker/American_Three_Toed_Woodpecker_0030_796144.jpg:187.American_Three_toed_Woodpecker -> 192.Downy_Woodpecker, 187.American_Three_toed_Woodpecker/American_Three_Toed_Woodpecker_0033_796169.jpg:187.American_Three_toed_Woodpecker -> 192.Downy_Woodpecker, 187.American_Three_toed_Woodpecker/American_Three_Toed_Woodpecker_0041_796150.jpg:187.American_Three_toed_Woodpecker -> 176.Prairie_Warbler, 187.American_Three_toed_Woodpecker/American_Three_Toed_Woodpecker_0046_796153.jpg:187.American_Three_toed_Woodpecker -> 192.Downy_Woodpecker, 
134.Cape_Glossy_Starling/Cape_Glossy_Starling_0013_129244.jpg:134.Cape_Glossy_Starling -> 188.Pileated_Woodpecker, 104.American_Pipit/American_Pipit_0010_99843.jpg:104.American_Pipit -> 188.Pileated_Woodpecker, 154.Red_eyed_Vireo/Red_Eyed_Vireo_0112_156742.jpg:154.Red_eyed_Vireo -> 188.Pileated_Woodpecker, 188.Pileated_Woodpecker/Pileated_Woodpecker_0025_180253.jpg:188.Pileated_Woodpecker -> 150.Sage_Thrasher, 188.Pileated_Woodpecker/Pileated_Woodpecker_0041_180461.jpg:188.Pileated_Woodpecker -> 192.Downy_Woodpecker, 188.Pileated_Woodpecker/Pileated_Woodpecker_0012_179976.jpg:188.Pileated_Woodpecker -> 190.Red_cockaded_Woodpecker, 
189.Red_bellied_Woodpecker/Red_Bellied_Woodpecker_0055_180768.jpg:189.Red_bellied_Woodpecker -> 162.Canada_Warbler, 189.Red_bellied_Woodpecker/Red_Bellied_Woodpecker_0110_181188.jpg:189.Red_bellied_Woodpecker -> 196.House_Wren, 189.Red_bellied_Woodpecker/Red_Bellied_Woodpecker_0028_181830.jpg:189.Red_bellied_Woodpecker -> 173.Orange_crowned_Warbler, 189.Red_bellied_Woodpecker/Red_Bellied_Woodpecker_0044_181122.jpg:189.Red_bellied_Woodpecker -> 197.Marsh_Wren, 189.Red_bellied_Woodpecker/Red_Bellied_Woodpecker_0110_181188.jpg:189.Red_bellied_Woodpecker -> 196.House_Wren, 189.Red_bellied_Woodpecker/Red_Bellied_Woodpecker_0007_182242.jpg:189.Red_bellied_Woodpecker -> 110.Geococcyx, 
191.Red_headed_Woodpecker/Red_Headed_Woodpecker_0073_182784.jpg:191.Red_headed_Woodpecker -> 190.Red_cockaded_Woodpecker, 188.Pileated_Woodpecker/Pileated_Woodpecker_0053_179960.jpg:188.Pileated_Woodpecker -> 190.Red_cockaded_Woodpecker, 114.Black_throated_Sparrow/Black_Throated_Sparrow_0001_107233.jpg:114.Black_throated_Sparrow -> 190.Red_cockaded_Woodpecker, 190.Red_cockaded_Woodpecker/Red_Cockaded_Woodpecker_0023_794701.jpg:190.Red_cockaded_Woodpecker -> 166.Golden_winged_Warbler, 190.Red_cockaded_Woodpecker/Red_Cockaded_Woodpecker_0058_794739.jpg:190.Red_cockaded_Woodpecker -> 115.Brewer_Sparrow, 190.Red_cockaded_Woodpecker/Red_Cockaded_Woodpecker_0061_794728.jpg:190.Red_cockaded_Woodpecker -> 128.Seaside_Sparrow, 
191.Red_headed_Woodpecker/Red_Headed_Woodpecker_0091_183144.jpg:191.Red_headed_Woodpecker -> 192.Downy_Woodpecker, 191.Red_headed_Woodpecker/Red_Headed_Woodpecker_0103_183571.jpg:191.Red_headed_Woodpecker -> 186.Cedar_Waxwing, 191.Red_headed_Woodpecker/Red_Headed_Woodpecker_0014_183701.jpg:191.Red_headed_Woodpecker -> 105.Whip_poor_Will, 191.Red_headed_Woodpecker/Red_Headed_Woodpecker_0068_183662.jpg:191.Red_headed_Woodpecker -> 138.Tree_Swallow, 191.Red_headed_Woodpecker/Red_Headed_Woodpecker_0092_182787.jpg:191.Red_headed_Woodpecker -> 138.Tree_Swallow, 191.Red_headed_Woodpecker/Red_Headed_Woodpecker_0042_182834.jpg:191.Red_headed_Woodpecker -> 122.Harris_Sparrow, 
138.Tree_Swallow/Tree_Swallow_0049_134740.jpg:138.Tree_Swallow -> 192.Downy_Woodpecker, 188.Pileated_Woodpecker/Pileated_Woodpecker_0034_180419.jpg:188.Pileated_Woodpecker -> 192.Downy_Woodpecker, 188.Pileated_Woodpecker/Pileated_Woodpecker_0057_180612.jpg:188.Pileated_Woodpecker -> 192.Downy_Woodpecker, 192.Downy_Woodpecker/Downy_Woodpecker_0061_184285.jpg:192.Downy_Woodpecker -> 162.Canada_Warbler, 192.Downy_Woodpecker/Downy_Woodpecker_0028_184131.jpg:192.Downy_Woodpecker -> 192.Downy_Woodpecker, 192.Downy_Woodpecker/Downy_Woodpecker_0101_184139.jpg:192.Downy_Woodpecker -> 141.Artic_Tern, 
193.Bewick_Wren/Bewick_Wren_0034_185130.jpg:193.Bewick_Wren -> 190.Red_cockaded_Woodpecker, 193.Bewick_Wren/Bewick_Wren_0088_184733.jpg:193.Bewick_Wren -> 198.Rock_Wren, 193.Bewick_Wren/Bewick_Wren_0087_184918.jpg:193.Bewick_Wren -> 156.White_eyed_Vireo, 193.Bewick_Wren/Bewick_Wren_0010_185142.jpg:193.Bewick_Wren -> 176.Prairie_Warbler, 193.Bewick_Wren/Bewick_Wren_0010_185142.jpg:193.Bewick_Wren -> 176.Prairie_Warbler, 193.Bewick_Wren/Bewick_Wren_0084_184715.jpg:193.Bewick_Wren -> 153.Philadelphia_Vireo, 
181.Worm_eating_Warbler/Worm_Eating_Warbler_0015_795570.jpg:181.Worm_eating_Warbler -> 194.Cactus_Wren, 104.American_Pipit/American_Pipit_0036_99658.jpg:104.American_Pipit -> 194.Cactus_Wren, 191.Red_headed_Woodpecker/Red_Headed_Woodpecker_0041_182788.jpg:191.Red_headed_Woodpecker -> 194.Cactus_Wren, 194.Cactus_Wren/Cactus_Wren_0086_185630.jpg:194.Cactus_Wren -> 143.Caspian_Tern, 194.Cactus_Wren/Cactus_Wren_0123_186068.jpg:194.Cactus_Wren -> 194.Cactus_Wren, 194.Cactus_Wren/Cactus_Wren_0056_185626.jpg:194.Cactus_Wren -> 149.Brown_Thrasher, 
195.Carolina_Wren/Carolina_Wren_0045_186165.jpg:195.Carolina_Wren -> 195.Carolina_Wren, 138.Tree_Swallow/Tree_Swallow_0091_136870.jpg:138.Tree_Swallow -> 195.Carolina_Wren, 153.Philadelphia_Vireo/Philadelphia_Vireo_0060_156555.jpg:153.Philadelphia_Vireo -> 195.Carolina_Wren, 195.Carolina_Wren/Carolina_Wren_0001_186455.jpg:195.Carolina_Wren -> 180.Wilson_Warbler, 195.Carolina_Wren/Carolina_Wren_0044_186645.jpg:195.Carolina_Wren -> 111.Loggerhead_Shrike, 195.Carolina_Wren/Carolina_Wren_0128_186581.jpg:195.Carolina_Wren -> 141.Artic_Tern, 
164.Cerulean_Warbler/Cerulean_Warbler_0002_797219.jpg:164.Cerulean_Warbler -> 196.House_Wren, 183.Northern_Waterthrush/Northern_Waterthrush_0070_177096.jpg:183.Northern_Waterthrush -> 196.House_Wren, 196.House_Wren/House_Wren_0057_187157.jpg:196.House_Wren -> 196.House_Wren, 196.House_Wren/House_Wren_0098_187368.jpg:196.House_Wren -> 198.Rock_Wren, 196.House_Wren/House_Wren_0004_187448.jpg:196.House_Wren -> 122.Harris_Sparrow, 196.House_Wren/House_Wren_0110_187111.jpg:196.House_Wren -> 196.House_Wren, 
185.Bohemian_Waxwing/Bohemian_Waxwing_0096_177969.jpg:185.Bohemian_Waxwing -> 197.Marsh_Wren, 142.Black_Tern/Black_Tern_0009_144046.jpg:142.Black_Tern -> 197.Marsh_Wren, 147.Least_Tern/Least_Tern_0014_153757.jpg:147.Least_Tern -> 197.Marsh_Wren, 197.Marsh_Wren/Marsh_Wren_0069_188776.jpg:197.Marsh_Wren -> 120.Fox_Sparrow, 197.Marsh_Wren/Marsh_Wren_0089_188318.jpg:197.Marsh_Wren -> 197.Marsh_Wren, 197.Marsh_Wren/Marsh_Wren_0027_188376.jpg:197.Marsh_Wren -> 108.White_necked_Raven, 
198.Rock_Wren/Rock_Wren_0078_188960.jpg:198.Rock_Wren -> 198.Rock_Wren, 155.Warbling_Vireo/Warbling_Vireo_0016_158681.jpg:155.Warbling_Vireo -> 198.Rock_Wren, 193.Bewick_Wren/Bewick_Wren_0110_185216.jpg:193.Bewick_Wren -> 198.Rock_Wren, 198.Rock_Wren/Rock_Wren_0034_187656.jpg:198.Rock_Wren -> 198.Rock_Wren, 198.Rock_Wren/Rock_Wren_0022_188958.jpg:198.Rock_Wren -> 125.Lincoln_Sparrow, 198.Rock_Wren/Rock_Wren_0086_188944.jpg:198.Rock_Wren -> 170.Mourning_Warbler, 
199.Winter_Wren/Winter_Wren_0112_189507.jpg:199.Winter_Wren -> 122.Harris_Sparrow, 199.Winter_Wren/Winter_Wren_0015_190099.jpg:199.Winter_Wren -> 106.Horned_Puffin, 199.Winter_Wren/Winter_Wren_0073_190044.jpg:199.Winter_Wren -> 175.Pine_Warbler, 199.Winter_Wren/Winter_Wren_0019_189533.jpg:199.Winter_Wren -> 196.House_Wren, 199.Winter_Wren/Winter_Wren_0112_189507.jpg:199.Winter_Wren -> 122.Harris_Sparrow, 199.Winter_Wren/Winter_Wren_0077_190366.jpg:199.Winter_Wren -> 110.Geococcyx, 
200.Common_Yellowthroat/Common_Yellowthroat_0028_190527.jpg:200.Common_Yellowthroat -> 122.Harris_Sparrow, 200.Common_Yellowthroat/Common_Yellowthroat_0075_190900.jpg:200.Common_Yellowthroat -> 149.Brown_Thrasher, 200.Common_Yellowthroat/Common_Yellowthroat_0106_190989.jpg:200.Common_Yellowthroat -> 122.Harris_Sparrow, 200.Common_Yellowthroat/Common_Yellowthroat_0040_190427.jpg:200.Common_Yellowthroat -> 172.Nashville_Warbler, 200.Common_Yellowthroat/Common_Yellowthroat_0004_190606.jpg:200.Common_Yellowthroat -> 162.Canada_Warbler, 200.Common_Yellowthroat/Common_Yellowthroat_0077_190990.jpg:200.Common_Yellowthroat -> 124.Le_Conte_Sparrow, 
