146.Forsters_Tern/Forsters_Tern_0016_152463.jpg:146.Forsters_Tern -> 101.White_Pelican, 101.White_Pelican/White_Pelican_0079_97380.jpg:101.White_Pelican -> 101.White_Pelican, 106.Horned_Puffin/Horned_Puffin_0019_101063.jpg:106.Horned_Puffin -> 101.White_Pelican, 101.White_Pelican/White_Pelican_0087_97247.jpg:101.White_Pelican -> 101.White_Pelican, 101.White_Pelican/White_Pelican_0053_96236.jpg:101.White_Pelican -> 101.White_Pelican, 101.White_Pelican/White_Pelican_0005_95916.jpg:101.White_Pelican -> 101.White_Pelican, 
153.Philadelphia_Vireo/Philadelphia_Vireo_0062_794777.jpg:153.Philadelphia_Vireo -> 102.Western_Wood_Pewee, 131.Vesper_Sparrow/Vesper_Sparrow_0016_125615.jpg:131.Vesper_Sparrow -> 102.Western_Wood_Pewee, 135.Bank_Swallow/Bank_Swallow_0022_129923.jpg:135.Bank_Swallow -> 102.Western_Wood_Pewee, 102.Western_Wood_Pewee/Western_Wood_Pewee_0042_98126.jpg:102.Western_Wood_Pewee -> 114.Black_throated_Sparrow, 102.Western_Wood_Pewee/Western_Wood_Pewee_0056_98026.jpg:102.Western_Wood_Pewee -> 173.Orange_crowned_Warbler, 102.Western_Wood_Pewee/Western_Wood_Pewee_0065_98001.jpg:102.Western_Wood_Pewee -> 149.Brown_Thrasher, 
150.Sage_Thrasher/Sage_Thrasher_0023_796458.jpg:150.Sage_Thrasher -> 103.Sayornis, 115.Brewer_Sparrow/Brewer_Sparrow_0028_107467.jpg:115.Brewer_Sparrow -> 103.Sayornis, 178.Swainson_Warbler/Swainson_Warbler_0044_794894.jpg:178.Swainson_Warbler -> 103.Sayornis, 103.Sayornis/Sayornis_0019_98636.jpg:103.Sayornis -> 189.Red_bellied_Woodpecker, 103.Sayornis/Sayornis_0130_98678.jpg:103.Sayornis -> 102.Western_Wood_Pewee, 103.Sayornis/Sayornis_0058_98798.jpg:103.Sayornis -> 160.Black_throated_Blue_Warbler, 
183.Northern_Waterthrush/Northern_Waterthrush_0084_177239.jpg:183.Northern_Waterthrush -> 104.American_Pipit, 196.House_Wren/House_Wren_0112_187355.jpg:196.House_Wren -> 104.American_Pipit, 126.Nelson_Sharp_tailed_Sparrow/Nelson_Sharp_Tailed_Sparrow_0032_118036.jpg:126.Nelson_Sharp_tailed_Sparrow -> 104.American_Pipit, 104.American_Pipit/American_Pipit_0101_100053.jpg:104.American_Pipit -> 103.Sayornis, 104.American_Pipit/American_Pipit_0080_100055.jpg:104.American_Pipit -> 146.Forsters_Tern, 104.American_Pipit/American_Pipit_0024_99813.jpg:104.American_Pipit -> 115.Brewer_Sparrow, 
105.Whip_poor_Will/Whip_Poor_Will_0036_100399.jpg:105.Whip_poor_Will -> 105.Whip_poor_Will, 105.Whip_poor_Will/Whip_Poor_Will_0026_100456.jpg:105.Whip_poor_Will -> 105.Whip_poor_Will, 190.Red_cockaded_Woodpecker/Red_Cockaded_Woodpecker_0024_794708.jpg:190.Red_cockaded_Woodpecker -> 105.Whip_poor_Will, 105.Whip_poor_Will/Whip_Poor_Will_0032_796437.jpg:105.Whip_poor_Will -> 105.Whip_poor_Will, 105.Whip_poor_Will/Whip_Poor_Will_0017_796429.jpg:105.Whip_poor_Will -> 190.Red_cockaded_Woodpecker, 105.Whip_poor_Will/Whip_Poor_Will_0027_796441.jpg:105.Whip_poor_Will -> 187.American_Three_toed_Woodpecker, 
193.Bewick_Wren/Bewick_Wren_0023_185400.jpg:193.Bewick_Wren -> 106.Horned_Puffin, 106.Horned_Puffin/Horned_Puffin_0072_100938.jpg:106.Horned_Puffin -> 106.Horned_Puffin, 110.Geococcyx/Geococcyx_0010_104197.jpg:110.Geococcyx -> 106.Horned_Puffin, 106.Horned_Puffin/Horned_Puffin_0050_100645.jpg:106.Horned_Puffin -> 106.Horned_Puffin, 106.Horned_Puffin/Horned_Puffin_0007_100699.jpg:106.Horned_Puffin -> 106.Horned_Puffin, 106.Horned_Puffin/Horned_Puffin_0025_100942.jpg:106.Horned_Puffin -> 141.Artic_Tern, 
108.White_necked_Raven/White_Necked_Raven_0015_102593.jpg:108.White_necked_Raven -> 107.Common_Raven, 108.White_necked_Raven/White_Necked_Raven_0021_797341.jpg:108.White_necked_Raven -> 107.Common_Raven, 187.American_Three_toed_Woodpecker/American_Three_Toed_Woodpecker_0005_179902.jpg:187.American_Three_toed_Woodpecker -> 107.Common_Raven, 107.Common_Raven/Common_Raven_0093_102058.jpg:107.Common_Raven -> 108.White_necked_Raven, 107.Common_Raven/Common_Raven_0110_101775.jpg:107.Common_Raven -> 107.Common_Raven, 107.Common_Raven/Common_Raven_0029_102039.jpg:107.Common_Raven -> 142.Black_Tern, 
108.White_necked_Raven/White_Necked_Raven_0056_797373.jpg:108.White_necked_Raven -> 108.White_necked_Raven, 107.Common_Raven/Common_Raven_0129_102094.jpg:107.Common_Raven -> 108.White_necked_Raven, 107.Common_Raven/Common_Raven_0001_101213.jpg:107.Common_Raven -> 108.White_necked_Raven, 108.White_necked_Raven/White_Necked_Raven_0004_102714.jpg:108.White_necked_Raven -> 108.White_necked_Raven, 108.White_necked_Raven/White_Necked_Raven_0065_797354.jpg:108.White_necked_Raven -> 108.White_necked_Raven, 108.White_necked_Raven/White_Necked_Raven_0055_797352.jpg:108.White_necked_Raven -> 138.Tree_Swallow, 
109.American_Redstart/American_Redstart_0103_102946.jpg:109.American_Redstart -> 109.American_Redstart, 162.Canada_Warbler/Canada_Warbler_0040_162352.jpg:162.Canada_Warbler -> 109.American_Redstart, 166.Golden_winged_Warbler/Golden_Winged_Warbler_0018_164558.jpg:166.Golden_winged_Warbler -> 109.American_Redstart, 109.American_Redstart/American_Redstart_0138_102869.jpg:109.American_Redstart -> 165.Chestnut_sided_Warbler, 109.American_Redstart/American_Redstart_0109_103795.jpg:109.American_Redstart -> 153.Philadelphia_Vireo, 109.American_Redstart/American_Redstart_0093_103071.jpg:109.American_Redstart -> 163.Cape_May_Warbler, 
120.Fox_Sparrow/Fox_Sparrow_0040_115034.jpg:120.Fox_Sparrow -> 110.Geococcyx, 137.Cliff_Swallow/Cliff_Swallow_0073_133116.jpg:137.Cliff_Swallow -> 110.Geococcyx, 188.Pileated_Woodpecker/Pileated_Woodpecker_0119_180030.jpg:188.Pileated_Woodpecker -> 110.Geococcyx, 110.Geococcyx/Geococcyx_0096_104369.jpg:110.Geococcyx -> 104.American_Pipit, 110.Geococcyx/Geococcyx_0030_104525.jpg:110.Geococcyx -> 110.Geococcyx, 110.Geococcyx/Geococcyx_0048_104817.jpg:110.Geococcyx -> 160.Black_throated_Blue_Warbler, 
111.Loggerhead_Shrike/Loggerhead_Shrike_0109_105710.jpg:111.Loggerhead_Shrike -> 112.Great_Grey_Shrike, 111.Loggerhead_Shrike/Loggerhead_Shrike_0033_105686.jpg:111.Loggerhead_Shrike -> 138.Tree_Swallow, 111.Loggerhead_Shrike/Loggerhead_Shrike_0073_106097.jpg:111.Loggerhead_Shrike -> 114.Black_throated_Sparrow, 111.Loggerhead_Shrike/Loggerhead_Shrike_0086_105005.jpg:111.Loggerhead_Shrike -> 106.Horned_Puffin, 111.Loggerhead_Shrike/Loggerhead_Shrike_0118_105157.jpg:111.Loggerhead_Shrike -> 138.Tree_Swallow, 111.Loggerhead_Shrike/Loggerhead_Shrike_0033_105686.jpg:111.Loggerhead_Shrike -> 138.Tree_Swallow, 
112.Great_Grey_Shrike/Great_Grey_Shrike_0074_106689.jpg:112.Great_Grey_Shrike -> 112.Great_Grey_Shrike, 111.Loggerhead_Shrike/Loggerhead_Shrike_0101_105392.jpg:111.Loggerhead_Shrike -> 112.Great_Grey_Shrike, 111.Loggerhead_Shrike/Loggerhead_Shrike_0123_105849.jpg:111.Loggerhead_Shrike -> 112.Great_Grey_Shrike, 112.Great_Grey_Shrike/Great_Grey_Shrike_0068_797060.jpg:112.Great_Grey_Shrike -> 112.Great_Grey_Shrike, 112.Great_Grey_Shrike/Great_Grey_Shrike_0009_797038.jpg:112.Great_Grey_Shrike -> 112.Great_Grey_Shrike, 112.Great_Grey_Shrike/Great_Grey_Shrike_0061_106580.jpg:112.Great_Grey_Shrike -> 112.Great_Grey_Shrike, 
125.Lincoln_Sparrow/Lincoln_Sparrow_0044_117687.jpg:125.Lincoln_Sparrow -> 113.Baird_Sparrow, 144.Common_Tern/Common_Tern_0113_147949.jpg:144.Common_Tern -> 113.Baird_Sparrow, 159.Black_and_white_Warbler/Black_And_White_Warbler_0051_160603.jpg:159.Black_and_white_Warbler -> 113.Baird_Sparrow, 113.Baird_Sparrow/Baird_Sparrow_0003_794558.jpg:113.Baird_Sparrow -> 113.Baird_Sparrow, 113.Baird_Sparrow/Baird_Sparrow_0001_794578.jpg:113.Baird_Sparrow -> 150.Sage_Thrasher, 113.Baird_Sparrow/Baird_Sparrow_0036_794572.jpg:113.Baird_Sparrow -> 113.Baird_Sparrow, 
155.Warbling_Vireo/Warbling_Vireo_0018_158304.jpg:155.Warbling_Vireo -> 114.Black_throated_Sparrow, 132.White_crowned_Sparrow/White_Crowned_Sparrow_0047_127575.jpg:132.White_crowned_Sparrow -> 114.Black_throated_Sparrow, 159.Black_and_white_Warbler/Black_And_White_Warbler_0057_160037.jpg:159.Black_and_white_Warbler -> 114.Black_throated_Sparrow, 114.Black_throated_Sparrow/Black_Throated_Sparrow_0034_107327.jpg:114.Black_throated_Sparrow -> 137.Cliff_Swallow, 114.Black_throated_Sparrow/Black_Throated_Sparrow_0007_106999.jpg:114.Black_throated_Sparrow -> 102.Western_Wood_Pewee, 114.Black_throated_Sparrow/Black_Throated_Sparrow_0065_107087.jpg:114.Black_throated_Sparrow -> 103.Sayornis, 
130.Tree_Sparrow/Tree_Sparrow_0076_123669.jpg:130.Tree_Sparrow -> 115.Brewer_Sparrow, 104.American_Pipit/American_Pipit_0078_99898.jpg:104.American_Pipit -> 115.Brewer_Sparrow, 171.Myrtle_Warbler/Myrtle_Warbler_0025_166704.jpg:171.Myrtle_Warbler -> 115.Brewer_Sparrow, 115.Brewer_Sparrow/Brewer_Sparrow_0053_796694.jpg:115.Brewer_Sparrow -> 148.Green_tailed_Towhee, 115.Brewer_Sparrow/Brewer_Sparrow_0062_107456.jpg:115.Brewer_Sparrow -> 199.Winter_Wren, 115.Brewer_Sparrow/Brewer_Sparrow_0064_107502.jpg:115.Brewer_Sparrow -> 131.Vesper_Sparrow, 
116.Chipping_Sparrow/Chipping_Sparrow_0096_109853.jpg:116.Chipping_Sparrow -> 116.Chipping_Sparrow, 102.Western_Wood_Pewee/Western_Wood_Pewee_0077_98133.jpg:102.Western_Wood_Pewee -> 116.Chipping_Sparrow, 171.Myrtle_Warbler/Myrtle_Warbler_0034_166720.jpg:171.Myrtle_Warbler -> 116.Chipping_Sparrow, 116.Chipping_Sparrow/Chipping_Sparrow_0036_107695.jpg:116.Chipping_Sparrow -> 132.White_crowned_Sparrow, 116.Chipping_Sparrow/Chipping_Sparrow_0070_108281.jpg:116.Chipping_Sparrow -> 115.Brewer_Sparrow, 116.Chipping_Sparrow/Chipping_Sparrow_0064_108204.jpg:116.Chipping_Sparrow -> 116.Chipping_Sparrow, 
117.Clay_colored_Sparrow/Clay_Colored_Sparrow_0093_110677.jpg:117.Clay_colored_Sparrow -> 119.Field_Sparrow, 117.Clay_colored_Sparrow/Clay_Colored_Sparrow_0093_110677.jpg:117.Clay_colored_Sparrow -> 119.Field_Sparrow, 117.Clay_colored_Sparrow/Clay_Colored_Sparrow_0100_110545.jpg:117.Clay_colored_Sparrow -> 133.White_throated_Sparrow, 117.Clay_colored_Sparrow/Clay_Colored_Sparrow_0048_110653.jpg:117.Clay_colored_Sparrow -> 173.Orange_crowned_Warbler, 117.Clay_colored_Sparrow/Clay_Colored_Sparrow_0061_110830.jpg:117.Clay_colored_Sparrow -> 133.White_throated_Sparrow, 117.Clay_colored_Sparrow/Clay_Colored_Sparrow_0038_110799.jpg:117.Clay_colored_Sparrow -> 150.Sage_Thrasher, 
118.House_Sparrow/House_Sparrow_0120_113001.jpg:118.House_Sparrow -> 115.Brewer_Sparrow, 118.House_Sparrow/House_Sparrow_0049_110976.jpg:118.House_Sparrow -> 158.Bay_breasted_Warbler, 118.House_Sparrow/House_Sparrow_0108_112963.jpg:118.House_Sparrow -> 116.Chipping_Sparrow, 118.House_Sparrow/House_Sparrow_0007_111029.jpg:118.House_Sparrow -> 132.White_crowned_Sparrow, 118.House_Sparrow/House_Sparrow_0119_111471.jpg:118.House_Sparrow -> 153.Philadelphia_Vireo, 118.House_Sparrow/House_Sparrow_0053_111388.jpg:118.House_Sparrow -> 165.Chestnut_sided_Warbler, 
163.Cape_May_Warbler/Cape_May_Warbler_0040_163036.jpg:163.Cape_May_Warbler -> 119.Field_Sparrow, 124.Le_Conte_Sparrow/Le_Conte_Sparrow_0043_795213.jpg:124.Le_Conte_Sparrow -> 119.Field_Sparrow, 119.Field_Sparrow/Field_Sparrow_0066_114109.jpg:119.Field_Sparrow -> 119.Field_Sparrow, 119.Field_Sparrow/Field_Sparrow_0106_113350.jpg:119.Field_Sparrow -> 160.Black_throated_Blue_Warbler, 119.Field_Sparrow/Field_Sparrow_0131_113582.jpg:119.Field_Sparrow -> 148.Green_tailed_Towhee, 119.Field_Sparrow/Field_Sparrow_0047_113801.jpg:119.Field_Sparrow -> 119.Field_Sparrow, 
120.Fox_Sparrow/Fox_Sparrow_0012_115324.jpg:120.Fox_Sparrow -> 121.Grasshopper_Sparrow, 120.Fox_Sparrow/Fox_Sparrow_0106_114720.jpg:120.Fox_Sparrow -> 123.Henslow_Sparrow, 120.Fox_Sparrow/Fox_Sparrow_0010_114728.jpg:120.Fox_Sparrow -> 183.Northern_Waterthrush, 120.Fox_Sparrow/Fox_Sparrow_0015_114650.jpg:120.Fox_Sparrow -> 150.Sage_Thrasher, 120.Fox_Sparrow/Fox_Sparrow_0106_114720.jpg:120.Fox_Sparrow -> 123.Henslow_Sparrow, 120.Fox_Sparrow/Fox_Sparrow_0115_114855.jpg:120.Fox_Sparrow -> 103.Sayornis, 
147.Least_Tern/Least_Tern_0109_154127.jpg:147.Least_Tern -> 121.Grasshopper_Sparrow, 122.Harris_Sparrow/Harris_Sparrow_0021_116399.jpg:122.Harris_Sparrow -> 121.Grasshopper_Sparrow, 147.Least_Tern/Least_Tern_0109_154127.jpg:147.Least_Tern -> 121.Grasshopper_Sparrow, 121.Grasshopper_Sparrow/Grasshopper_Sparrow_0075_116260.jpg:121.Grasshopper_Sparrow -> 188.Pileated_Woodpecker, 121.Grasshopper_Sparrow/Grasshopper_Sparrow_0038_115704.jpg:121.Grasshopper_Sparrow -> 150.Sage_Thrasher, 121.Grasshopper_Sparrow/Grasshopper_Sparrow_0101_116094.jpg:121.Grasshopper_Sparrow -> 121.Grasshopper_Sparrow, 
122.Harris_Sparrow/Harris_Sparrow_0087_116490.jpg:122.Harris_Sparrow -> 133.White_throated_Sparrow, 122.Harris_Sparrow/Harris_Sparrow_0027_116687.jpg:122.Harris_Sparrow -> 131.Vesper_Sparrow, 122.Harris_Sparrow/Harris_Sparrow_0025_116648.jpg:122.Harris_Sparrow -> 192.Downy_Woodpecker, 122.Harris_Sparrow/Harris_Sparrow_0016_116661.jpg:122.Harris_Sparrow -> 165.Chestnut_sided_Warbler, 122.Harris_Sparrow/Harris_Sparrow_0011_116597.jpg:122.Harris_Sparrow -> 121.Grasshopper_Sparrow, 122.Harris_Sparrow/Harris_Sparrow_0041_116611.jpg:122.Harris_Sparrow -> 115.Brewer_Sparrow, 
124.Le_Conte_Sparrow/Le_Conte_Sparrow_0073_117127.jpg:124.Le_Conte_Sparrow -> 123.Henslow_Sparrow, 128.Seaside_Sparrow/Seaside_Sparrow_0041_796529.jpg:128.Seaside_Sparrow -> 123.Henslow_Sparrow, 124.Le_Conte_Sparrow/Le_Conte_Sparrow_0063_795149.jpg:124.Le_Conte_Sparrow -> 123.Henslow_Sparrow, 123.Henslow_Sparrow/Henslow_Sparrow_0083_116844.jpg:123.Henslow_Sparrow -> 123.Henslow_Sparrow, 123.Henslow_Sparrow/Henslow_Sparrow_0064_796573.jpg:123.Henslow_Sparrow -> 119.Field_Sparrow, 123.Henslow_Sparrow/Henslow_Sparrow_0013_796578.jpg:123.Henslow_Sparrow -> 115.Brewer_Sparrow, 
124.Le_Conte_Sparrow/Le_Conte_Sparrow_0083_795163.jpg:124.Le_Conte_Sparrow -> 133.White_throated_Sparrow, 124.Le_Conte_Sparrow/Le_Conte_Sparrow_0041_795218.jpg:124.Le_Conte_Sparrow -> 113.Baird_Sparrow, 124.Le_Conte_Sparrow/Le_Conte_Sparrow_0045_795162.jpg:124.Le_Conte_Sparrow -> 133.White_throated_Sparrow, 124.Le_Conte_Sparrow/Le_Conte_Sparrow_0012_795211.jpg:124.Le_Conte_Sparrow -> 113.Baird_Sparrow, 124.Le_Conte_Sparrow/Le_Conte_Sparrow_0022_117039.jpg:124.Le_Conte_Sparrow -> 115.Brewer_Sparrow, 124.Le_Conte_Sparrow/Le_Conte_Sparrow_0049_795220.jpg:124.Le_Conte_Sparrow -> 152.Blue_headed_Vireo, 
125.Lincoln_Sparrow/Lincoln_Sparrow_0100_117835.jpg:125.Lincoln_Sparrow -> 113.Baird_Sparrow, 125.Lincoln_Sparrow/Lincoln_Sparrow_0033_117303.jpg:125.Lincoln_Sparrow -> 119.Field_Sparrow, 125.Lincoln_Sparrow/Lincoln_Sparrow_0049_117265.jpg:125.Lincoln_Sparrow -> 119.Field_Sparrow, 125.Lincoln_Sparrow/Lincoln_Sparrow_0128_117851.jpg:125.Lincoln_Sparrow -> 113.Baird_Sparrow, 125.Lincoln_Sparrow/Lincoln_Sparrow_0038_117461.jpg:125.Lincoln_Sparrow -> 133.White_throated_Sparrow, 125.Lincoln_Sparrow/Lincoln_Sparrow_0084_117492.jpg:125.Lincoln_Sparrow -> 110.Geococcyx, 
126.Nelson_Sharp_tailed_Sparrow/Nelson_Sharp_Tailed_Sparrow_0018_118011.jpg:126.Nelson_Sharp_tailed_Sparrow -> 163.Cape_May_Warbler, 126.Nelson_Sharp_tailed_Sparrow/Nelson_Sharp_Tailed_Sparrow_0034_796950.jpg:126.Nelson_Sharp_tailed_Sparrow -> 149.Brown_Thrasher, 126.Nelson_Sharp_tailed_Sparrow/Nelson_Sharp_Tailed_Sparrow_0055_796937.jpg:126.Nelson_Sharp_tailed_Sparrow -> 160.Black_throated_Blue_Warbler, 126.Nelson_Sharp_tailed_Sparrow/Nelson_Sharp_Tailed_Sparrow_0067_796912.jpg:126.Nelson_Sharp_tailed_Sparrow -> 163.Cape_May_Warbler, 126.Nelson_Sharp_tailed_Sparrow/Nelson_Sharp_Tailed_Sparrow_0077_796913.jpg:126.Nelson_Sharp_tailed_Sparrow -> 165.Chestnut_sided_Warbler, 126.Nelson_Sharp_tailed_Sparrow/Nelson_Sharp_Tailed_Sparrow_0013_796942.jpg:126.Nelson_Sharp_tailed_Sparrow -> 133.White_throated_Sparrow, 
127.Savannah_Sparrow/Savannah_Sparrow_0068_119972.jpg:127.Savannah_Sparrow -> 131.Vesper_Sparrow, 127.Savannah_Sparrow/Savannah_Sparrow_0094_119040.jpg:127.Savannah_Sparrow -> 130.Tree_Sparrow, 127.Savannah_Sparrow/Savannah_Sparrow_0066_119949.jpg:127.Savannah_Sparrow -> 123.Henslow_Sparrow, 127.Savannah_Sparrow/Savannah_Sparrow_0035_120099.jpg:127.Savannah_Sparrow -> 110.Geococcyx, 127.Savannah_Sparrow/Savannah_Sparrow_0033_118871.jpg:127.Savannah_Sparrow -> 131.Vesper_Sparrow, 127.Savannah_Sparrow/Savannah_Sparrow_0080_118120.jpg:127.Savannah_Sparrow -> 131.Vesper_Sparrow, 
133.White_throated_Sparrow/White_Throated_Sparrow_0033_129016.jpg:133.White_throated_Sparrow -> 128.Seaside_Sparrow, 128.Seaside_Sparrow/Seaside_Sparrow_0048_120758.jpg:128.Seaside_Sparrow -> 128.Seaside_Sparrow, 130.Tree_Sparrow/Tree_Sparrow_0011_122964.jpg:130.Tree_Sparrow -> 128.Seaside_Sparrow, 128.Seaside_Sparrow/Seaside_Sparrow_0025_796518.jpg:128.Seaside_Sparrow -> 150.Sage_Thrasher, 128.Seaside_Sparrow/Seaside_Sparrow_0039_796530.jpg:128.Seaside_Sparrow -> 121.Grasshopper_Sparrow, 128.Seaside_Sparrow/Seaside_Sparrow_0013_796535.jpg:128.Seaside_Sparrow -> 183.Northern_Waterthrush, 
129.Song_Sparrow/Song_Sparrow_0037_121078.jpg:129.Song_Sparrow -> 149.Brown_Thrasher, 129.Song_Sparrow/Song_Sparrow_0035_120986.jpg:129.Song_Sparrow -> 113.Baird_Sparrow, 129.Song_Sparrow/Song_Sparrow_0053_121554.jpg:129.Song_Sparrow -> 103.Sayornis, 129.Song_Sparrow/Song_Sparrow_0097_121438.jpg:129.Song_Sparrow -> 121.Grasshopper_Sparrow, 129.Song_Sparrow/Song_Sparrow_0007_121133.jpg:129.Song_Sparrow -> 149.Brown_Thrasher, 129.Song_Sparrow/Song_Sparrow_0116_121211.jpg:129.Song_Sparrow -> 123.Henslow_Sparrow, 
130.Tree_Sparrow/Tree_Sparrow_0030_122850.jpg:130.Tree_Sparrow -> 130.Tree_Sparrow, 124.Le_Conte_Sparrow/Le_Conte_Sparrow_0078_117052.jpg:124.Le_Conte_Sparrow -> 130.Tree_Sparrow, 148.Green_tailed_Towhee/Green_Tailed_Towhee_0015_797425.jpg:148.Green_tailed_Towhee -> 130.Tree_Sparrow, 130.Tree_Sparrow/Tree_Sparrow_0043_124034.jpg:130.Tree_Sparrow -> 152.Blue_headed_Vireo, 130.Tree_Sparrow/Tree_Sparrow_0095_124090.jpg:130.Tree_Sparrow -> 113.Baird_Sparrow, 130.Tree_Sparrow/Tree_Sparrow_0076_123669.jpg:130.Tree_Sparrow -> 115.Brewer_Sparrow, 
116.Chipping_Sparrow/Chipping_Sparrow_0023_108684.jpg:116.Chipping_Sparrow -> 131.Vesper_Sparrow, 118.House_Sparrow/House_Sparrow_0067_112913.jpg:118.House_Sparrow -> 131.Vesper_Sparrow, 115.Brewer_Sparrow/Brewer_Sparrow_0064_107502.jpg:115.Brewer_Sparrow -> 131.Vesper_Sparrow, 131.Vesper_Sparrow/Vesper_Sparrow_0062_125669.jpg:131.Vesper_Sparrow -> 116.Chipping_Sparrow, 131.Vesper_Sparrow/Vesper_Sparrow_0022_125719.jpg:131.Vesper_Sparrow -> 110.Geococcyx, 131.Vesper_Sparrow/Vesper_Sparrow_0087_125712.jpg:131.Vesper_Sparrow -> 133.White_throated_Sparrow, 
130.Tree_Sparrow/Tree_Sparrow_0042_124512.jpg:130.Tree_Sparrow -> 132.White_crowned_Sparrow, 154.Red_eyed_Vireo/Red_Eyed_Vireo_0131_156765.jpg:154.Red_eyed_Vireo -> 132.White_crowned_Sparrow, 135.Bank_Swallow/Bank_Swallow_0046_129742.jpg:135.Bank_Swallow -> 132.White_crowned_Sparrow, 132.White_crowned_Sparrow/White_Crowned_Sparrow_0029_127503.jpg:132.White_crowned_Sparrow -> 121.Grasshopper_Sparrow, 132.White_crowned_Sparrow/White_Crowned_Sparrow_0012_127853.jpg:132.White_crowned_Sparrow -> 114.Black_throated_Sparrow, 132.White_crowned_Sparrow/White_Crowned_Sparrow_0064_126467.jpg:132.White_crowned_Sparrow -> 150.Sage_Thrasher, 
130.Tree_Sparrow/Tree_Sparrow_0009_123294.jpg:130.Tree_Sparrow -> 133.White_throated_Sparrow, 199.Winter_Wren/Winter_Wren_0142_190379.jpg:199.Winter_Wren -> 133.White_throated_Sparrow, 190.Red_cockaded_Woodpecker/Red_Cockaded_Woodpecker_0028_182395.jpg:190.Red_cockaded_Woodpecker -> 133.White_throated_Sparrow, 133.White_throated_Sparrow/White_Throated_Sparrow_0026_128843.jpg:133.White_throated_Sparrow -> 121.Grasshopper_Sparrow, 133.White_throated_Sparrow/White_Throated_Sparrow_0027_128847.jpg:133.White_throated_Sparrow -> 131.Vesper_Sparrow, 133.White_throated_Sparrow/White_Throated_Sparrow_0039_128859.jpg:133.White_throated_Sparrow -> 133.White_throated_Sparrow, 
134.Cape_Glossy_Starling/Cape_Glossy_Starling_0087_129481.jpg:134.Cape_Glossy_Starling -> 134.Cape_Glossy_Starling, 134.Cape_Glossy_Starling/Cape_Glossy_Starling_0028_129309.jpg:134.Cape_Glossy_Starling -> 134.Cape_Glossy_Starling, 134.Cape_Glossy_Starling/Cape_Glossy_Starling_0074_129294.jpg:134.Cape_Glossy_Starling -> 134.Cape_Glossy_Starling, 134.Cape_Glossy_Starling/Cape_Glossy_Starling_0099_129412.jpg:134.Cape_Glossy_Starling -> 138.Tree_Swallow, 134.Cape_Glossy_Starling/Cape_Glossy_Starling_0082_129216.jpg:134.Cape_Glossy_Starling -> 113.Baird_Sparrow, 134.Cape_Glossy_Starling/Cape_Glossy_Starling_0039_129469.jpg:134.Cape_Glossy_Starling -> 138.Tree_Swallow, 
135.Bank_Swallow/Bank_Swallow_0049_129611.jpg:135.Bank_Swallow -> 102.Western_Wood_Pewee, 135.Bank_Swallow/Bank_Swallow_0062_129548.jpg:135.Bank_Swallow -> 142.Black_Tern, 135.Bank_Swallow/Bank_Swallow_0059_129896.jpg:135.Bank_Swallow -> 163.Cape_May_Warbler, 135.Bank_Swallow/Bank_Swallow_0047_129520.jpg:135.Bank_Swallow -> 143.Caspian_Tern, 135.Bank_Swallow/Bank_Swallow_0032_129491.jpg:135.Bank_Swallow -> 198.Rock_Wren, 135.Bank_Swallow/Bank_Swallow_0063_129774.jpg:135.Bank_Swallow -> 185.Bohemian_Waxwing, 
136.Barn_Swallow/Barn_Swallow_0060_130110.jpg:136.Barn_Swallow -> 141.Artic_Tern, 136.Barn_Swallow/Barn_Swallow_0038_132780.jpg:136.Barn_Swallow -> 165.Chestnut_sided_Warbler, 136.Barn_Swallow/Barn_Swallow_0038_132780.jpg:136.Barn_Swallow -> 165.Chestnut_sided_Warbler, 136.Barn_Swallow/Barn_Swallow_0084_130800.jpg:136.Barn_Swallow -> 138.Tree_Swallow, 136.Barn_Swallow/Barn_Swallow_0077_130707.jpg:136.Barn_Swallow -> 140.Summer_Tanager, 136.Barn_Swallow/Barn_Swallow_0017_132951.jpg:136.Barn_Swallow -> 107.Common_Raven, 
114.Black_throated_Sparrow/Black_Throated_Sparrow_0034_107327.jpg:114.Black_throated_Sparrow -> 137.Cliff_Swallow, 195.Carolina_Wren/Carolina_Wren_0035_186356.jpg:195.Carolina_Wren -> 137.Cliff_Swallow, 169.Magnolia_Warbler/Magnolia_Warbler_0134_165801.jpg:169.Magnolia_Warbler -> 137.Cliff_Swallow, 137.Cliff_Swallow/Cliff_Swallow_0068_134236.jpg:137.Cliff_Swallow -> 110.Geococcyx, 137.Cliff_Swallow/Cliff_Swallow_0061_133259.jpg:137.Cliff_Swallow -> 110.Geococcyx, 137.Cliff_Swallow/Cliff_Swallow_0085_134338.jpg:137.Cliff_Swallow -> 189.Red_bellied_Woodpecker, 
135.Bank_Swallow/Bank_Swallow_0030_129560.jpg:135.Bank_Swallow -> 138.Tree_Swallow, 111.Loggerhead_Shrike/Loggerhead_Shrike_0118_105157.jpg:111.Loggerhead_Shrike -> 138.Tree_Swallow, 138.Tree_Swallow/Tree_Swallow_0037_134647.jpg:138.Tree_Swallow -> 138.Tree_Swallow, 138.Tree_Swallow/Tree_Swallow_0032_136216.jpg:138.Tree_Swallow -> 112.Great_Grey_Shrike, 138.Tree_Swallow/Tree_Swallow_0040_135172.jpg:138.Tree_Swallow -> 155.Warbling_Vireo, 138.Tree_Swallow/Tree_Swallow_0019_137073.jpg:138.Tree_Swallow -> 160.Black_throated_Blue_Warbler, 
167.Hooded_Warbler/Hooded_Warbler_0008_164641.jpg:167.Hooded_Warbler -> 139.Scarlet_Tanager, 182.Yellow_Warbler/Yellow_Warbler_0047_176456.jpg:182.Yellow_Warbler -> 139.Scarlet_Tanager, 139.Scarlet_Tanager/Scarlet_Tanager_0060_138384.jpg:139.Scarlet_Tanager -> 139.Scarlet_Tanager, 139.Scarlet_Tanager/Scarlet_Tanager_0008_137607.jpg:139.Scarlet_Tanager -> 113.Baird_Sparrow, 139.Scarlet_Tanager/Scarlet_Tanager_0075_137602.jpg:139.Scarlet_Tanager -> 139.Scarlet_Tanager, 139.Scarlet_Tanager/Scarlet_Tanager_0087_137937.jpg:139.Scarlet_Tanager -> 140.Summer_Tanager, 
126.Nelson_Sharp_tailed_Sparrow/Nelson_Sharp_Tailed_Sparrow_0058_118023.jpg:126.Nelson_Sharp_tailed_Sparrow -> 140.Summer_Tanager, 140.Summer_Tanager/Summer_Tanager_0066_140621.jpg:140.Summer_Tanager -> 140.Summer_Tanager, 191.Red_headed_Woodpecker/Red_Headed_Woodpecker_0067_183710.jpg:191.Red_headed_Woodpecker -> 140.Summer_Tanager, 140.Summer_Tanager/Summer_Tanager_0111_139605.jpg:140.Summer_Tanager -> 140.Summer_Tanager, 140.Summer_Tanager/Summer_Tanager_0124_139963.jpg:140.Summer_Tanager -> 185.Bohemian_Waxwing, 140.Summer_Tanager/Summer_Tanager_0044_140611.jpg:140.Summer_Tanager -> 140.Summer_Tanager, 
144.Common_Tern/Common_Tern_0095_149960.jpg:144.Common_Tern -> 141.Artic_Tern, 144.Common_Tern/Common_Tern_0049_149159.jpg:144.Common_Tern -> 141.Artic_Tern, 143.Caspian_Tern/Caspian_Tern_0063_146082.jpg:143.Caspian_Tern -> 141.Artic_Tern, 141.Artic_Tern/Artic_Tern_0041_142079.jpg:141.Artic_Tern -> 146.Forsters_Tern, 141.Artic_Tern/Artic_Tern_0059_141876.jpg:141.Artic_Tern -> 185.Bohemian_Waxwing, 141.Artic_Tern/Artic_Tern_0034_142022.jpg:141.Artic_Tern -> 147.Least_Tern, 
108.White_necked_Raven/White_Necked_Raven_0018_102746.jpg:108.White_necked_Raven -> 142.Black_Tern, 118.House_Sparrow/House_Sparrow_0139_112438.jpg:118.House_Sparrow -> 142.Black_Tern, 137.Cliff_Swallow/Cliff_Swallow_0018_132974.jpg:137.Cliff_Swallow -> 142.Black_Tern, 142.Black_Tern/Black_Tern_0096_143917.jpg:142.Black_Tern -> 101.White_Pelican, 142.Black_Tern/Black_Tern_0013_143892.jpg:142.Black_Tern -> 147.Least_Tern, 142.Black_Tern/Black_Tern_0004_143881.jpg:142.Black_Tern -> 107.Common_Raven, 
141.Artic_Tern/Artic_Tern_0023_140898.jpg:141.Artic_Tern -> 143.Caspian_Tern, 144.Common_Tern/Common_Tern_0103_149733.jpg:144.Common_Tern -> 143.Caspian_Tern, 143.Caspian_Tern/Caspian_Tern_0018_146010.jpg:143.Caspian_Tern -> 143.Caspian_Tern, 143.Caspian_Tern/Caspian_Tern_0026_145125.jpg:143.Caspian_Tern -> 143.Caspian_Tern, 143.Caspian_Tern/Caspian_Tern_0022_144922.jpg:143.Caspian_Tern -> 143.Caspian_Tern, 143.Caspian_Tern/Caspian_Tern_0063_146082.jpg:143.Caspian_Tern -> 141.Artic_Tern, 
144.Common_Tern/Common_Tern_0103_149733.jpg:144.Common_Tern -> 143.Caspian_Tern, 144.Common_Tern/Common_Tern_0053_148472.jpg:144.Common_Tern -> 101.White_Pelican, 144.Common_Tern/Common_Tern_0064_148761.jpg:144.Common_Tern -> 188.Pileated_Woodpecker, 144.Common_Tern/Common_Tern_0053_148472.jpg:144.Common_Tern -> 101.White_Pelican, 144.Common_Tern/Common_Tern_0045_150067.jpg:144.Common_Tern -> 101.White_Pelican, 144.Common_Tern/Common_Tern_0098_148785.jpg:144.Common_Tern -> 143.Caspian_Tern, 
145.Elegant_Tern/Elegant_Tern_0042_150851.jpg:145.Elegant_Tern -> 141.Artic_Tern, 145.Elegant_Tern/Elegant_Tern_0089_150854.jpg:145.Elegant_Tern -> 141.Artic_Tern, 145.Elegant_Tern/Elegant_Tern_0106_150872.jpg:145.Elegant_Tern -> 143.Caspian_Tern, 145.Elegant_Tern/Elegant_Tern_0046_150905.jpg:145.Elegant_Tern -> 106.Horned_Puffin, 145.Elegant_Tern/Elegant_Tern_0106_150872.jpg:145.Elegant_Tern -> 143.Caspian_Tern, 145.Elegant_Tern/Elegant_Tern_0014_150523.jpg:145.Elegant_Tern -> 143.Caspian_Tern, 
144.Common_Tern/Common_Tern_0012_148477.jpg:144.Common_Tern -> 146.Forsters_Tern, 185.Bohemian_Waxwing/Bohemian_Waxwing_0054_796623.jpg:185.Bohemian_Waxwing -> 146.Forsters_Tern, 106.Horned_Puffin/Horned_Puffin_0060_100726.jpg:106.Horned_Puffin -> 146.Forsters_Tern, 146.Forsters_Tern/Forsters_Tern_0032_151384.jpg:146.Forsters_Tern -> 146.Forsters_Tern, 146.Forsters_Tern/Forsters_Tern_0004_152358.jpg:146.Forsters_Tern -> 143.Caspian_Tern, 146.Forsters_Tern/Forsters_Tern_0016_152463.jpg:146.Forsters_Tern -> 101.White_Pelican, 
146.Forsters_Tern/Forsters_Tern_0087_151226.jpg:146.Forsters_Tern -> 147.Least_Tern, 106.Horned_Puffin/Horned_Puffin_0015_100889.jpg:106.Horned_Puffin -> 147.Least_Tern, 144.Common_Tern/Common_Tern_0100_149541.jpg:144.Common_Tern -> 147.Least_Tern, 147.Least_Tern/Least_Tern_0068_153738.jpg:147.Least_Tern -> 141.Artic_Tern, 147.Least_Tern/Least_Tern_0020_153458.jpg:147.Least_Tern -> 143.Caspian_Tern, 147.Least_Tern/Least_Tern_0082_154396.jpg:147.Least_Tern -> 106.Horned_Puffin, 
179.Tennessee_Warbler/Tennessee_Warbler_0062_174949.jpg:179.Tennessee_Warbler -> 148.Green_tailed_Towhee, 183.Northern_Waterthrush/Northern_Waterthrush_0072_177121.jpg:183.Northern_Waterthrush -> 148.Green_tailed_Towhee, 156.White_eyed_Vireo/White_Eyed_Vireo_0071_159072.jpg:156.White_eyed_Vireo -> 148.Green_tailed_Towhee, 148.Green_tailed_Towhee/Green_Tailed_Towhee_0022_154892.jpg:148.Green_tailed_Towhee -> 103.Sayornis, 148.Green_tailed_Towhee/Green_Tailed_Towhee_0071_154870.jpg:148.Green_tailed_Towhee -> 114.Black_throated_Sparrow, 148.Green_tailed_Towhee/Green_Tailed_Towhee_0058_797399.jpg:148.Green_tailed_Towhee -> 170.Mourning_Warbler, 
102.Western_Wood_Pewee/Western_Wood_Pewee_0040_795051.jpg:102.Western_Wood_Pewee -> 149.Brown_Thrasher, 115.Brewer_Sparrow/Brewer_Sparrow_0047_107428.jpg:115.Brewer_Sparrow -> 149.Brown_Thrasher, 149.Brown_Thrasher/Brown_Thrasher_0026_155438.jpg:149.Brown_Thrasher -> 149.Brown_Thrasher, 149.Brown_Thrasher/Brown_Thrasher_0049_155110.jpg:149.Brown_Thrasher -> 183.Northern_Waterthrush, 149.Brown_Thrasher/Brown_Thrasher_0132_155337.jpg:149.Brown_Thrasher -> 150.Sage_Thrasher, 149.Brown_Thrasher/Brown_Thrasher_0112_155183.jpg:149.Brown_Thrasher -> 165.Chestnut_sided_Warbler, 
121.Grasshopper_Sparrow/Grasshopper_Sparrow_0082_116300.jpg:121.Grasshopper_Sparrow -> 150.Sage_Thrasher, 174.Palm_Warbler/Palm_Warbler_0001_170297.jpg:174.Palm_Warbler -> 150.Sage_Thrasher, 150.Sage_Thrasher/Sage_Thrasher_0083_796450.jpg:150.Sage_Thrasher -> 150.Sage_Thrasher, 150.Sage_Thrasher/Sage_Thrasher_0038_155498.jpg:150.Sage_Thrasher -> 106.Horned_Puffin, 150.Sage_Thrasher/Sage_Thrasher_0045_155448.jpg:150.Sage_Thrasher -> 150.Sage_Thrasher, 150.Sage_Thrasher/Sage_Thrasher_0033_155511.jpg:150.Sage_Thrasher -> 198.Rock_Wren, 
151.Black_capped_Vireo/Black_Capped_Vireo_0030_155861.jpg:151.Black_capped_Vireo -> 114.Black_throated_Sparrow, 151.Black_capped_Vireo/Black_Capped_Vireo_0053_797478.jpg:151.Black_capped_Vireo -> 170.Mourning_Warbler, 151.Black_capped_Vireo/Black_Capped_Vireo_0020_797461.jpg:151.Black_capped_Vireo -> 188.Pileated_Woodpecker, 151.Black_capped_Vireo/Black_Capped_Vireo_0016_797489.jpg:151.Black_capped_Vireo -> 148.Green_tailed_Towhee, 151.Black_capped_Vireo/Black_Capped_Vireo_0002_797466.jpg:151.Black_capped_Vireo -> 108.White_necked_Raven, 151.Black_capped_Vireo/Black_Capped_Vireo_0006_797491.jpg:151.Black_capped_Vireo -> 160.Black_throated_Blue_Warbler, 
139.Scarlet_Tanager/Scarlet_Tanager_0003_137724.jpg:139.Scarlet_Tanager -> 152.Blue_headed_Vireo, 185.Bohemian_Waxwing/Bohemian_Waxwing_0031_796633.jpg:185.Bohemian_Waxwing -> 152.Blue_headed_Vireo, 104.American_Pipit/American_Pipit_0089_100260.jpg:104.American_Pipit -> 152.Blue_headed_Vireo, 152.Blue_headed_Vireo/Blue_Headed_Vireo_0095_156092.jpg:152.Blue_headed_Vireo -> 152.Blue_headed_Vireo, 152.Blue_headed_Vireo/Blue_Headed_Vireo_0098_156348.jpg:152.Blue_headed_Vireo -> 148.Green_tailed_Towhee, 152.Blue_headed_Vireo/Blue_Headed_Vireo_0019_156311.jpg:152.Blue_headed_Vireo -> 114.Black_throated_Sparrow, 
181.Worm_eating_Warbler/Worm_Eating_Warbler_0076_176086.jpg:181.Worm_eating_Warbler -> 153.Philadelphia_Vireo, 137.Cliff_Swallow/Cliff_Swallow_0017_133806.jpg:137.Cliff_Swallow -> 153.Philadelphia_Vireo, 130.Tree_Sparrow/Tree_Sparrow_0129_124960.jpg:130.Tree_Sparrow -> 153.Philadelphia_Vireo, 153.Philadelphia_Vireo/Philadelphia_Vireo_0049_794756.jpg:153.Philadelphia_Vireo -> 170.Mourning_Warbler, 153.Philadelphia_Vireo/Philadelphia_Vireo_0038_794759.jpg:153.Philadelphia_Vireo -> 173.Orange_crowned_Warbler, 153.Philadelphia_Vireo/Philadelphia_Vireo_0042_156528.jpg:153.Philadelphia_Vireo -> 152.Blue_headed_Vireo, 
154.Red_eyed_Vireo/Red_Eyed_Vireo_0054_157158.jpg:154.Red_eyed_Vireo -> 155.Warbling_Vireo, 154.Red_eyed_Vireo/Red_Eyed_Vireo_0075_158151.jpg:154.Red_eyed_Vireo -> 173.Orange_crowned_Warbler, 154.Red_eyed_Vireo/Red_Eyed_Vireo_0140_157237.jpg:154.Red_eyed_Vireo -> 116.Chipping_Sparrow, 154.Red_eyed_Vireo/Red_Eyed_Vireo_0079_158198.jpg:154.Red_eyed_Vireo -> 188.Pileated_Woodpecker, 154.Red_eyed_Vireo/Red_Eyed_Vireo_0049_156785.jpg:154.Red_eyed_Vireo -> 153.Philadelphia_Vireo, 154.Red_eyed_Vireo/Red_Eyed_Vireo_0025_157173.jpg:154.Red_eyed_Vireo -> 170.Mourning_Warbler, 
185.Bohemian_Waxwing/Bohemian_Waxwing_0006_796651.jpg:185.Bohemian_Waxwing -> 155.Warbling_Vireo, 178.Swainson_Warbler/Swainson_Warbler_0029_794883.jpg:178.Swainson_Warbler -> 155.Warbling_Vireo, 135.Bank_Swallow/Bank_Swallow_0014_129668.jpg:135.Bank_Swallow -> 155.Warbling_Vireo, 155.Warbling_Vireo/Warbling_Vireo_0090_158403.jpg:155.Warbling_Vireo -> 114.Black_throated_Sparrow, 155.Warbling_Vireo/Warbling_Vireo_0004_158376.jpg:155.Warbling_Vireo -> 152.Blue_headed_Vireo, 155.Warbling_Vireo/Warbling_Vireo_0099_158744.jpg:155.Warbling_Vireo -> 102.Western_Wood_Pewee, 
156.White_eyed_Vireo/White_Eyed_Vireo_0085_159119.jpg:156.White_eyed_Vireo -> 186.Cedar_Waxwing, 156.White_eyed_Vireo/White_Eyed_Vireo_0029_159334.jpg:156.White_eyed_Vireo -> 153.Philadelphia_Vireo, 156.White_eyed_Vireo/White_Eyed_Vireo_0001_159237.jpg:156.White_eyed_Vireo -> 153.Philadelphia_Vireo, 156.White_eyed_Vireo/White_Eyed_Vireo_0051_159033.jpg:156.White_eyed_Vireo -> 173.Orange_crowned_Warbler, 156.White_eyed_Vireo/White_Eyed_Vireo_0022_159037.jpg:156.White_eyed_Vireo -> 158.Bay_breasted_Warbler, 156.White_eyed_Vireo/White_Eyed_Vireo_0022_159037.jpg:156.White_eyed_Vireo -> 158.Bay_breasted_Warbler, 
157.Yellow_throated_Vireo/Yellow_Throated_Vireo_0020_159634.jpg:157.Yellow_throated_Vireo -> 112.Great_Grey_Shrike, 157.Yellow_throated_Vireo/Yellow_Throated_Vireo_0035_794991.jpg:157.Yellow_throated_Vireo -> 189.Red_bellied_Woodpecker, 157.Yellow_throated_Vireo/Yellow_Throated_Vireo_0052_794973.jpg:157.Yellow_throated_Vireo -> 158.Bay_breasted_Warbler, 157.Yellow_throated_Vireo/Yellow_Throated_Vireo_0050_794979.jpg:157.Yellow_throated_Vireo -> 162.Canada_Warbler, 157.Yellow_throated_Vireo/Yellow_Throated_Vireo_0025_795009.jpg:157.Yellow_throated_Vireo -> 148.Green_tailed_Towhee, 157.Yellow_throated_Vireo/Yellow_Throated_Vireo_0057_159570.jpg:157.Yellow_throated_Vireo -> 170.Mourning_Warbler, 
124.Le_Conte_Sparrow/Le_Conte_Sparrow_0023_795156.jpg:124.Le_Conte_Sparrow -> 158.Bay_breasted_Warbler, 126.Nelson_Sharp_tailed_Sparrow/Nelson_Sharp_Tailed_Sparrow_0051_796902.jpg:126.Nelson_Sharp_tailed_Sparrow -> 158.Bay_breasted_Warbler, 176.Prairie_Warbler/Prairie_Warbler_0075_172709.jpg:176.Prairie_Warbler -> 158.Bay_breasted_Warbler, 158.Bay_breasted_Warbler/Bay_Breasted_Warbler_0081_159963.jpg:158.Bay_breasted_Warbler -> 173.Orange_crowned_Warbler, 158.Bay_breasted_Warbler/Bay_Breasted_Warbler_0087_797122.jpg:158.Bay_breasted_Warbler -> 158.Bay_breasted_Warbler, 158.Bay_breasted_Warbler/Bay_Breasted_Warbler_0020_159737.jpg:158.Bay_breasted_Warbler -> 158.Bay_breasted_Warbler, 
159.Black_and_white_Warbler/Black_And_White_Warbler_0074_160361.jpg:159.Black_and_white_Warbler -> 186.Cedar_Waxwing, 159.Black_and_white_Warbler/Black_And_White_Warbler_0031_160773.jpg:159.Black_and_white_Warbler -> 138.Tree_Swallow, 159.Black_and_white_Warbler/Black_And_White_Warbler_0081_110906.jpg:159.Black_and_white_Warbler -> 116.Chipping_Sparrow, 159.Black_and_white_Warbler/Black_And_White_Warbler_0007_160758.jpg:159.Black_and_white_Warbler -> 138.Tree_Swallow, 159.Black_and_white_Warbler/Black_And_White_Warbler_0122_160106.jpg:159.Black_and_white_Warbler -> 110.Geococcyx, 159.Black_and_white_Warbler/Black_And_White_Warbler_0091_160896.jpg:159.Black_and_white_Warbler -> 197.Marsh_Wren, 
102.Western_Wood_Pewee/Western_Wood_Pewee_0037_98127.jpg:102.Western_Wood_Pewee -> 160.Black_throated_Blue_Warbler, 109.American_Redstart/American_Redstart_0026_103729.jpg:109.American_Redstart -> 160.Black_throated_Blue_Warbler, 181.Worm_eating_Warbler/Worm_Eating_Warbler_0072_795559.jpg:181.Worm_eating_Warbler -> 160.Black_throated_Blue_Warbler, 160.Black_throated_Blue_Warbler/Black_Throated_Blue_Warbler_0072_161636.jpg:160.Black_throated_Blue_Warbler -> 152.Blue_headed_Vireo, 160.Black_throated_Blue_Warbler/Black_Throated_Blue_Warbler_0053_161684.jpg:160.Black_throated_Blue_Warbler -> 134.Cape_Glossy_Starling, 160.Black_throated_Blue_Warbler/Black_Throated_Blue_Warbler_0126_161724.jpg:160.Black_throated_Blue_Warbler -> 152.Blue_headed_Vireo, 
161.Blue_winged_Warbler/Blue_Winged_Warbler_0040_161883.jpg:161.Blue_winged_Warbler -> 175.Pine_Warbler, 161.Blue_winged_Warbler/Blue_Winged_Warbler_0071_161900.jpg:161.Blue_winged_Warbler -> 186.Cedar_Waxwing, 161.Blue_winged_Warbler/Blue_Winged_Warbler_0052_161739.jpg:161.Blue_winged_Warbler -> 172.Nashville_Warbler, 161.Blue_winged_Warbler/Blue_Winged_Warbler_0056_162013.jpg:161.Blue_winged_Warbler -> 177.Prothonotary_Warbler, 161.Blue_winged_Warbler/Blue_Winged_Warbler_0094_161790.jpg:161.Blue_winged_Warbler -> 186.Cedar_Waxwing, 161.Blue_winged_Warbler/Blue_Winged_Warbler_0021_161858.jpg:161.Blue_winged_Warbler -> 177.Prothonotary_Warbler, 
168.Kentucky_Warbler/Kentucky_Warbler_0038_795909.jpg:168.Kentucky_Warbler -> 162.Canada_Warbler, 191.Red_headed_Woodpecker/Red_Headed_Woodpecker_0024_183297.jpg:191.Red_headed_Woodpecker -> 162.Canada_Warbler, 162.Canada_Warbler/Canada_Warbler_0048_162326.jpg:162.Canada_Warbler -> 162.Canada_Warbler, 162.Canada_Warbler/Canada_Warbler_0005_162389.jpg:162.Canada_Warbler -> 195.Carolina_Wren, 162.Canada_Warbler/Canada_Warbler_0114_162396.jpg:162.Canada_Warbler -> 169.Magnolia_Warbler, 162.Canada_Warbler/Canada_Warbler_0122_162219.jpg:162.Canada_Warbler -> 140.Summer_Tanager, 
158.Bay_breasted_Warbler/Bay_Breasted_Warbler_0057_159818.jpg:158.Bay_breasted_Warbler -> 163.Cape_May_Warbler, 165.Chestnut_sided_Warbler/Chestnut_Sided_Warbler_0083_164056.jpg:165.Chestnut_sided_Warbler -> 163.Cape_May_Warbler, 163.Cape_May_Warbler/Cape_May_Warbler_0005_163197.jpg:163.Cape_May_Warbler -> 163.Cape_May_Warbler, 163.Cape_May_Warbler/Cape_May_Warbler_0055_163171.jpg:163.Cape_May_Warbler -> 119.Field_Sparrow, 163.Cape_May_Warbler/Cape_May_Warbler_0122_163131.jpg:163.Cape_May_Warbler -> 140.Summer_Tanager, 163.Cape_May_Warbler/Cape_May_Warbler_0067_162539.jpg:163.Cape_May_Warbler -> 158.Bay_breasted_Warbler, 
112.Great_Grey_Shrike/Great_Grey_Shrike_0023_106670.jpg:112.Great_Grey_Shrike -> 164.Cerulean_Warbler, 164.Cerulean_Warbler/Cerulean_Warbler_0087_163451.jpg:164.Cerulean_Warbler -> 164.Cerulean_Warbler, 192.Downy_Woodpecker/Downy_Woodpecker_0037_183968.jpg:192.Downy_Woodpecker -> 164.Cerulean_Warbler, 164.Cerulean_Warbler/Cerulean_Warbler_0053_797197.jpg:164.Cerulean_Warbler -> 186.Cedar_Waxwing, 164.Cerulean_Warbler/Cerulean_Warbler_0046_797222.jpg:164.Cerulean_Warbler -> 114.Black_throated_Sparrow, 164.Cerulean_Warbler/Cerulean_Warbler_0092_163455.jpg:164.Cerulean_Warbler -> 114.Black_throated_Sparrow, 
165.Chestnut_sided_Warbler/Chestnut_Sided_Warbler_0066_164078.jpg:165.Chestnut_sided_Warbler -> 165.Chestnut_sided_Warbler, 182.Yellow_Warbler/Yellow_Warbler_0071_176655.jpg:182.Yellow_Warbler -> 165.Chestnut_sided_Warbler, 165.Chestnut_sided_Warbler/Chestnut_Sided_Warbler_0004_164279.jpg:165.Chestnut_sided_Warbler -> 165.Chestnut_sided_Warbler, 165.Chestnut_sided_Warbler/Chestnut_Sided_Warbler_0083_164056.jpg:165.Chestnut_sided_Warbler -> 163.Cape_May_Warbler, 165.Chestnut_sided_Warbler/Chestnut_Sided_Warbler_0107_164040.jpg:165.Chestnut_sided_Warbler -> 155.Warbling_Vireo, 165.Chestnut_sided_Warbler/Chestnut_Sided_Warbler_0121_164125.jpg:165.Chestnut_sided_Warbler -> 165.Chestnut_sided_Warbler, 
166.Golden_winged_Warbler/Golden_Winged_Warbler_0060_164368.jpg:166.Golden_winged_Warbler -> 153.Philadelphia_Vireo, 166.Golden_winged_Warbler/Golden_Winged_Warbler_0037_794839.jpg:166.Golden_winged_Warbler -> 189.Red_bellied_Woodpecker, 166.Golden_winged_Warbler/Golden_Winged_Warbler_0035_164362.jpg:166.Golden_winged_Warbler -> 112.Great_Grey_Shrike, 166.Golden_winged_Warbler/Golden_Winged_Warbler_0067_794846.jpg:166.Golden_winged_Warbler -> 163.Cape_May_Warbler, 166.Golden_winged_Warbler/Golden_Winged_Warbler_0003_164469.jpg:166.Golden_winged_Warbler -> 162.Canada_Warbler, 166.Golden_winged_Warbler/Golden_Winged_Warbler_0095_794809.jpg:166.Golden_winged_Warbler -> 186.Cedar_Waxwing, 
167.Hooded_Warbler/Hooded_Warbler_0115_165041.jpg:167.Hooded_Warbler -> 140.Summer_Tanager, 167.Hooded_Warbler/Hooded_Warbler_0134_164708.jpg:167.Hooded_Warbler -> 162.Canada_Warbler, 167.Hooded_Warbler/Hooded_Warbler_0116_164630.jpg:167.Hooded_Warbler -> 186.Cedar_Waxwing, 167.Hooded_Warbler/Hooded_Warbler_0050_164662.jpg:167.Hooded_Warbler -> 169.Magnolia_Warbler, 167.Hooded_Warbler/Hooded_Warbler_0041_164807.jpg:167.Hooded_Warbler -> 177.Prothonotary_Warbler, 167.Hooded_Warbler/Hooded_Warbler_0112_164650.jpg:167.Hooded_Warbler -> 177.Prothonotary_Warbler, 
168.Kentucky_Warbler/Kentucky_Warbler_0048_165360.jpg:168.Kentucky_Warbler -> 162.Canada_Warbler, 168.Kentucky_Warbler/Kentucky_Warbler_0008_165369.jpg:168.Kentucky_Warbler -> 162.Canada_Warbler, 168.Kentucky_Warbler/Kentucky_Warbler_0079_165339.jpg:168.Kentucky_Warbler -> 140.Summer_Tanager, 168.Kentucky_Warbler/Kentucky_Warbler_0004_165358.jpg:168.Kentucky_Warbler -> 170.Mourning_Warbler, 168.Kentucky_Warbler/Kentucky_Warbler_0035_795878.jpg:168.Kentucky_Warbler -> 186.Cedar_Waxwing, 168.Kentucky_Warbler/Kentucky_Warbler_0047_165298.jpg:168.Kentucky_Warbler -> 140.Summer_Tanager, 
162.Canada_Warbler/Canada_Warbler_0087_162342.jpg:162.Canada_Warbler -> 169.Magnolia_Warbler, 176.Prairie_Warbler/Prairie_Warbler_0130_172609.jpg:176.Prairie_Warbler -> 169.Magnolia_Warbler, 166.Golden_winged_Warbler/Golden_Winged_Warbler_0052_164529.jpg:166.Golden_winged_Warbler -> 169.Magnolia_Warbler, 169.Magnolia_Warbler/Magnolia_Warbler_0032_165960.jpg:169.Magnolia_Warbler -> 153.Philadelphia_Vireo, 169.Magnolia_Warbler/Magnolia_Warbler_0004_165535.jpg:169.Magnolia_Warbler -> 113.Baird_Sparrow, 169.Magnolia_Warbler/Magnolia_Warbler_0046_166150.jpg:169.Magnolia_Warbler -> 175.Pine_Warbler, 
154.Red_eyed_Vireo/Red_Eyed_Vireo_0025_157173.jpg:154.Red_eyed_Vireo -> 170.Mourning_Warbler, 170.Mourning_Warbler/Mourning_Warbler_0064_166447.jpg:170.Mourning_Warbler -> 170.Mourning_Warbler, 142.Black_Tern/Black_Tern_0100_144597.jpg:142.Black_Tern -> 170.Mourning_Warbler, 170.Mourning_Warbler/Mourning_Warbler_0077_166567.jpg:170.Mourning_Warbler -> 114.Black_throated_Sparrow, 170.Mourning_Warbler/Mourning_Warbler_0025_166608.jpg:170.Mourning_Warbler -> 170.Mourning_Warbler, 170.Mourning_Warbler/Mourning_Warbler_0008_166467.jpg:170.Mourning_Warbler -> 102.Western_Wood_Pewee, 
171.Myrtle_Warbler/Myrtle_Warbler_0112_166754.jpg:171.Myrtle_Warbler -> 155.Warbling_Vireo, 171.Myrtle_Warbler/Myrtle_Warbler_0113_166834.jpg:171.Myrtle_Warbler -> 150.Sage_Thrasher, 171.Myrtle_Warbler/Myrtle_Warbler_0098_166794.jpg:171.Myrtle_Warbler -> 148.Green_tailed_Towhee, 171.Myrtle_Warbler/Myrtle_Warbler_0061_166816.jpg:171.Myrtle_Warbler -> 119.Field_Sparrow, 171.Myrtle_Warbler/Myrtle_Warbler_0077_166749.jpg:171.Myrtle_Warbler -> 148.Green_tailed_Towhee, 171.Myrtle_Warbler/Myrtle_Warbler_0089_166896.jpg:171.Myrtle_Warbler -> 148.Green_tailed_Towhee, 
165.Chestnut_sided_Warbler/Chestnut_Sided_Warbler_0001_163813.jpg:165.Chestnut_sided_Warbler -> 172.Nashville_Warbler, 170.Mourning_Warbler/Mourning_Warbler_0007_166500.jpg:170.Mourning_Warbler -> 172.Nashville_Warbler, 162.Canada_Warbler/Canada_Warbler_0104_162345.jpg:162.Canada_Warbler -> 172.Nashville_Warbler, 172.Nashville_Warbler/Nashville_Warbler_0068_167266.jpg:172.Nashville_Warbler -> 173.Orange_crowned_Warbler, 172.Nashville_Warbler/Nashville_Warbler_0103_167455.jpg:172.Nashville_Warbler -> 191.Red_headed_Woodpecker, 172.Nashville_Warbler/Nashville_Warbler_0029_167044.jpg:172.Nashville_Warbler -> 153.Philadelphia_Vireo, 
155.Warbling_Vireo/Warbling_Vireo_0107_158453.jpg:155.Warbling_Vireo -> 173.Orange_crowned_Warbler, 154.Red_eyed_Vireo/Red_Eyed_Vireo_0058_156965.jpg:154.Red_eyed_Vireo -> 173.Orange_crowned_Warbler, 156.White_eyed_Vireo/White_Eyed_Vireo_0091_159045.jpg:156.White_eyed_Vireo -> 173.Orange_crowned_Warbler, 173.Orange_crowned_Warbler/Orange_Crowned_Warbler_0094_167584.jpg:173.Orange_crowned_Warbler -> 173.Orange_crowned_Warbler, 173.Orange_crowned_Warbler/Orange_Crowned_Warbler_0066_167949.jpg:173.Orange_crowned_Warbler -> 170.Mourning_Warbler, 173.Orange_crowned_Warbler/Orange_Crowned_Warbler_0062_168119.jpg:173.Orange_crowned_Warbler -> 153.Philadelphia_Vireo, 
174.Palm_Warbler/Palm_Warbler_0001_170297.jpg:174.Palm_Warbler -> 150.Sage_Thrasher, 174.Palm_Warbler/Palm_Warbler_0006_169429.jpg:174.Palm_Warbler -> 119.Field_Sparrow, 174.Palm_Warbler/Palm_Warbler_0110_169490.jpg:174.Palm_Warbler -> 170.Mourning_Warbler, 174.Palm_Warbler/Palm_Warbler_0108_169426.jpg:174.Palm_Warbler -> 158.Bay_breasted_Warbler, 174.Palm_Warbler/Palm_Warbler_0134_168943.jpg:174.Palm_Warbler -> 115.Brewer_Sparrow, 174.Palm_Warbler/Palm_Warbler_0047_169354.jpg:174.Palm_Warbler -> 149.Brown_Thrasher, 
176.Prairie_Warbler/Prairie_Warbler_0086_172534.jpg:176.Prairie_Warbler -> 175.Pine_Warbler, 175.Pine_Warbler/Pine_Warbler_0105_170983.jpg:175.Pine_Warbler -> 175.Pine_Warbler, 182.Yellow_Warbler/Yellow_Warbler_0088_176336.jpg:182.Yellow_Warbler -> 175.Pine_Warbler, 175.Pine_Warbler/Pine_Warbler_0007_171523.jpg:175.Pine_Warbler -> 158.Bay_breasted_Warbler, 175.Pine_Warbler/Pine_Warbler_0025_171110.jpg:175.Pine_Warbler -> 175.Pine_Warbler, 175.Pine_Warbler/Pine_Warbler_0085_170981.jpg:175.Pine_Warbler -> 175.Pine_Warbler, 
176.Prairie_Warbler/Prairie_Warbler_0025_165306.jpg:176.Prairie_Warbler -> 162.Canada_Warbler, 176.Prairie_Warbler/Prairie_Warbler_0009_173022.jpg:176.Prairie_Warbler -> 139.Scarlet_Tanager, 176.Prairie_Warbler/Prairie_Warbler_0031_172818.jpg:176.Prairie_Warbler -> 173.Orange_crowned_Warbler, 176.Prairie_Warbler/Prairie_Warbler_0002_172622.jpg:176.Prairie_Warbler -> 163.Cape_May_Warbler, 176.Prairie_Warbler/Prairie_Warbler_0029_172618.jpg:176.Prairie_Warbler -> 158.Bay_breasted_Warbler, 176.Prairie_Warbler/Prairie_Warbler_0063_172682.jpg:176.Prairie_Warbler -> 170.Mourning_Warbler, 
167.Hooded_Warbler/Hooded_Warbler_0125_164925.jpg:167.Hooded_Warbler -> 177.Prothonotary_Warbler, 167.Hooded_Warbler/Hooded_Warbler_0041_164807.jpg:167.Hooded_Warbler -> 177.Prothonotary_Warbler, 161.Blue_winged_Warbler/Blue_Winged_Warbler_0017_161878.jpg:161.Blue_winged_Warbler -> 177.Prothonotary_Warbler, 177.Prothonotary_Warbler/Prothonotary_Warbler_0079_173899.jpg:177.Prothonotary_Warbler -> 153.Philadelphia_Vireo, 177.Prothonotary_Warbler/Prothonotary_Warbler_0055_173419.jpg:177.Prothonotary_Warbler -> 162.Canada_Warbler, 177.Prothonotary_Warbler/Prothonotary_Warbler_0112_174594.jpg:177.Prothonotary_Warbler -> 177.Prothonotary_Warbler, 
178.Swainson_Warbler/Swainson_Warbler_0026_794884.jpg:178.Swainson_Warbler -> 115.Brewer_Sparrow, 178.Swainson_Warbler/Swainson_Warbler_0024_794885.jpg:178.Swainson_Warbler -> 170.Mourning_Warbler, 178.Swainson_Warbler/Swainson_Warbler_0003_794866.jpg:178.Swainson_Warbler -> 165.Chestnut_sided_Warbler, 178.Swainson_Warbler/Swainson_Warbler_0033_794856.jpg:178.Swainson_Warbler -> 113.Baird_Sparrow, 178.Swainson_Warbler/Swainson_Warbler_0003_794866.jpg:178.Swainson_Warbler -> 165.Chestnut_sided_Warbler, 178.Swainson_Warbler/Swainson_Warbler_0027_794877.jpg:178.Swainson_Warbler -> 102.Western_Wood_Pewee, 
179.Tennessee_Warbler/Tennessee_Warbler_0085_156530.jpg:179.Tennessee_Warbler -> 153.Philadelphia_Vireo, 179.Tennessee_Warbler/Tennessee_Warbler_0100_175168.jpg:179.Tennessee_Warbler -> 148.Green_tailed_Towhee, 179.Tennessee_Warbler/Tennessee_Warbler_0092_174810.jpg:179.Tennessee_Warbler -> 169.Magnolia_Warbler, 179.Tennessee_Warbler/Tennessee_Warbler_0092_174810.jpg:179.Tennessee_Warbler -> 169.Magnolia_Warbler, 179.Tennessee_Warbler/Tennessee_Warbler_0004_174997.jpg:179.Tennessee_Warbler -> 149.Brown_Thrasher, 179.Tennessee_Warbler/Tennessee_Warbler_0089_174764.jpg:179.Tennessee_Warbler -> 191.Red_headed_Woodpecker, 
180.Wilson_Warbler/Wilson_Warbler_0107_175320.jpg:180.Wilson_Warbler -> 177.Prothonotary_Warbler, 180.Wilson_Warbler/Wilson_Warbler_0047_175304.jpg:180.Wilson_Warbler -> 177.Prothonotary_Warbler, 180.Wilson_Warbler/Wilson_Warbler_0050_175573.jpg:180.Wilson_Warbler -> 140.Summer_Tanager, 180.Wilson_Warbler/Wilson_Warbler_0134_175374.jpg:180.Wilson_Warbler -> 177.Prothonotary_Warbler, 180.Wilson_Warbler/Wilson_Warbler_0027_175290.jpg:180.Wilson_Warbler -> 170.Mourning_Warbler, 180.Wilson_Warbler/Wilson_Warbler_0129_175256.jpg:180.Wilson_Warbler -> 186.Cedar_Waxwing, 
181.Worm_eating_Warbler/Worm_Eating_Warbler_0013_795534.jpg:181.Worm_eating_Warbler -> 153.Philadelphia_Vireo, 181.Worm_eating_Warbler/Worm_Eating_Warbler_0078_795532.jpg:181.Worm_eating_Warbler -> 153.Philadelphia_Vireo, 181.Worm_eating_Warbler/Worm_Eating_Warbler_0069_176055.jpg:181.Worm_eating_Warbler -> 195.Carolina_Wren, 181.Worm_eating_Warbler/Worm_Eating_Warbler_0011_795566.jpg:181.Worm_eating_Warbler -> 152.Blue_headed_Vireo, 181.Worm_eating_Warbler/Worm_Eating_Warbler_0055_795555.jpg:181.Worm_eating_Warbler -> 153.Philadelphia_Vireo, 181.Worm_eating_Warbler/Worm_Eating_Warbler_0027_176062.jpg:181.Worm_eating_Warbler -> 165.Chestnut_sided_Warbler, 
182.Yellow_Warbler/Yellow_Warbler_0021_176421.jpg:182.Yellow_Warbler -> 186.Cedar_Waxwing, 182.Yellow_Warbler/Yellow_Warbler_0087_176591.jpg:182.Yellow_Warbler -> 177.Prothonotary_Warbler, 182.Yellow_Warbler/Yellow_Warbler_0101_176864.jpg:182.Yellow_Warbler -> 140.Summer_Tanager, 182.Yellow_Warbler/Yellow_Warbler_0101_176864.jpg:182.Yellow_Warbler -> 140.Summer_Tanager, 182.Yellow_Warbler/Yellow_Warbler_0112_176301.jpg:182.Yellow_Warbler -> 170.Mourning_Warbler, 182.Yellow_Warbler/Yellow_Warbler_0014_176414.jpg:182.Yellow_Warbler -> 158.Bay_breasted_Warbler, 
183.Northern_Waterthrush/Northern_Waterthrush_0020_177149.jpg:183.Northern_Waterthrush -> 183.Northern_Waterthrush, 194.Cactus_Wren/Cactus_Wren_0002_185680.jpg:194.Cactus_Wren -> 183.Northern_Waterthrush, 120.Fox_Sparrow/Fox_Sparrow_0110_115172.jpg:120.Fox_Sparrow -> 183.Northern_Waterthrush, 183.Northern_Waterthrush/Northern_Waterthrush_0061_177172.jpg:183.Northern_Waterthrush -> 102.Western_Wood_Pewee, 183.Northern_Waterthrush/Northern_Waterthrush_0049_177173.jpg:183.Northern_Waterthrush -> 148.Green_tailed_Towhee, 183.Northern_Waterthrush/Northern_Waterthrush_0087_177148.jpg:183.Northern_Waterthrush -> 123.Henslow_Sparrow, 
184.Louisiana_Waterthrush/Louisiana_Waterthrush_0068_177462.jpg:184.Louisiana_Waterthrush -> 197.Marsh_Wren, 184.Louisiana_Waterthrush/Louisiana_Waterthrush_0060_177583.jpg:184.Louisiana_Waterthrush -> 110.Geococcyx, 184.Louisiana_Waterthrush/Louisiana_Waterthrush_0015_177515.jpg:184.Louisiana_Waterthrush -> 113.Baird_Sparrow, 184.Louisiana_Waterthrush/Louisiana_Waterthrush_0033_795281.jpg:184.Louisiana_Waterthrush -> 131.Vesper_Sparrow, 184.Louisiana_Waterthrush/Louisiana_Waterthrush_0047_177523.jpg:184.Louisiana_Waterthrush -> 149.Brown_Thrasher, 184.Louisiana_Waterthrush/Louisiana_Waterthrush_0033_795281.jpg:184.Louisiana_Waterthrush -> 131.Vesper_Sparrow, 
112.Great_Grey_Shrike/Great_Grey_Shrike_0048_106754.jpg:112.Great_Grey_Shrike -> 185.Bohemian_Waxwing, 141.Artic_Tern/Artic_Tern_0129_141395.jpg:141.Artic_Tern -> 185.Bohemian_Waxwing, 185.Bohemian_Waxwing/Bohemian_Waxwing_0095_177709.jpg:185.Bohemian_Waxwing -> 185.Bohemian_Waxwing, 185.Bohemian_Waxwing/Bohemian_Waxwing_0019_177684.jpg:185.Bohemian_Waxwing -> 185.Bohemian_Waxwing, 185.Bohemian_Waxwing/Bohemian_Waxwing_0095_177709.jpg:185.Bohemian_Waxwing -> 185.Bohemian_Waxwing, 185.Bohemian_Waxwing/Bohemian_Waxwing_0119_177942.jpg:185.Bohemian_Waxwing -> 185.Bohemian_Waxwing, 
111.Loggerhead_Shrike/Loggerhead_Shrike_0115_105575.jpg:111.Loggerhead_Shrike -> 186.Cedar_Waxwing, 109.American_Redstart/American_Redstart_0045_102823.jpg:109.American_Redstart -> 186.Cedar_Waxwing, 177.Prothonotary_Warbler/Prothonotary_Warbler_0038_173867.jpg:177.Prothonotary_Warbler -> 186.Cedar_Waxwing, 186.Cedar_Waxwing/Cedar_Waxwing_0010_178891.jpg:186.Cedar_Waxwing -> 169.Magnolia_Warbler, 186.Cedar_Waxwing/Cedar_Waxwing_0030_178202.jpg:186.Cedar_Waxwing -> 186.Cedar_Waxwing, 186.Cedar_Waxwing/Cedar_Waxwing_0053_178892.jpg:186.Cedar_Waxwing -> 185.Bohemian_Waxwing, 
187.American_Three_toed_Woodpecker/American_Three_Toed_Woodpecker_0004_179908.jpg:187.American_Three_toed_Woodpecker -> 187.American_Three_toed_Woodpecker, 194.Cactus_Wren/Cactus_Wren_0030_185798.jpg:194.Cactus_Wren -> 187.American_Three_toed_Woodpecker, 190.Red_cockaded_Woodpecker/Red_Cockaded_Woodpecker_0017_794712.jpg:190.Red_cockaded_Woodpecker -> 187.American_Three_toed_Woodpecker, 187.American_Three_toed_Woodpecker/American_Three_Toed_Woodpecker_0013_179833.jpg:187.American_Three_toed_Woodpecker -> 187.American_Three_toed_Woodpecker, 187.American_Three_toed_Woodpecker/American_Three_Toed_Woodpecker_0029_796143.jpg:187.American_Three_toed_Woodpecker -> 187.American_Three_toed_Woodpecker, 187.American_Three_toed_Woodpecker/American_Three_Toed_Woodpecker_0047_796185.jpg:187.American_Three_toed_Woodpecker -> 198.Rock_Wren, 
132.White_crowned_Sparrow/White_Crowned_Sparrow_0107_128662.jpg:132.White_crowned_Sparrow -> 188.Pileated_Woodpecker, 190.Red_cockaded_Woodpecker/Red_Cockaded_Woodpecker_0014_794718.jpg:190.Red_cockaded_Woodpecker -> 188.Pileated_Woodpecker, 188.Pileated_Woodpecker/Pileated_Woodpecker_0004_180307.jpg:188.Pileated_Woodpecker -> 188.Pileated_Woodpecker, 188.Pileated_Woodpecker/Pileated_Woodpecker_0081_180249.jpg:188.Pileated_Woodpecker -> 188.Pileated_Woodpecker, 188.Pileated_Woodpecker/Pileated_Woodpecker_0039_180012.jpg:188.Pileated_Woodpecker -> 188.Pileated_Woodpecker, 188.Pileated_Woodpecker/Pileated_Woodpecker_0065_180324.jpg:188.Pileated_Woodpecker -> 188.Pileated_Woodpecker, 
131.Vesper_Sparrow/Vesper_Sparrow_0067_125429.jpg:131.Vesper_Sparrow -> 189.Red_bellied_Woodpecker, 173.Orange_crowned_Warbler/Orange_Crowned_Warbler_0079_168372.jpg:173.Orange_crowned_Warbler -> 189.Red_bellied_Woodpecker, 188.Pileated_Woodpecker/Pileated_Woodpecker_0060_180443.jpg:188.Pileated_Woodpecker -> 189.Red_bellied_Woodpecker, 189.Red_bellied_Woodpecker/Red_Bellied_Woodpecker_0077_182334.jpg:189.Red_bellied_Woodpecker -> 138.Tree_Swallow, 189.Red_bellied_Woodpecker/Red_Bellied_Woodpecker_0108_180956.jpg:189.Red_bellied_Woodpecker -> 189.Red_bellied_Woodpecker, 189.Red_bellied_Woodpecker/Red_Bellied_Woodpecker_0017_181131.jpg:189.Red_bellied_Woodpecker -> 137.Cliff_Swallow, 
195.Carolina_Wren/Carolina_Wren_0020_186702.jpg:195.Carolina_Wren -> 190.Red_cockaded_Woodpecker, 196.House_Wren/House_Wren_0087_187946.jpg:196.House_Wren -> 190.Red_cockaded_Woodpecker, 159.Black_and_white_Warbler/Black_And_White_Warbler_0034_160695.jpg:159.Black_and_white_Warbler -> 190.Red_cockaded_Woodpecker, 190.Red_cockaded_Woodpecker/Red_Cockaded_Woodpecker_0024_794708.jpg:190.Red_cockaded_Woodpecker -> 105.Whip_poor_Will, 190.Red_cockaded_Woodpecker/Red_Cockaded_Woodpecker_0040_182502.jpg:190.Red_cockaded_Woodpecker -> 185.Bohemian_Waxwing, 190.Red_cockaded_Woodpecker/Red_Cockaded_Woodpecker_0054_794699.jpg:190.Red_cockaded_Woodpecker -> 105.Whip_poor_Will, 
149.Brown_Thrasher/Brown_Thrasher_0033_155156.jpg:149.Brown_Thrasher -> 191.Red_headed_Woodpecker, 109.American_Redstart/American_Redstart_0020_104027.jpg:109.American_Redstart -> 191.Red_headed_Woodpecker, 157.Yellow_throated_Vireo/Yellow_Throated_Vireo_0007_794972.jpg:157.Yellow_throated_Vireo -> 191.Red_headed_Woodpecker, 191.Red_headed_Woodpecker/Red_Headed_Woodpecker_0051_182724.jpg:191.Red_headed_Woodpecker -> 137.Cliff_Swallow, 191.Red_headed_Woodpecker/Red_Headed_Woodpecker_0086_182715.jpg:191.Red_headed_Woodpecker -> 142.Black_Tern, 191.Red_headed_Woodpecker/Red_Headed_Woodpecker_0073_182784.jpg:191.Red_headed_Woodpecker -> 191.Red_headed_Woodpecker, 
137.Cliff_Swallow/Cliff_Swallow_0069_133521.jpg:137.Cliff_Swallow -> 192.Downy_Woodpecker, 154.Red_eyed_Vireo/Red_Eyed_Vireo_0073_156944.jpg:154.Red_eyed_Vireo -> 192.Downy_Woodpecker, 190.Red_cockaded_Woodpecker/Red_Cockaded_Woodpecker_0038_794719.jpg:190.Red_cockaded_Woodpecker -> 192.Downy_Woodpecker, 192.Downy_Woodpecker/Downy_Woodpecker_0048_184164.jpg:192.Downy_Woodpecker -> 185.Bohemian_Waxwing, 192.Downy_Woodpecker/Downy_Woodpecker_0102_184263.jpg:192.Downy_Woodpecker -> 192.Downy_Woodpecker, 192.Downy_Woodpecker/Downy_Woodpecker_0031_184120.jpg:192.Downy_Woodpecker -> 138.Tree_Swallow, 
193.Bewick_Wren/Bewick_Wren_0081_185080.jpg:193.Bewick_Wren -> 132.White_crowned_Sparrow, 193.Bewick_Wren/Bewick_Wren_0056_184834.jpg:193.Bewick_Wren -> 149.Brown_Thrasher, 193.Bewick_Wren/Bewick_Wren_0099_185288.jpg:193.Bewick_Wren -> 172.Nashville_Warbler, 193.Bewick_Wren/Bewick_Wren_0005_184699.jpg:193.Bewick_Wren -> 105.Whip_poor_Will, 193.Bewick_Wren/Bewick_Wren_0016_184999.jpg:193.Bewick_Wren -> 110.Geococcyx, 193.Bewick_Wren/Bewick_Wren_0049_185339.jpg:193.Bewick_Wren -> 195.Carolina_Wren, 
194.Cactus_Wren/Cactus_Wren_0007_185634.jpg:194.Cactus_Wren -> 194.Cactus_Wren, 190.Red_cockaded_Woodpecker/Red_Cockaded_Woodpecker_0012_794697.jpg:190.Red_cockaded_Woodpecker -> 194.Cactus_Wren, 195.Carolina_Wren/Carolina_Wren_0051_186510.jpg:195.Carolina_Wren -> 194.Cactus_Wren, 194.Cactus_Wren/Cactus_Wren_0079_185560.jpg:194.Cactus_Wren -> 187.American_Three_toed_Woodpecker, 194.Cactus_Wren/Cactus_Wren_0097_186015.jpg:194.Cactus_Wren -> 110.Geococcyx, 194.Cactus_Wren/Cactus_Wren_0040_185859.jpg:194.Cactus_Wren -> 150.Sage_Thrasher, 
165.Chestnut_sided_Warbler/Chestnut_Sided_Warbler_0005_164061.jpg:165.Chestnut_sided_Warbler -> 195.Carolina_Wren, 197.Marsh_Wren/Marsh_Wren_0094_188710.jpg:197.Marsh_Wren -> 195.Carolina_Wren, 197.Marsh_Wren/Marsh_Wren_0103_188483.jpg:197.Marsh_Wren -> 195.Carolina_Wren, 195.Carolina_Wren/Carolina_Wren_0128_186581.jpg:195.Carolina_Wren -> 169.Magnolia_Warbler, 195.Carolina_Wren/Carolina_Wren_0066_186818.jpg:195.Carolina_Wren -> 195.Carolina_Wren, 195.Carolina_Wren/Carolina_Wren_0073_186587.jpg:195.Carolina_Wren -> 149.Brown_Thrasher, 
196.House_Wren/House_Wren_0122_187331.jpg:196.House_Wren -> 102.Western_Wood_Pewee, 196.House_Wren/House_Wren_0092_187100.jpg:196.House_Wren -> 190.Red_cockaded_Woodpecker, 196.House_Wren/House_Wren_0001_188047.jpg:196.House_Wren -> 194.Cactus_Wren, 196.House_Wren/House_Wren_0016_188006.jpg:196.House_Wren -> 155.Warbling_Vireo, 196.House_Wren/House_Wren_0085_187723.jpg:196.House_Wren -> 102.Western_Wood_Pewee, 196.House_Wren/House_Wren_0047_188036.jpg:196.House_Wren -> 197.Marsh_Wren, 
197.Marsh_Wren/Marsh_Wren_0033_188778.jpg:197.Marsh_Wren -> 197.Marsh_Wren, 198.Rock_Wren/Rock_Wren_0037_189256.jpg:198.Rock_Wren -> 197.Marsh_Wren, 193.Bewick_Wren/Bewick_Wren_0107_184908.jpg:193.Bewick_Wren -> 197.Marsh_Wren, 197.Marsh_Wren/Marsh_Wren_0055_188123.jpg:197.Marsh_Wren -> 131.Vesper_Sparrow, 197.Marsh_Wren/Marsh_Wren_0042_188195.jpg:197.Marsh_Wren -> 115.Brewer_Sparrow, 197.Marsh_Wren/Marsh_Wren_0071_188111.jpg:197.Marsh_Wren -> 102.Western_Wood_Pewee, 
150.Sage_Thrasher/Sage_Thrasher_0036_796444.jpg:150.Sage_Thrasher -> 198.Rock_Wren, 150.Sage_Thrasher/Sage_Thrasher_0081_155724.jpg:150.Sage_Thrasher -> 198.Rock_Wren, 196.House_Wren/House_Wren_0090_187762.jpg:196.House_Wren -> 198.Rock_Wren, 198.Rock_Wren/Rock_Wren_0069_188969.jpg:198.Rock_Wren -> 150.Sage_Thrasher, 198.Rock_Wren/Rock_Wren_0114_189283.jpg:198.Rock_Wren -> 198.Rock_Wren, 198.Rock_Wren/Rock_Wren_0053_189112.jpg:198.Rock_Wren -> 137.Cliff_Swallow, 
181.Worm_eating_Warbler/Worm_Eating_Warbler_0063_795553.jpg:181.Worm_eating_Warbler -> 199.Winter_Wren, 183.Northern_Waterthrush/Northern_Waterthrush_0096_177007.jpg:183.Northern_Waterthrush -> 199.Winter_Wren, 181.Worm_eating_Warbler/Worm_Eating_Warbler_0063_795553.jpg:181.Worm_eating_Warbler -> 199.Winter_Wren, 199.Winter_Wren/Winter_Wren_0004_189670.jpg:199.Winter_Wren -> 172.Nashville_Warbler, 199.Winter_Wren/Winter_Wren_0005_189750.jpg:199.Winter_Wren -> 199.Winter_Wren, 199.Winter_Wren/Winter_Wren_0116_189834.jpg:199.Winter_Wren -> 150.Sage_Thrasher, 
200.Common_Yellowthroat/Common_Yellowthroat_0121_190597.jpg:200.Common_Yellowthroat -> 148.Green_tailed_Towhee, 200.Common_Yellowthroat/Common_Yellowthroat_0090_190503.jpg:200.Common_Yellowthroat -> 152.Blue_headed_Vireo, 200.Common_Yellowthroat/Common_Yellowthroat_0021_190655.jpg:200.Common_Yellowthroat -> 192.Downy_Woodpecker, 200.Common_Yellowthroat/Common_Yellowthroat_0059_190584.jpg:200.Common_Yellowthroat -> 188.Pileated_Woodpecker, 200.Common_Yellowthroat/Common_Yellowthroat_0114_190501.jpg:200.Common_Yellowthroat -> 169.Magnolia_Warbler, 200.Common_Yellowthroat/Common_Yellowthroat_0069_190400.jpg:200.Common_Yellowthroat -> 140.Summer_Tanager, 
