101.White_Pelican/White_Pelican_0079_97380.jpg:101.White_Pelican -> 101.White_Pelican, 144.Common_Tern/Common_Tern_0085_147937.jpg:144.Common_Tern -> 101.White_Pelican, 101.White_Pelican/White_Pelican_0050_97913.jpg:101.White_Pelican -> 101.White_Pelican, 101.White_Pelican/White_Pelican_0076_96427.jpg:101.White_Pelican -> 101.White_Pelican, 101.White_Pelican/White_Pelican_0086_95538.jpg:101.White_Pelican -> 101.White_Pelican, 101.White_Pelican/White_Pelican_0071_96061.jpg:101.White_Pelican -> 142.Black_Tern, 
154.Red_eyed_Vireo/Red_Eyed_Vireo_0140_157237.jpg:154.Red_eyed_Vireo -> 102.Western_Wood_Pewee, 191.Red_headed_Woodpecker/Red_Headed_Woodpecker_0021_183454.jpg:191.Red_headed_Woodpecker -> 102.Western_Wood_Pewee, 114.Black_throated_Sparrow/Black_Throated_Sparrow_0005_107150.jpg:114.Black_throated_Sparrow -> 102.Western_Wood_Pewee, 102.Western_Wood_Pewee/Western_Wood_Pewee_0032_98121.jpg:102.Western_Wood_Pewee -> 136.Barn_Swallow, 102.Western_Wood_Pewee/Western_Wood_Pewee_0024_98229.jpg:102.Western_Wood_Pewee -> 103.Sayornis, 102.Western_Wood_Pewee/Western_Wood_Pewee_0062_98123.jpg:102.Western_Wood_Pewee -> 152.Blue_headed_Vireo, 
130.Tree_Sparrow/Tree_Sparrow_0107_123822.jpg:130.Tree_Sparrow -> 103.Sayornis, 103.Sayornis/Sayornis_0030_98343.jpg:103.Sayornis -> 103.Sayornis, 184.Louisiana_Waterthrush/Louisiana_Waterthrush_0025_177403.jpg:184.Louisiana_Waterthrush -> 103.Sayornis, 103.Sayornis/Sayornis_0047_98524.jpg:103.Sayornis -> 155.Warbling_Vireo, 103.Sayornis/Sayornis_0007_99117.jpg:103.Sayornis -> 114.Black_throated_Sparrow, 103.Sayornis/Sayornis_0114_98976.jpg:103.Sayornis -> 197.Marsh_Wren, 
150.Sage_Thrasher/Sage_Thrasher_0023_796458.jpg:150.Sage_Thrasher -> 104.American_Pipit, 181.Worm_eating_Warbler/Worm_Eating_Warbler_0081_175971.jpg:181.Worm_eating_Warbler -> 104.American_Pipit, 149.Brown_Thrasher/Brown_Thrasher_0051_155344.jpg:149.Brown_Thrasher -> 104.American_Pipit, 104.American_Pipit/American_Pipit_0073_99642.jpg:104.American_Pipit -> 110.Geococcyx, 104.American_Pipit/American_Pipit_0104_100147.jpg:104.American_Pipit -> 104.American_Pipit, 104.American_Pipit/American_Pipit_0098_99986.jpg:104.American_Pipit -> 184.Louisiana_Waterthrush, 
129.Song_Sparrow/Song_Sparrow_0001_122169.jpg:129.Song_Sparrow -> 105.Whip_poor_Will, 105.Whip_poor_Will/Whip_Poor_Will_0022_796438.jpg:105.Whip_poor_Will -> 105.Whip_poor_Will, 105.Whip_poor_Will/Whip_Poor_Will_0039_796408.jpg:105.Whip_poor_Will -> 105.Whip_poor_Will, 105.Whip_poor_Will/Whip_Poor_Will_0002_796427.jpg:105.Whip_poor_Will -> 105.Whip_poor_Will, 105.Whip_poor_Will/Whip_Poor_Will_0040_100482.jpg:105.Whip_poor_Will -> 105.Whip_poor_Will, 105.Whip_poor_Will/Whip_Poor_Will_0032_796437.jpg:105.Whip_poor_Will -> 105.Whip_poor_Will, 
145.Elegant_Tern/Elegant_Tern_0090_45924.jpg:145.Elegant_Tern -> 106.Horned_Puffin, 106.Horned_Puffin/Horned_Puffin_0021_100780.jpg:106.Horned_Puffin -> 106.Horned_Puffin, 106.Horned_Puffin/Horned_Puffin_0059_100925.jpg:106.Horned_Puffin -> 106.Horned_Puffin, 106.Horned_Puffin/Horned_Puffin_0033_100731.jpg:106.Horned_Puffin -> 110.Geococcyx, 106.Horned_Puffin/Horned_Puffin_0060_100726.jpg:106.Horned_Puffin -> 104.American_Pipit, 106.Horned_Puffin/Horned_Puffin_0019_101063.jpg:106.Horned_Puffin -> 145.Elegant_Tern, 
107.Common_Raven/Common_Raven_0095_101831.jpg:107.Common_Raven -> 107.Common_Raven, 108.White_necked_Raven/White_Necked_Raven_0048_797345.jpg:108.White_necked_Raven -> 107.Common_Raven, 107.Common_Raven/Common_Raven_0070_101896.jpg:107.Common_Raven -> 107.Common_Raven, 107.Common_Raven/Common_Raven_0033_101759.jpg:107.Common_Raven -> 107.Common_Raven, 107.Common_Raven/Common_Raven_0107_101412.jpg:107.Common_Raven -> 107.Common_Raven, 107.Common_Raven/Common_Raven_0129_102094.jpg:107.Common_Raven -> 108.White_necked_Raven, 
103.Sayornis/Sayornis_0058_98798.jpg:103.Sayornis -> 108.White_necked_Raven, 107.Common_Raven/Common_Raven_0129_102094.jpg:107.Common_Raven -> 108.White_necked_Raven, 137.Cliff_Swallow/Cliff_Swallow_0066_133206.jpg:137.Cliff_Swallow -> 108.White_necked_Raven, 108.White_necked_Raven/White_Necked_Raven_0030_102701.jpg:108.White_necked_Raven -> 107.Common_Raven, 108.White_necked_Raven/White_Necked_Raven_0057_797358.jpg:108.White_necked_Raven -> 107.Common_Raven, 108.White_necked_Raven/White_Necked_Raven_0030_102701.jpg:108.White_necked_Raven -> 107.Common_Raven, 
180.Wilson_Warbler/Wilson_Warbler_0019_175175.jpg:180.Wilson_Warbler -> 109.American_Redstart, 185.Bohemian_Waxwing/Bohemian_Waxwing_0121_796658.jpg:185.Bohemian_Waxwing -> 109.American_Redstart, 170.Mourning_Warbler/Mourning_Warbler_0024_795363.jpg:170.Mourning_Warbler -> 109.American_Redstart, 109.American_Redstart/American_Redstart_0066_102774.jpg:109.American_Redstart -> 109.American_Redstart, 109.American_Redstart/American_Redstart_0111_102945.jpg:109.American_Redstart -> 189.Red_bellied_Woodpecker, 109.American_Redstart/American_Redstart_0037_102818.jpg:109.American_Redstart -> 109.American_Redstart, 
194.Cactus_Wren/Cactus_Wren_0017_185745.jpg:194.Cactus_Wren -> 110.Geococcyx, 148.Green_tailed_Towhee/Green_Tailed_Towhee_0053_154921.jpg:148.Green_tailed_Towhee -> 110.Geococcyx, 110.Geococcyx/Geococcyx_0050_104506.jpg:110.Geococcyx -> 110.Geococcyx, 110.Geococcyx/Geococcyx_0124_104141.jpg:110.Geococcyx -> 110.Geococcyx, 110.Geococcyx/Geococcyx_0105_104239.jpg:110.Geococcyx -> 124.Le_Conte_Sparrow, 110.Geococcyx/Geococcyx_0136_104144.jpg:110.Geococcyx -> 178.Swainson_Warbler, 
111.Loggerhead_Shrike/Loggerhead_Shrike_0052_105120.jpg:111.Loggerhead_Shrike -> 111.Loggerhead_Shrike, 164.Cerulean_Warbler/Cerulean_Warbler_0076_163294.jpg:164.Cerulean_Warbler -> 111.Loggerhead_Shrike, 186.Cedar_Waxwing/Cedar_Waxwing_0096_178164.jpg:186.Cedar_Waxwing -> 111.Loggerhead_Shrike, 111.Loggerhead_Shrike/Loggerhead_Shrike_0065_104856.jpg:111.Loggerhead_Shrike -> 137.Cliff_Swallow, 111.Loggerhead_Shrike/Loggerhead_Shrike_0128_105238.jpg:111.Loggerhead_Shrike -> 170.Mourning_Warbler, 111.Loggerhead_Shrike/Loggerhead_Shrike_0028_106221.jpg:111.Loggerhead_Shrike -> 190.Red_cockaded_Woodpecker, 
181.Worm_eating_Warbler/Worm_Eating_Warbler_0049_795561.jpg:181.Worm_eating_Warbler -> 112.Great_Grey_Shrike, 112.Great_Grey_Shrike/Great_Grey_Shrike_0028_106678.jpg:112.Great_Grey_Shrike -> 112.Great_Grey_Shrike, 112.Great_Grey_Shrike/Great_Grey_Shrike_0083_797051.jpg:112.Great_Grey_Shrike -> 112.Great_Grey_Shrike, 112.Great_Grey_Shrike/Great_Grey_Shrike_0070_106547.jpg:112.Great_Grey_Shrike -> 111.Loggerhead_Shrike, 112.Great_Grey_Shrike/Great_Grey_Shrike_0060_797008.jpg:112.Great_Grey_Shrike -> 138.Tree_Swallow, 112.Great_Grey_Shrike/Great_Grey_Shrike_0058_106634.jpg:112.Great_Grey_Shrike -> 158.Bay_breasted_Warbler, 
133.White_throated_Sparrow/White_Throated_Sparrow_0109_129066.jpg:133.White_throated_Sparrow -> 113.Baird_Sparrow, 113.Baird_Sparrow/Baird_Sparrow_0033_794566.jpg:113.Baird_Sparrow -> 113.Baird_Sparrow, 104.American_Pipit/American_Pipit_0001_100225.jpg:104.American_Pipit -> 113.Baird_Sparrow, 113.Baird_Sparrow/Baird_Sparrow_0007_794563.jpg:113.Baird_Sparrow -> 104.American_Pipit, 113.Baird_Sparrow/Baird_Sparrow_0022_794570.jpg:113.Baird_Sparrow -> 150.Sage_Thrasher, 113.Baird_Sparrow/Baird_Sparrow_0039_794591.jpg:113.Baird_Sparrow -> 117.Clay_colored_Sparrow, 
114.Black_throated_Sparrow/Black_Throated_Sparrow_0044_107270.jpg:114.Black_throated_Sparrow -> 114.Black_throated_Sparrow, 112.Great_Grey_Shrike/Great_Grey_Shrike_0056_106752.jpg:112.Great_Grey_Shrike -> 114.Black_throated_Sparrow, 103.Sayornis/Sayornis_0007_99117.jpg:103.Sayornis -> 114.Black_throated_Sparrow, 114.Black_throated_Sparrow/Black_Throated_Sparrow_0054_107026.jpg:114.Black_throated_Sparrow -> 114.Black_throated_Sparrow, 114.Black_throated_Sparrow/Black_Throated_Sparrow_0010_107375.jpg:114.Black_throated_Sparrow -> 124.Le_Conte_Sparrow, 114.Black_throated_Sparrow/Black_Throated_Sparrow_0099_106944.jpg:114.Black_throated_Sparrow -> 111.Loggerhead_Shrike, 
115.Brewer_Sparrow/Brewer_Sparrow_0041_796711.jpg:115.Brewer_Sparrow -> 115.Brewer_Sparrow, 187.American_Three_toed_Woodpecker/American_Three_Toed_Woodpecker_0050_796186.jpg:187.American_Three_toed_Woodpecker -> 115.Brewer_Sparrow, 115.Brewer_Sparrow/Brewer_Sparrow_0076_107393.jpg:115.Brewer_Sparrow -> 115.Brewer_Sparrow, 115.Brewer_Sparrow/Brewer_Sparrow_0049_796705.jpg:115.Brewer_Sparrow -> 123.Henslow_Sparrow, 115.Brewer_Sparrow/Brewer_Sparrow_0049_796705.jpg:115.Brewer_Sparrow -> 123.Henslow_Sparrow, 115.Brewer_Sparrow/Brewer_Sparrow_0032_796702.jpg:115.Brewer_Sparrow -> 113.Baird_Sparrow, 
167.Hooded_Warbler/Hooded_Warbler_0001_164704.jpg:167.Hooded_Warbler -> 116.Chipping_Sparrow, 129.Song_Sparrow/Song_Sparrow_0035_120986.jpg:129.Song_Sparrow -> 116.Chipping_Sparrow, 122.Harris_Sparrow/Harris_Sparrow_0088_116445.jpg:122.Harris_Sparrow -> 116.Chipping_Sparrow, 116.Chipping_Sparrow/Chipping_Sparrow_0061_109113.jpg:116.Chipping_Sparrow -> 117.Clay_colored_Sparrow, 116.Chipping_Sparrow/Chipping_Sparrow_0098_108644.jpg:116.Chipping_Sparrow -> 182.Yellow_Warbler, 116.Chipping_Sparrow/Chipping_Sparrow_0032_108882.jpg:116.Chipping_Sparrow -> 129.Song_Sparrow, 
165.Chestnut_sided_Warbler/Chestnut_Sided_Warbler_0101_164324.jpg:165.Chestnut_sided_Warbler -> 117.Clay_colored_Sparrow, 104.American_Pipit/American_Pipit_0036_99658.jpg:104.American_Pipit -> 117.Clay_colored_Sparrow, 176.Prairie_Warbler/Prairie_Warbler_0027_172465.jpg:176.Prairie_Warbler -> 117.Clay_colored_Sparrow, 117.Clay_colored_Sparrow/Clay_Colored_Sparrow_0028_797241.jpg:117.Clay_colored_Sparrow -> 166.Golden_winged_Warbler, 117.Clay_colored_Sparrow/Clay_Colored_Sparrow_0098_110735.jpg:117.Clay_colored_Sparrow -> 194.Cactus_Wren, 117.Clay_colored_Sparrow/Clay_Colored_Sparrow_0005_110911.jpg:117.Clay_colored_Sparrow -> 123.Henslow_Sparrow, 
114.Black_throated_Sparrow/Black_Throated_Sparrow_0039_107259.jpg:114.Black_throated_Sparrow -> 118.House_Sparrow, 132.White_crowned_Sparrow/White_Crowned_Sparrow_0072_127080.jpg:132.White_crowned_Sparrow -> 118.House_Sparrow, 184.Louisiana_Waterthrush/Louisiana_Waterthrush_0010_795255.jpg:184.Louisiana_Waterthrush -> 118.House_Sparrow, 118.House_Sparrow/House_Sparrow_0063_111460.jpg:118.House_Sparrow -> 149.Brown_Thrasher, 118.House_Sparrow/House_Sparrow_0059_111164.jpg:118.House_Sparrow -> 123.Henslow_Sparrow, 118.House_Sparrow/House_Sparrow_0104_113105.jpg:118.House_Sparrow -> 118.House_Sparrow, 
127.Savannah_Sparrow/Savannah_Sparrow_0022_118989.jpg:127.Savannah_Sparrow -> 119.Field_Sparrow, 133.White_throated_Sparrow/White_Throated_Sparrow_0097_128967.jpg:133.White_throated_Sparrow -> 119.Field_Sparrow, 130.Tree_Sparrow/Tree_Sparrow_0052_123869.jpg:130.Tree_Sparrow -> 119.Field_Sparrow, 119.Field_Sparrow/Field_Sparrow_0060_114177.jpg:119.Field_Sparrow -> 131.Vesper_Sparrow, 119.Field_Sparrow/Field_Sparrow_0112_114159.jpg:119.Field_Sparrow -> 127.Savannah_Sparrow, 119.Field_Sparrow/Field_Sparrow_0034_113364.jpg:119.Field_Sparrow -> 133.White_throated_Sparrow, 
120.Fox_Sparrow/Fox_Sparrow_0110_115172.jpg:120.Fox_Sparrow -> 120.Fox_Sparrow, 121.Grasshopper_Sparrow/Grasshopper_Sparrow_0098_116027.jpg:121.Grasshopper_Sparrow -> 120.Fox_Sparrow, 165.Chestnut_sided_Warbler/Chestnut_Sided_Warbler_0096_163672.jpg:165.Chestnut_sided_Warbler -> 120.Fox_Sparrow, 120.Fox_Sparrow/Fox_Sparrow_0063_114350.jpg:120.Fox_Sparrow -> 194.Cactus_Wren, 120.Fox_Sparrow/Fox_Sparrow_0063_114350.jpg:120.Fox_Sparrow -> 194.Cactus_Wren, 120.Fox_Sparrow/Fox_Sparrow_0122_114776.jpg:120.Fox_Sparrow -> 116.Chipping_Sparrow, 
154.Red_eyed_Vireo/Red_Eyed_Vireo_0086_157038.jpg:154.Red_eyed_Vireo -> 121.Grasshopper_Sparrow, 121.Grasshopper_Sparrow/Grasshopper_Sparrow_0009_115984.jpg:121.Grasshopper_Sparrow -> 121.Grasshopper_Sparrow, 119.Field_Sparrow/Field_Sparrow_0126_113426.jpg:119.Field_Sparrow -> 121.Grasshopper_Sparrow, 121.Grasshopper_Sparrow/Grasshopper_Sparrow_0018_116056.jpg:121.Grasshopper_Sparrow -> 127.Savannah_Sparrow, 121.Grasshopper_Sparrow/Grasshopper_Sparrow_0108_115894.jpg:121.Grasshopper_Sparrow -> 158.Bay_breasted_Warbler, 121.Grasshopper_Sparrow/Grasshopper_Sparrow_0098_116027.jpg:121.Grasshopper_Sparrow -> 120.Fox_Sparrow, 
122.Harris_Sparrow/Harris_Sparrow_0011_116597.jpg:122.Harris_Sparrow -> 122.Harris_Sparrow, 109.American_Redstart/American_Redstart_0138_102869.jpg:109.American_Redstart -> 122.Harris_Sparrow, 121.Grasshopper_Sparrow/Grasshopper_Sparrow_0109_115750.jpg:121.Grasshopper_Sparrow -> 122.Harris_Sparrow, 122.Harris_Sparrow/Harris_Sparrow_0026_116620.jpg:122.Harris_Sparrow -> 156.White_eyed_Vireo, 122.Harris_Sparrow/Harris_Sparrow_0042_116499.jpg:122.Harris_Sparrow -> 170.Mourning_Warbler, 122.Harris_Sparrow/Harris_Sparrow_0059_116608.jpg:122.Harris_Sparrow -> 123.Henslow_Sparrow, 
130.Tree_Sparrow/Tree_Sparrow_0122_123927.jpg:130.Tree_Sparrow -> 123.Henslow_Sparrow, 118.House_Sparrow/House_Sparrow_0005_111967.jpg:118.House_Sparrow -> 123.Henslow_Sparrow, 113.Baird_Sparrow/Baird_Sparrow_0047_787318.jpg:113.Baird_Sparrow -> 123.Henslow_Sparrow, 123.Henslow_Sparrow/Henslow_Sparrow_0076_116810.jpg:123.Henslow_Sparrow -> 123.Henslow_Sparrow, 123.Henslow_Sparrow/Henslow_Sparrow_0070_796571.jpg:123.Henslow_Sparrow -> 158.Bay_breasted_Warbler, 123.Henslow_Sparrow/Henslow_Sparrow_0109_796577.jpg:123.Henslow_Sparrow -> 123.Henslow_Sparrow, 
176.Prairie_Warbler/Prairie_Warbler_0133_173279.jpg:176.Prairie_Warbler -> 124.Le_Conte_Sparrow, 188.Pileated_Woodpecker/Pileated_Woodpecker_0050_180398.jpg:188.Pileated_Woodpecker -> 124.Le_Conte_Sparrow, 123.Henslow_Sparrow/Henslow_Sparrow_0086_796545.jpg:123.Henslow_Sparrow -> 124.Le_Conte_Sparrow, 124.Le_Conte_Sparrow/Le_Conte_Sparrow_0025_795188.jpg:124.Le_Conte_Sparrow -> 123.Henslow_Sparrow, 124.Le_Conte_Sparrow/Le_Conte_Sparrow_0075_795234.jpg:124.Le_Conte_Sparrow -> 116.Chipping_Sparrow, 124.Le_Conte_Sparrow/Le_Conte_Sparrow_0064_795235.jpg:124.Le_Conte_Sparrow -> 170.Mourning_Warbler, 
123.Henslow_Sparrow/Henslow_Sparrow_0031_796594.jpg:123.Henslow_Sparrow -> 125.Lincoln_Sparrow, 125.Lincoln_Sparrow/Lincoln_Sparrow_0040_117721.jpg:125.Lincoln_Sparrow -> 125.Lincoln_Sparrow, 133.White_throated_Sparrow/White_Throated_Sparrow_0007_128918.jpg:133.White_throated_Sparrow -> 125.Lincoln_Sparrow, 125.Lincoln_Sparrow/Lincoln_Sparrow_0100_117835.jpg:125.Lincoln_Sparrow -> 105.Whip_poor_Will, 125.Lincoln_Sparrow/Lincoln_Sparrow_0131_117277.jpg:125.Lincoln_Sparrow -> 125.Lincoln_Sparrow, 125.Lincoln_Sparrow/Lincoln_Sparrow_0059_117271.jpg:125.Lincoln_Sparrow -> 200.Common_Yellowthroat, 
174.Palm_Warbler/Palm_Warbler_0044_169319.jpg:174.Palm_Warbler -> 126.Nelson_Sharp_tailed_Sparrow, 131.Vesper_Sparrow/Vesper_Sparrow_0091_125598.jpg:131.Vesper_Sparrow -> 126.Nelson_Sharp_tailed_Sparrow, 135.Bank_Swallow/Bank_Swallow_0067_129959.jpg:135.Bank_Swallow -> 126.Nelson_Sharp_tailed_Sparrow, 126.Nelson_Sharp_tailed_Sparrow/Nelson_Sharp_Tailed_Sparrow_0045_118004.jpg:126.Nelson_Sharp_tailed_Sparrow -> 128.Seaside_Sparrow, 126.Nelson_Sharp_tailed_Sparrow/Nelson_Sharp_Tailed_Sparrow_0039_118074.jpg:126.Nelson_Sharp_tailed_Sparrow -> 117.Clay_colored_Sparrow, 126.Nelson_Sharp_tailed_Sparrow/Nelson_Sharp_Tailed_Sparrow_0046_118032.jpg:126.Nelson_Sharp_tailed_Sparrow -> 114.Black_throated_Sparrow, 
178.Swainson_Warbler/Swainson_Warbler_0046_794872.jpg:178.Swainson_Warbler -> 127.Savannah_Sparrow, 131.Vesper_Sparrow/Vesper_Sparrow_0066_125619.jpg:131.Vesper_Sparrow -> 127.Savannah_Sparrow, 117.Clay_colored_Sparrow/Clay_Colored_Sparrow_0029_110720.jpg:117.Clay_colored_Sparrow -> 127.Savannah_Sparrow, 127.Savannah_Sparrow/Savannah_Sparrow_0095_119670.jpg:127.Savannah_Sparrow -> 127.Savannah_Sparrow, 127.Savannah_Sparrow/Savannah_Sparrow_0116_118108.jpg:127.Savannah_Sparrow -> 127.Savannah_Sparrow, 127.Savannah_Sparrow/Savannah_Sparrow_0115_118882.jpg:127.Savannah_Sparrow -> 104.American_Pipit, 
179.Tennessee_Warbler/Tennessee_Warbler_0024_174980.jpg:179.Tennessee_Warbler -> 128.Seaside_Sparrow, 135.Bank_Swallow/Bank_Swallow_0059_129896.jpg:135.Bank_Swallow -> 128.Seaside_Sparrow, 113.Baird_Sparrow/Baird_Sparrow_0020_106863.jpg:113.Baird_Sparrow -> 128.Seaside_Sparrow, 128.Seaside_Sparrow/Seaside_Sparrow_0002_796536.jpg:128.Seaside_Sparrow -> 113.Baird_Sparrow, 128.Seaside_Sparrow/Seaside_Sparrow_0028_120766.jpg:128.Seaside_Sparrow -> 192.Downy_Woodpecker, 128.Seaside_Sparrow/Seaside_Sparrow_0068_796515.jpg:128.Seaside_Sparrow -> 113.Baird_Sparrow, 
128.Seaside_Sparrow/Seaside_Sparrow_0071_796519.jpg:128.Seaside_Sparrow -> 129.Song_Sparrow, 182.Yellow_Warbler/Yellow_Warbler_0029_176855.jpg:182.Yellow_Warbler -> 129.Song_Sparrow, 125.Lincoln_Sparrow/Lincoln_Sparrow_0020_117542.jpg:125.Lincoln_Sparrow -> 129.Song_Sparrow, 129.Song_Sparrow/Song_Sparrow_0053_121554.jpg:129.Song_Sparrow -> 129.Song_Sparrow, 129.Song_Sparrow/Song_Sparrow_0045_121951.jpg:129.Song_Sparrow -> 128.Seaside_Sparrow, 129.Song_Sparrow/Song_Sparrow_0113_121683.jpg:129.Song_Sparrow -> 171.Myrtle_Warbler, 
192.Downy_Woodpecker/Downy_Woodpecker_0030_184368.jpg:192.Downy_Woodpecker -> 130.Tree_Sparrow, 136.Barn_Swallow/Barn_Swallow_0003_130086.jpg:136.Barn_Swallow -> 130.Tree_Sparrow, 169.Magnolia_Warbler/Magnolia_Warbler_0052_165474.jpg:169.Magnolia_Warbler -> 130.Tree_Sparrow, 130.Tree_Sparrow/Tree_Sparrow_0080_124120.jpg:130.Tree_Sparrow -> 123.Henslow_Sparrow, 130.Tree_Sparrow/Tree_Sparrow_0113_123613.jpg:130.Tree_Sparrow -> 164.Cerulean_Warbler, 130.Tree_Sparrow/Tree_Sparrow_0130_124932.jpg:130.Tree_Sparrow -> 133.White_throated_Sparrow, 
118.House_Sparrow/House_Sparrow_0134_112644.jpg:118.House_Sparrow -> 131.Vesper_Sparrow, 115.Brewer_Sparrow/Brewer_Sparrow_0058_796701.jpg:115.Brewer_Sparrow -> 131.Vesper_Sparrow, 178.Swainson_Warbler/Swainson_Warbler_0044_794894.jpg:178.Swainson_Warbler -> 131.Vesper_Sparrow, 131.Vesper_Sparrow/Vesper_Sparrow_0086_125776.jpg:131.Vesper_Sparrow -> 142.Black_Tern, 131.Vesper_Sparrow/Vesper_Sparrow_0070_125555.jpg:131.Vesper_Sparrow -> 150.Sage_Thrasher, 131.Vesper_Sparrow/Vesper_Sparrow_0037_125648.jpg:131.Vesper_Sparrow -> 123.Henslow_Sparrow, 
199.Winter_Wren/Winter_Wren_0128_190093.jpg:199.Winter_Wren -> 132.White_crowned_Sparrow, 150.Sage_Thrasher/Sage_Thrasher_0070_155732.jpg:150.Sage_Thrasher -> 132.White_crowned_Sparrow, 139.Scarlet_Tanager/Scarlet_Tanager_0008_137607.jpg:139.Scarlet_Tanager -> 132.White_crowned_Sparrow, 132.White_crowned_Sparrow/White_Crowned_Sparrow_0009_127658.jpg:132.White_crowned_Sparrow -> 135.Bank_Swallow, 132.White_crowned_Sparrow/White_Crowned_Sparrow_0057_127927.jpg:132.White_crowned_Sparrow -> 121.Grasshopper_Sparrow, 132.White_crowned_Sparrow/White_Crowned_Sparrow_0040_127313.jpg:132.White_crowned_Sparrow -> 156.White_eyed_Vireo, 
171.Myrtle_Warbler/Myrtle_Warbler_0083_166738.jpg:171.Myrtle_Warbler -> 133.White_throated_Sparrow, 117.Clay_colored_Sparrow/Clay_Colored_Sparrow_0003_110672.jpg:117.Clay_colored_Sparrow -> 133.White_throated_Sparrow, 158.Bay_breasted_Warbler/Bay_Breasted_Warbler_0026_159744.jpg:158.Bay_breasted_Warbler -> 133.White_throated_Sparrow, 133.White_throated_Sparrow/White_Throated_Sparrow_0023_129179.jpg:133.White_throated_Sparrow -> 133.White_throated_Sparrow, 133.White_throated_Sparrow/White_Throated_Sparrow_0056_128906.jpg:133.White_throated_Sparrow -> 196.House_Wren, 133.White_throated_Sparrow/White_Throated_Sparrow_0020_129007.jpg:133.White_throated_Sparrow -> 172.Nashville_Warbler, 
134.Cape_Glossy_Starling/Cape_Glossy_Starling_0046_129434.jpg:134.Cape_Glossy_Starling -> 134.Cape_Glossy_Starling, 134.Cape_Glossy_Starling/Cape_Glossy_Starling_0039_129469.jpg:134.Cape_Glossy_Starling -> 134.Cape_Glossy_Starling, 134.Cape_Glossy_Starling/Cape_Glossy_Starling_0019_129407.jpg:134.Cape_Glossy_Starling -> 134.Cape_Glossy_Starling, 134.Cape_Glossy_Starling/Cape_Glossy_Starling_0022_129414.jpg:134.Cape_Glossy_Starling -> 134.Cape_Glossy_Starling, 134.Cape_Glossy_Starling/Cape_Glossy_Starling_0077_129378.jpg:134.Cape_Glossy_Starling -> 134.Cape_Glossy_Starling, 134.Cape_Glossy_Starling/Cape_Glossy_Starling_0070_129322.jpg:134.Cape_Glossy_Starling -> 104.American_Pipit, 
104.American_Pipit/American_Pipit_0059_99628.jpg:104.American_Pipit -> 135.Bank_Swallow, 160.Black_throated_Blue_Warbler/Black_Throated_Blue_Warbler_0090_161507.jpg:160.Black_throated_Blue_Warbler -> 135.Bank_Swallow, 135.Bank_Swallow/Bank_Swallow_0027_129503.jpg:135.Bank_Swallow -> 135.Bank_Swallow, 135.Bank_Swallow/Bank_Swallow_0026_129870.jpg:135.Bank_Swallow -> 165.Chestnut_sided_Warbler, 135.Bank_Swallow/Bank_Swallow_0020_129747.jpg:135.Bank_Swallow -> 121.Grasshopper_Sparrow, 135.Bank_Swallow/Bank_Swallow_0020_129747.jpg:135.Bank_Swallow -> 121.Grasshopper_Sparrow, 
185.Bohemian_Waxwing/Bohemian_Waxwing_0062_796683.jpg:185.Bohemian_Waxwing -> 136.Barn_Swallow, 102.Western_Wood_Pewee/Western_Wood_Pewee_0032_98121.jpg:102.Western_Wood_Pewee -> 136.Barn_Swallow, 102.Western_Wood_Pewee/Western_Wood_Pewee_0032_98121.jpg:102.Western_Wood_Pewee -> 136.Barn_Swallow, 136.Barn_Swallow/Barn_Swallow_0045_130244.jpg:136.Barn_Swallow -> 159.Black_and_white_Warbler, 136.Barn_Swallow/Barn_Swallow_0063_132572.jpg:136.Barn_Swallow -> 137.Cliff_Swallow, 136.Barn_Swallow/Barn_Swallow_0065_131555.jpg:136.Barn_Swallow -> 103.Sayornis, 
148.Green_tailed_Towhee/Green_Tailed_Towhee_0090_797434.jpg:148.Green_tailed_Towhee -> 137.Cliff_Swallow, 134.Cape_Glossy_Starling/Cape_Glossy_Starling_0098_129365.jpg:134.Cape_Glossy_Starling -> 137.Cliff_Swallow, 108.White_necked_Raven/White_Necked_Raven_0053_797360.jpg:108.White_necked_Raven -> 137.Cliff_Swallow, 137.Cliff_Swallow/Cliff_Swallow_0006_133489.jpg:137.Cliff_Swallow -> 142.Black_Tern, 137.Cliff_Swallow/Cliff_Swallow_0083_133771.jpg:137.Cliff_Swallow -> 109.American_Redstart, 137.Cliff_Swallow/Cliff_Swallow_0033_133836.jpg:137.Cliff_Swallow -> 135.Bank_Swallow, 
152.Blue_headed_Vireo/Blue_Headed_Vireo_0075_156181.jpg:152.Blue_headed_Vireo -> 138.Tree_Swallow, 164.Cerulean_Warbler/Cerulean_Warbler_0005_797206.jpg:164.Cerulean_Warbler -> 138.Tree_Swallow, 108.White_necked_Raven/White_Necked_Raven_0063_797361.jpg:108.White_necked_Raven -> 138.Tree_Swallow, 138.Tree_Swallow/Tree_Swallow_0127_135912.jpg:138.Tree_Swallow -> 115.Brewer_Sparrow, 138.Tree_Swallow/Tree_Swallow_0069_135148.jpg:138.Tree_Swallow -> 195.Carolina_Wren, 138.Tree_Swallow/Tree_Swallow_0113_136849.jpg:138.Tree_Swallow -> 138.Tree_Swallow, 
139.Scarlet_Tanager/Scarlet_Tanager_0024_137712.jpg:139.Scarlet_Tanager -> 139.Scarlet_Tanager, 176.Prairie_Warbler/Prairie_Warbler_0126_172931.jpg:176.Prairie_Warbler -> 139.Scarlet_Tanager, 139.Scarlet_Tanager/Scarlet_Tanager_0087_137937.jpg:139.Scarlet_Tanager -> 139.Scarlet_Tanager, 139.Scarlet_Tanager/Scarlet_Tanager_0129_137745.jpg:139.Scarlet_Tanager -> 170.Mourning_Warbler, 139.Scarlet_Tanager/Scarlet_Tanager_0033_137603.jpg:139.Scarlet_Tanager -> 139.Scarlet_Tanager, 139.Scarlet_Tanager/Scarlet_Tanager_0024_137712.jpg:139.Scarlet_Tanager -> 139.Scarlet_Tanager, 
163.Cape_May_Warbler/Cape_May_Warbler_0015_163159.jpg:163.Cape_May_Warbler -> 140.Summer_Tanager, 140.Summer_Tanager/Summer_Tanager_0023_139859.jpg:140.Summer_Tanager -> 140.Summer_Tanager, 140.Summer_Tanager/Summer_Tanager_0017_140173.jpg:140.Summer_Tanager -> 140.Summer_Tanager, 140.Summer_Tanager/Summer_Tanager_0034_139781.jpg:140.Summer_Tanager -> 182.Yellow_Warbler, 140.Summer_Tanager/Summer_Tanager_0093_139517.jpg:140.Summer_Tanager -> 109.American_Redstart, 140.Summer_Tanager/Summer_Tanager_0124_139963.jpg:140.Summer_Tanager -> 140.Summer_Tanager, 
107.Common_Raven/Common_Raven_0093_102058.jpg:107.Common_Raven -> 141.Artic_Tern, 142.Black_Tern/Black_Tern_0064_143990.jpg:142.Black_Tern -> 141.Artic_Tern, 141.Artic_Tern/Artic_Tern_0011_143355.jpg:141.Artic_Tern -> 141.Artic_Tern, 141.Artic_Tern/Artic_Tern_0036_142447.jpg:141.Artic_Tern -> 147.Least_Tern, 141.Artic_Tern/Artic_Tern_0035_143366.jpg:141.Artic_Tern -> 146.Forsters_Tern, 141.Artic_Tern/Artic_Tern_0036_142447.jpg:141.Artic_Tern -> 147.Least_Tern, 
108.White_necked_Raven/White_Necked_Raven_0056_797373.jpg:108.White_necked_Raven -> 142.Black_Tern, 142.Black_Tern/Black_Tern_0057_143884.jpg:142.Black_Tern -> 142.Black_Tern, 142.Black_Tern/Black_Tern_0015_143979.jpg:142.Black_Tern -> 142.Black_Tern, 142.Black_Tern/Black_Tern_0107_144661.jpg:142.Black_Tern -> 106.Horned_Puffin, 142.Black_Tern/Black_Tern_0066_144541.jpg:142.Black_Tern -> 144.Common_Tern, 142.Black_Tern/Black_Tern_0079_143998.jpg:142.Black_Tern -> 110.Geococcyx, 
145.Elegant_Tern/Elegant_Tern_0039_150944.jpg:145.Elegant_Tern -> 143.Caspian_Tern, 146.Forsters_Tern/Forsters_Tern_0017_152696.jpg:146.Forsters_Tern -> 143.Caspian_Tern, 143.Caspian_Tern/Caspian_Tern_0055_146014.jpg:143.Caspian_Tern -> 143.Caspian_Tern, 143.Caspian_Tern/Caspian_Tern_0069_145931.jpg:143.Caspian_Tern -> 146.Forsters_Tern, 143.Caspian_Tern/Caspian_Tern_0051_145930.jpg:143.Caspian_Tern -> 142.Black_Tern, 143.Caspian_Tern/Caspian_Tern_0058_145886.jpg:143.Caspian_Tern -> 144.Common_Tern, 
101.White_Pelican/White_Pelican_0012_97261.jpg:101.White_Pelican -> 144.Common_Tern, 147.Least_Tern/Least_Tern_0067_154145.jpg:147.Least_Tern -> 144.Common_Tern, 141.Artic_Tern/Artic_Tern_0116_143613.jpg:141.Artic_Tern -> 144.Common_Tern, 144.Common_Tern/Common_Tern_0028_150117.jpg:144.Common_Tern -> 106.Horned_Puffin, 144.Common_Tern/Common_Tern_0050_148928.jpg:144.Common_Tern -> 145.Elegant_Tern, 144.Common_Tern/Common_Tern_0095_149960.jpg:144.Common_Tern -> 143.Caspian_Tern, 
141.Artic_Tern/Artic_Tern_0082_142127.jpg:141.Artic_Tern -> 145.Elegant_Tern, 145.Elegant_Tern/Elegant_Tern_0074_151036.jpg:145.Elegant_Tern -> 145.Elegant_Tern, 143.Caspian_Tern/Caspian_Tern_0109_145948.jpg:143.Caspian_Tern -> 145.Elegant_Tern, 145.Elegant_Tern/Elegant_Tern_0061_150524.jpg:145.Elegant_Tern -> 147.Least_Tern, 145.Elegant_Tern/Elegant_Tern_0101_150715.jpg:145.Elegant_Tern -> 145.Elegant_Tern, 145.Elegant_Tern/Elegant_Tern_0084_150922.jpg:145.Elegant_Tern -> 146.Forsters_Tern, 
146.Forsters_Tern/Forsters_Tern_0127_150418.jpg:146.Forsters_Tern -> 146.Forsters_Tern, 184.Louisiana_Waterthrush/Louisiana_Waterthrush_0094_795264.jpg:184.Louisiana_Waterthrush -> 146.Forsters_Tern, 146.Forsters_Tern/Forsters_Tern_0121_151385.jpg:146.Forsters_Tern -> 146.Forsters_Tern, 146.Forsters_Tern/Forsters_Tern_0057_151570.jpg:146.Forsters_Tern -> 145.Elegant_Tern, 146.Forsters_Tern/Forsters_Tern_0127_150418.jpg:146.Forsters_Tern -> 146.Forsters_Tern, 146.Forsters_Tern/Forsters_Tern_0075_152258.jpg:146.Forsters_Tern -> 142.Black_Tern, 
147.Least_Tern/Least_Tern_0127_154141.jpg:147.Least_Tern -> 147.Least_Tern, 143.Caspian_Tern/Caspian_Tern_0041_144964.jpg:143.Caspian_Tern -> 147.Least_Tern, 146.Forsters_Tern/Forsters_Tern_0029_151228.jpg:146.Forsters_Tern -> 147.Least_Tern, 147.Least_Tern/Least_Tern_0112_153074.jpg:147.Least_Tern -> 142.Black_Tern, 147.Least_Tern/Least_Tern_0125_153996.jpg:147.Least_Tern -> 147.Least_Tern, 147.Least_Tern/Least_Tern_0046_153006.jpg:147.Least_Tern -> 147.Least_Tern, 
148.Green_tailed_Towhee/Green_Tailed_Towhee_0082_797395.jpg:148.Green_tailed_Towhee -> 148.Green_tailed_Towhee, 148.Green_tailed_Towhee/Green_Tailed_Towhee_0082_797395.jpg:148.Green_tailed_Towhee -> 148.Green_tailed_Towhee, 148.Green_tailed_Towhee/Green_Tailed_Towhee_0082_797395.jpg:148.Green_tailed_Towhee -> 148.Green_tailed_Towhee, 148.Green_tailed_Towhee/Green_Tailed_Towhee_0104_797403.jpg:148.Green_tailed_Towhee -> 124.Le_Conte_Sparrow, 148.Green_tailed_Towhee/Green_Tailed_Towhee_0062_797424.jpg:148.Green_tailed_Towhee -> 105.Whip_poor_Will, 148.Green_tailed_Towhee/Green_Tailed_Towhee_0105_797438.jpg:148.Green_tailed_Towhee -> 183.Northern_Waterthrush, 
124.Le_Conte_Sparrow/Le_Conte_Sparrow_0035_795214.jpg:124.Le_Conte_Sparrow -> 149.Brown_Thrasher, 174.Palm_Warbler/Palm_Warbler_0068_170243.jpg:174.Palm_Warbler -> 149.Brown_Thrasher, 149.Brown_Thrasher/Brown_Thrasher_0046_155154.jpg:149.Brown_Thrasher -> 149.Brown_Thrasher, 149.Brown_Thrasher/Brown_Thrasher_0130_155350.jpg:149.Brown_Thrasher -> 150.Sage_Thrasher, 149.Brown_Thrasher/Brown_Thrasher_0034_155139.jpg:149.Brown_Thrasher -> 188.Pileated_Woodpecker, 149.Brown_Thrasher/Brown_Thrasher_0127_155193.jpg:149.Brown_Thrasher -> 184.Louisiana_Waterthrush, 
198.Rock_Wren/Rock_Wren_0003_189167.jpg:198.Rock_Wren -> 150.Sage_Thrasher, 198.Rock_Wren/Rock_Wren_0035_188998.jpg:198.Rock_Wren -> 150.Sage_Thrasher, 129.Song_Sparrow/Song_Sparrow_0110_120872.jpg:129.Song_Sparrow -> 150.Sage_Thrasher, 150.Sage_Thrasher/Sage_Thrasher_0033_155511.jpg:150.Sage_Thrasher -> 135.Bank_Swallow, 150.Sage_Thrasher/Sage_Thrasher_0062_796462.jpg:150.Sage_Thrasher -> 135.Bank_Swallow, 150.Sage_Thrasher/Sage_Thrasher_0064_155531.jpg:150.Sage_Thrasher -> 150.Sage_Thrasher, 
184.Louisiana_Waterthrush/Louisiana_Waterthrush_0030_795248.jpg:184.Louisiana_Waterthrush -> 151.Black_capped_Vireo, 151.Black_capped_Vireo/Black_Capped_Vireo_0019_797479.jpg:151.Black_capped_Vireo -> 151.Black_capped_Vireo, 192.Downy_Woodpecker/Downy_Woodpecker_0037_183968.jpg:192.Downy_Woodpecker -> 151.Black_capped_Vireo, 151.Black_capped_Vireo/Black_Capped_Vireo_0035_797471.jpg:151.Black_capped_Vireo -> 179.Tennessee_Warbler, 151.Black_capped_Vireo/Black_Capped_Vireo_0003_797467.jpg:151.Black_capped_Vireo -> 126.Nelson_Sharp_tailed_Sparrow, 151.Black_capped_Vireo/Black_Capped_Vireo_0011_797488.jpg:151.Black_capped_Vireo -> 125.Lincoln_Sparrow, 
114.Black_throated_Sparrow/Black_Throated_Sparrow_0080_107050.jpg:114.Black_throated_Sparrow -> 152.Blue_headed_Vireo, 155.Warbling_Vireo/Warbling_Vireo_0047_158250.jpg:155.Warbling_Vireo -> 152.Blue_headed_Vireo, 114.Black_throated_Sparrow/Black_Throated_Sparrow_0080_107050.jpg:114.Black_throated_Sparrow -> 152.Blue_headed_Vireo, 152.Blue_headed_Vireo/Blue_Headed_Vireo_0110_155952.jpg:152.Blue_headed_Vireo -> 152.Blue_headed_Vireo, 152.Blue_headed_Vireo/Blue_Headed_Vireo_0019_156311.jpg:152.Blue_headed_Vireo -> 196.House_Wren, 152.Blue_headed_Vireo/Blue_Headed_Vireo_0076_156209.jpg:152.Blue_headed_Vireo -> 137.Cliff_Swallow, 
160.Black_throated_Blue_Warbler/Black_Throated_Blue_Warbler_0085_161621.jpg:160.Black_throated_Blue_Warbler -> 153.Philadelphia_Vireo, 158.Bay_breasted_Warbler/Bay_Breasted_Warbler_0065_159722.jpg:158.Bay_breasted_Warbler -> 153.Philadelphia_Vireo, 151.Black_capped_Vireo/Black_Capped_Vireo_0031_797446.jpg:151.Black_capped_Vireo -> 153.Philadelphia_Vireo, 153.Philadelphia_Vireo/Philadelphia_Vireo_0002_156591.jpg:153.Philadelphia_Vireo -> 103.Sayornis, 153.Philadelphia_Vireo/Philadelphia_Vireo_0067_156584.jpg:153.Philadelphia_Vireo -> 153.Philadelphia_Vireo, 153.Philadelphia_Vireo/Philadelphia_Vireo_0003_156565.jpg:153.Philadelphia_Vireo -> 173.Orange_crowned_Warbler, 
179.Tennessee_Warbler/Tennessee_Warbler_0003_175154.jpg:179.Tennessee_Warbler -> 154.Red_eyed_Vireo, 178.Swainson_Warbler/Swainson_Warbler_0039_794859.jpg:178.Swainson_Warbler -> 154.Red_eyed_Vireo, 128.Seaside_Sparrow/Seaside_Sparrow_0017_796513.jpg:128.Seaside_Sparrow -> 154.Red_eyed_Vireo, 154.Red_eyed_Vireo/Red_Eyed_Vireo_0061_157202.jpg:154.Red_eyed_Vireo -> 135.Bank_Swallow, 154.Red_eyed_Vireo/Red_Eyed_Vireo_0038_156963.jpg:154.Red_eyed_Vireo -> 150.Sage_Thrasher, 154.Red_eyed_Vireo/Red_Eyed_Vireo_0025_157173.jpg:154.Red_eyed_Vireo -> 154.Red_eyed_Vireo, 
169.Magnolia_Warbler/Magnolia_Warbler_0021_165919.jpg:169.Magnolia_Warbler -> 155.Warbling_Vireo, 160.Black_throated_Blue_Warbler/Black_Throated_Blue_Warbler_0111_161615.jpg:160.Black_throated_Blue_Warbler -> 155.Warbling_Vireo, 148.Green_tailed_Towhee/Green_Tailed_Towhee_0099_154882.jpg:148.Green_tailed_Towhee -> 155.Warbling_Vireo, 155.Warbling_Vireo/Warbling_Vireo_0086_158564.jpg:155.Warbling_Vireo -> 170.Mourning_Warbler, 155.Warbling_Vireo/Warbling_Vireo_0099_158744.jpg:155.Warbling_Vireo -> 103.Sayornis, 155.Warbling_Vireo/Warbling_Vireo_0111_158423.jpg:155.Warbling_Vireo -> 165.Chestnut_sided_Warbler, 
157.Yellow_throated_Vireo/Yellow_Throated_Vireo_0075_795004.jpg:157.Yellow_throated_Vireo -> 156.White_eyed_Vireo, 156.White_eyed_Vireo/White_Eyed_Vireo_0061_159042.jpg:156.White_eyed_Vireo -> 156.White_eyed_Vireo, 130.Tree_Sparrow/Tree_Sparrow_0042_124512.jpg:130.Tree_Sparrow -> 156.White_eyed_Vireo, 156.White_eyed_Vireo/White_Eyed_Vireo_0022_159037.jpg:156.White_eyed_Vireo -> 158.Bay_breasted_Warbler, 156.White_eyed_Vireo/White_Eyed_Vireo_0051_159033.jpg:156.White_eyed_Vireo -> 173.Orange_crowned_Warbler, 156.White_eyed_Vireo/White_Eyed_Vireo_0099_158933.jpg:156.White_eyed_Vireo -> 175.Pine_Warbler, 
159.Black_and_white_Warbler/Black_And_White_Warbler_0078_160365.jpg:159.Black_and_white_Warbler -> 157.Yellow_throated_Vireo, 109.American_Redstart/American_Redstart_0055_103750.jpg:109.American_Redstart -> 157.Yellow_throated_Vireo, 199.Winter_Wren/Winter_Wren_0062_189501.jpg:199.Winter_Wren -> 157.Yellow_throated_Vireo, 157.Yellow_throated_Vireo/Yellow_Throated_Vireo_0003_794974.jpg:157.Yellow_throated_Vireo -> 169.Magnolia_Warbler, 157.Yellow_throated_Vireo/Yellow_Throated_Vireo_0077_159581.jpg:157.Yellow_throated_Vireo -> 177.Prothonotary_Warbler, 157.Yellow_throated_Vireo/Yellow_Throated_Vireo_0077_159581.jpg:157.Yellow_throated_Vireo -> 177.Prothonotary_Warbler, 
175.Pine_Warbler/Pine_Warbler_0007_171523.jpg:175.Pine_Warbler -> 158.Bay_breasted_Warbler, 163.Cape_May_Warbler/Cape_May_Warbler_0032_162659.jpg:163.Cape_May_Warbler -> 158.Bay_breasted_Warbler, 188.Pileated_Woodpecker/Pileated_Woodpecker_0077_180286.jpg:188.Pileated_Woodpecker -> 158.Bay_breasted_Warbler, 158.Bay_breasted_Warbler/Bay_Breasted_Warbler_0112_159839.jpg:158.Bay_breasted_Warbler -> 175.Pine_Warbler, 158.Bay_breasted_Warbler/Bay_Breasted_Warbler_0043_797154.jpg:158.Bay_breasted_Warbler -> 169.Magnolia_Warbler, 158.Bay_breasted_Warbler/Bay_Breasted_Warbler_0012_797171.jpg:158.Bay_breasted_Warbler -> 158.Bay_breasted_Warbler, 
132.White_crowned_Sparrow/White_Crowned_Sparrow_0042_128395.jpg:132.White_crowned_Sparrow -> 159.Black_and_white_Warbler, 137.Cliff_Swallow/Cliff_Swallow_0027_133203.jpg:137.Cliff_Swallow -> 159.Black_and_white_Warbler, 121.Grasshopper_Sparrow/Grasshopper_Sparrow_0053_115991.jpg:121.Grasshopper_Sparrow -> 159.Black_and_white_Warbler, 159.Black_and_white_Warbler/Black_And_White_Warbler_0091_160896.jpg:159.Black_and_white_Warbler -> 195.Carolina_Wren, 159.Black_and_white_Warbler/Black_And_White_Warbler_0088_160668.jpg:159.Black_and_white_Warbler -> 153.Philadelphia_Vireo, 159.Black_and_white_Warbler/Black_And_White_Warbler_0001_160352.jpg:159.Black_and_white_Warbler -> 152.Blue_headed_Vireo, 
160.Black_throated_Blue_Warbler/Black_Throated_Blue_Warbler_0037_161707.jpg:160.Black_throated_Blue_Warbler -> 160.Black_throated_Blue_Warbler, 160.Black_throated_Blue_Warbler/Black_Throated_Blue_Warbler_0127_161176.jpg:160.Black_throated_Blue_Warbler -> 160.Black_throated_Blue_Warbler, 164.Cerulean_Warbler/Cerulean_Warbler_0092_163455.jpg:164.Cerulean_Warbler -> 160.Black_throated_Blue_Warbler, 160.Black_throated_Blue_Warbler/Black_Throated_Blue_Warbler_0027_104004.jpg:160.Black_throated_Blue_Warbler -> 134.Cape_Glossy_Starling, 160.Black_throated_Blue_Warbler/Black_Throated_Blue_Warbler_0090_161507.jpg:160.Black_throated_Blue_Warbler -> 135.Bank_Swallow, 160.Black_throated_Blue_Warbler/Black_Throated_Blue_Warbler_0005_161168.jpg:160.Black_throated_Blue_Warbler -> 126.Nelson_Sharp_tailed_Sparrow, 
188.Pileated_Woodpecker/Pileated_Woodpecker_0056_180094.jpg:188.Pileated_Woodpecker -> 161.Blue_winged_Warbler, 161.Blue_winged_Warbler/Blue_Winged_Warbler_0056_162013.jpg:161.Blue_winged_Warbler -> 161.Blue_winged_Warbler, 158.Bay_breasted_Warbler/Bay_Breasted_Warbler_0039_797152.jpg:158.Bay_breasted_Warbler -> 161.Blue_winged_Warbler, 161.Blue_winged_Warbler/Blue_Winged_Warbler_0049_161856.jpg:161.Blue_winged_Warbler -> 163.Cape_May_Warbler, 161.Blue_winged_Warbler/Blue_Winged_Warbler_0005_162095.jpg:161.Blue_winged_Warbler -> 109.American_Redstart, 161.Blue_winged_Warbler/Blue_Winged_Warbler_0066_162062.jpg:161.Blue_winged_Warbler -> 161.Blue_winged_Warbler, 
162.Canada_Warbler/Canada_Warbler_0103_162339.jpg:162.Canada_Warbler -> 162.Canada_Warbler, 184.Louisiana_Waterthrush/Louisiana_Waterthrush_0046_177604.jpg:184.Louisiana_Waterthrush -> 162.Canada_Warbler, 184.Louisiana_Waterthrush/Louisiana_Waterthrush_0046_177604.jpg:184.Louisiana_Waterthrush -> 162.Canada_Warbler, 162.Canada_Warbler/Canada_Warbler_0093_162356.jpg:162.Canada_Warbler -> 116.Chipping_Sparrow, 162.Canada_Warbler/Canada_Warbler_0115_162309.jpg:162.Canada_Warbler -> 162.Canada_Warbler, 162.Canada_Warbler/Canada_Warbler_0021_162325.jpg:162.Canada_Warbler -> 102.Western_Wood_Pewee, 
163.Cape_May_Warbler/Cape_May_Warbler_0104_162958.jpg:163.Cape_May_Warbler -> 163.Cape_May_Warbler, 196.House_Wren/House_Wren_0126_187647.jpg:196.House_Wren -> 163.Cape_May_Warbler, 182.Yellow_Warbler/Yellow_Warbler_0031_176282.jpg:182.Yellow_Warbler -> 163.Cape_May_Warbler, 163.Cape_May_Warbler/Cape_May_Warbler_0005_163197.jpg:163.Cape_May_Warbler -> 158.Bay_breasted_Warbler, 163.Cape_May_Warbler/Cape_May_Warbler_0058_162948.jpg:163.Cape_May_Warbler -> 163.Cape_May_Warbler, 163.Cape_May_Warbler/Cape_May_Warbler_0026_162913.jpg:163.Cape_May_Warbler -> 105.Whip_poor_Will, 
164.Cerulean_Warbler/Cerulean_Warbler_0089_163412.jpg:164.Cerulean_Warbler -> 164.Cerulean_Warbler, 159.Black_and_white_Warbler/Black_And_White_Warbler_0081_110906.jpg:159.Black_and_white_Warbler -> 164.Cerulean_Warbler, 174.Palm_Warbler/Palm_Warbler_0082_168709.jpg:174.Palm_Warbler -> 164.Cerulean_Warbler, 164.Cerulean_Warbler/Cerulean_Warbler_0051_163244.jpg:164.Cerulean_Warbler -> 134.Cape_Glossy_Starling, 164.Cerulean_Warbler/Cerulean_Warbler_0055_163524.jpg:164.Cerulean_Warbler -> 118.House_Sparrow, 164.Cerulean_Warbler/Cerulean_Warbler_0003_163305.jpg:164.Cerulean_Warbler -> 193.Bewick_Wren, 
165.Chestnut_sided_Warbler/Chestnut_Sided_Warbler_0023_164308.jpg:165.Chestnut_sided_Warbler -> 165.Chestnut_sided_Warbler, 111.Loggerhead_Shrike/Loggerhead_Shrike_0075_106153.jpg:111.Loggerhead_Shrike -> 165.Chestnut_sided_Warbler, 160.Black_throated_Blue_Warbler/Black_Throated_Blue_Warbler_0080_161681.jpg:160.Black_throated_Blue_Warbler -> 165.Chestnut_sided_Warbler, 165.Chestnut_sided_Warbler/Chestnut_Sided_Warbler_0063_163927.jpg:165.Chestnut_sided_Warbler -> 102.Western_Wood_Pewee, 165.Chestnut_sided_Warbler/Chestnut_Sided_Warbler_0103_163669.jpg:165.Chestnut_sided_Warbler -> 115.Brewer_Sparrow, 165.Chestnut_sided_Warbler/Chestnut_Sided_Warbler_0126_164090.jpg:165.Chestnut_sided_Warbler -> 123.Henslow_Sparrow, 
171.Myrtle_Warbler/Myrtle_Warbler_0071_166692.jpg:171.Myrtle_Warbler -> 166.Golden_winged_Warbler, 192.Downy_Woodpecker/Downy_Woodpecker_0011_183934.jpg:192.Downy_Woodpecker -> 166.Golden_winged_Warbler, 171.Myrtle_Warbler/Myrtle_Warbler_0043_166708.jpg:171.Myrtle_Warbler -> 166.Golden_winged_Warbler, 166.Golden_winged_Warbler/Golden_Winged_Warbler_0078_794827.jpg:166.Golden_winged_Warbler -> 166.Golden_winged_Warbler, 166.Golden_winged_Warbler/Golden_Winged_Warbler_0060_164368.jpg:166.Golden_winged_Warbler -> 155.Warbling_Vireo, 166.Golden_winged_Warbler/Golden_Winged_Warbler_0075_794848.jpg:166.Golden_winged_Warbler -> 175.Pine_Warbler, 
189.Red_bellied_Woodpecker/Red_Bellied_Woodpecker_0077_182334.jpg:189.Red_bellied_Woodpecker -> 167.Hooded_Warbler, 177.Prothonotary_Warbler/Prothonotary_Warbler_0085_173829.jpg:177.Prothonotary_Warbler -> 167.Hooded_Warbler, 168.Kentucky_Warbler/Kentucky_Warbler_0072_165305.jpg:168.Kentucky_Warbler -> 167.Hooded_Warbler, 167.Hooded_Warbler/Hooded_Warbler_0122_164635.jpg:167.Hooded_Warbler -> 158.Bay_breasted_Warbler, 167.Hooded_Warbler/Hooded_Warbler_0053_164631.jpg:167.Hooded_Warbler -> 109.American_Redstart, 167.Hooded_Warbler/Hooded_Warbler_0011_164801.jpg:167.Hooded_Warbler -> 139.Scarlet_Tanager, 
170.Mourning_Warbler/Mourning_Warbler_0053_795345.jpg:170.Mourning_Warbler -> 168.Kentucky_Warbler, 162.Canada_Warbler/Canada_Warbler_0105_162372.jpg:162.Canada_Warbler -> 168.Kentucky_Warbler, 168.Kentucky_Warbler/Kentucky_Warbler_0004_165358.jpg:168.Kentucky_Warbler -> 168.Kentucky_Warbler, 168.Kentucky_Warbler/Kentucky_Warbler_0059_795905.jpg:168.Kentucky_Warbler -> 154.Red_eyed_Vireo, 168.Kentucky_Warbler/Kentucky_Warbler_0043_165240.jpg:168.Kentucky_Warbler -> 177.Prothonotary_Warbler, 168.Kentucky_Warbler/Kentucky_Warbler_0009_795865.jpg:168.Kentucky_Warbler -> 109.American_Redstart, 
130.Tree_Sparrow/Tree_Sparrow_0062_123000.jpg:130.Tree_Sparrow -> 169.Magnolia_Warbler, 181.Worm_eating_Warbler/Worm_Eating_Warbler_0034_795560.jpg:181.Worm_eating_Warbler -> 169.Magnolia_Warbler, 169.Magnolia_Warbler/Magnolia_Warbler_0015_165817.jpg:169.Magnolia_Warbler -> 169.Magnolia_Warbler, 169.Magnolia_Warbler/Magnolia_Warbler_0043_165774.jpg:169.Magnolia_Warbler -> 116.Chipping_Sparrow, 169.Magnolia_Warbler/Magnolia_Warbler_0123_166389.jpg:169.Magnolia_Warbler -> 125.Lincoln_Sparrow, 169.Magnolia_Warbler/Magnolia_Warbler_0054_165965.jpg:169.Magnolia_Warbler -> 158.Bay_breasted_Warbler, 
155.Warbling_Vireo/Warbling_Vireo_0087_158355.jpg:155.Warbling_Vireo -> 170.Mourning_Warbler, 176.Prairie_Warbler/Prairie_Warbler_0112_173383.jpg:176.Prairie_Warbler -> 170.Mourning_Warbler, 125.Lincoln_Sparrow/Lincoln_Sparrow_0013_117202.jpg:125.Lincoln_Sparrow -> 170.Mourning_Warbler, 170.Mourning_Warbler/Mourning_Warbler_0031_166494.jpg:170.Mourning_Warbler -> 125.Lincoln_Sparrow, 170.Mourning_Warbler/Mourning_Warbler_0040_795370.jpg:170.Mourning_Warbler -> 139.Scarlet_Tanager, 170.Mourning_Warbler/Mourning_Warbler_0073_166524.jpg:170.Mourning_Warbler -> 179.Tennessee_Warbler, 
165.Chestnut_sided_Warbler/Chestnut_Sided_Warbler_0018_164148.jpg:165.Chestnut_sided_Warbler -> 171.Myrtle_Warbler, 122.Harris_Sparrow/Harris_Sparrow_0014_116494.jpg:122.Harris_Sparrow -> 171.Myrtle_Warbler, 171.Myrtle_Warbler/Myrtle_Warbler_0089_166896.jpg:171.Myrtle_Warbler -> 171.Myrtle_Warbler, 171.Myrtle_Warbler/Myrtle_Warbler_0025_166704.jpg:171.Myrtle_Warbler -> 104.American_Pipit, 171.Myrtle_Warbler/Myrtle_Warbler_0067_166828.jpg:171.Myrtle_Warbler -> 189.Red_bellied_Woodpecker, 171.Myrtle_Warbler/Myrtle_Warbler_0007_166897.jpg:171.Myrtle_Warbler -> 170.Mourning_Warbler, 
152.Blue_headed_Vireo/Blue_Headed_Vireo_0116_156049.jpg:152.Blue_headed_Vireo -> 172.Nashville_Warbler, 174.Palm_Warbler/Palm_Warbler_0102_168829.jpg:174.Palm_Warbler -> 172.Nashville_Warbler, 165.Chestnut_sided_Warbler/Chestnut_Sided_Warbler_0128_163696.jpg:165.Chestnut_sided_Warbler -> 172.Nashville_Warbler, 172.Nashville_Warbler/Nashville_Warbler_0051_167250.jpg:172.Nashville_Warbler -> 158.Bay_breasted_Warbler, 172.Nashville_Warbler/Nashville_Warbler_0001_167117.jpg:172.Nashville_Warbler -> 172.Nashville_Warbler, 172.Nashville_Warbler/Nashville_Warbler_0127_167494.jpg:172.Nashville_Warbler -> 154.Red_eyed_Vireo, 
126.Nelson_Sharp_tailed_Sparrow/Nelson_Sharp_Tailed_Sparrow_0058_118023.jpg:126.Nelson_Sharp_tailed_Sparrow -> 173.Orange_crowned_Warbler, 199.Winter_Wren/Winter_Wren_0131_190061.jpg:199.Winter_Wren -> 173.Orange_crowned_Warbler, 189.Red_bellied_Woodpecker/Red_Bellied_Woodpecker_0055_180768.jpg:189.Red_bellied_Woodpecker -> 173.Orange_crowned_Warbler, 173.Orange_crowned_Warbler/Orange_Crowned_Warbler_0090_167607.jpg:173.Orange_crowned_Warbler -> 154.Red_eyed_Vireo, 173.Orange_crowned_Warbler/Orange_Crowned_Warbler_0001_167660.jpg:173.Orange_crowned_Warbler -> 170.Mourning_Warbler, 173.Orange_crowned_Warbler/Orange_Crowned_Warbler_0111_168040.jpg:173.Orange_crowned_Warbler -> 139.Scarlet_Tanager, 
174.Palm_Warbler/Palm_Warbler_0006_169429.jpg:174.Palm_Warbler -> 174.Palm_Warbler, 174.Palm_Warbler/Palm_Warbler_0006_169429.jpg:174.Palm_Warbler -> 174.Palm_Warbler, 174.Palm_Warbler/Palm_Warbler_0006_169429.jpg:174.Palm_Warbler -> 174.Palm_Warbler, 174.Palm_Warbler/Palm_Warbler_0002_169527.jpg:174.Palm_Warbler -> 104.American_Pipit, 174.Palm_Warbler/Palm_Warbler_0067_169318.jpg:174.Palm_Warbler -> 174.Palm_Warbler, 174.Palm_Warbler/Palm_Warbler_0015_169626.jpg:174.Palm_Warbler -> 189.Red_bellied_Woodpecker, 
182.Yellow_Warbler/Yellow_Warbler_0014_176414.jpg:182.Yellow_Warbler -> 175.Pine_Warbler, 157.Yellow_throated_Vireo/Yellow_Throated_Vireo_0084_159639.jpg:157.Yellow_throated_Vireo -> 175.Pine_Warbler, 199.Winter_Wren/Winter_Wren_0083_190025.jpg:199.Winter_Wren -> 175.Pine_Warbler, 175.Pine_Warbler/Pine_Warbler_0111_171040.jpg:175.Pine_Warbler -> 176.Prairie_Warbler, 175.Pine_Warbler/Pine_Warbler_0102_171147.jpg:175.Pine_Warbler -> 175.Pine_Warbler, 175.Pine_Warbler/Pine_Warbler_0129_171035.jpg:175.Pine_Warbler -> 158.Bay_breasted_Warbler, 
176.Prairie_Warbler/Prairie_Warbler_0138_172695.jpg:176.Prairie_Warbler -> 176.Prairie_Warbler, 176.Prairie_Warbler/Prairie_Warbler_0127_172913.jpg:176.Prairie_Warbler -> 176.Prairie_Warbler, 158.Bay_breasted_Warbler/Bay_Breasted_Warbler_0097_159974.jpg:158.Bay_breasted_Warbler -> 176.Prairie_Warbler, 176.Prairie_Warbler/Prairie_Warbler_0063_172682.jpg:176.Prairie_Warbler -> 167.Hooded_Warbler, 176.Prairie_Warbler/Prairie_Warbler_0027_172465.jpg:176.Prairie_Warbler -> 117.Clay_colored_Sparrow, 176.Prairie_Warbler/Prairie_Warbler_0073_172771.jpg:176.Prairie_Warbler -> 126.Nelson_Sharp_tailed_Sparrow, 
161.Blue_winged_Warbler/Blue_Winged_Warbler_0007_161785.jpg:161.Blue_winged_Warbler -> 177.Prothonotary_Warbler, 157.Yellow_throated_Vireo/Yellow_Throated_Vireo_0077_159581.jpg:157.Yellow_throated_Vireo -> 177.Prothonotary_Warbler, 157.Yellow_throated_Vireo/Yellow_Throated_Vireo_0050_794979.jpg:157.Yellow_throated_Vireo -> 177.Prothonotary_Warbler, 177.Prothonotary_Warbler/Prothonotary_Warbler_0023_173788.jpg:177.Prothonotary_Warbler -> 167.Hooded_Warbler, 177.Prothonotary_Warbler/Prothonotary_Warbler_0106_174221.jpg:177.Prothonotary_Warbler -> 200.Common_Yellowthroat, 177.Prothonotary_Warbler/Prothonotary_Warbler_0038_173867.jpg:177.Prothonotary_Warbler -> 175.Pine_Warbler, 
140.Summer_Tanager/Summer_Tanager_0091_139602.jpg:140.Summer_Tanager -> 178.Swainson_Warbler, 181.Worm_eating_Warbler/Worm_Eating_Warbler_0022_176111.jpg:181.Worm_eating_Warbler -> 178.Swainson_Warbler, 140.Summer_Tanager/Summer_Tanager_0091_139602.jpg:140.Summer_Tanager -> 178.Swainson_Warbler, 178.Swainson_Warbler/Swainson_Warbler_0034_794890.jpg:178.Swainson_Warbler -> 105.Whip_poor_Will, 178.Swainson_Warbler/Swainson_Warbler_0041_794893.jpg:178.Swainson_Warbler -> 120.Fox_Sparrow, 178.Swainson_Warbler/Swainson_Warbler_0016_174705.jpg:178.Swainson_Warbler -> 176.Prairie_Warbler, 
122.Harris_Sparrow/Harris_Sparrow_0060_116576.jpg:122.Harris_Sparrow -> 179.Tennessee_Warbler, 161.Blue_winged_Warbler/Blue_Winged_Warbler_0061_161984.jpg:161.Blue_winged_Warbler -> 179.Tennessee_Warbler, 155.Warbling_Vireo/Warbling_Vireo_0056_21117.jpg:155.Warbling_Vireo -> 179.Tennessee_Warbler, 179.Tennessee_Warbler/Tennessee_Warbler_0063_168561.jpg:179.Tennessee_Warbler -> 117.Clay_colored_Sparrow, 179.Tennessee_Warbler/Tennessee_Warbler_0052_175089.jpg:179.Tennessee_Warbler -> 152.Blue_headed_Vireo, 179.Tennessee_Warbler/Tennessee_Warbler_0040_174933.jpg:179.Tennessee_Warbler -> 106.Horned_Puffin, 
180.Wilson_Warbler/Wilson_Warbler_0127_175637.jpg:180.Wilson_Warbler -> 140.Summer_Tanager, 180.Wilson_Warbler/Wilson_Warbler_0043_175491.jpg:180.Wilson_Warbler -> 182.Yellow_Warbler, 180.Wilson_Warbler/Wilson_Warbler_0122_175937.jpg:180.Wilson_Warbler -> 132.White_crowned_Sparrow, 180.Wilson_Warbler/Wilson_Warbler_0047_175304.jpg:180.Wilson_Warbler -> 140.Summer_Tanager, 180.Wilson_Warbler/Wilson_Warbler_0018_175389.jpg:180.Wilson_Warbler -> 152.Blue_headed_Vireo, 180.Wilson_Warbler/Wilson_Warbler_0073_175876.jpg:180.Wilson_Warbler -> 172.Nashville_Warbler, 
181.Worm_eating_Warbler/Worm_Eating_Warbler_0086_176073.jpg:181.Worm_eating_Warbler -> 170.Mourning_Warbler, 181.Worm_eating_Warbler/Worm_Eating_Warbler_0092_795524.jpg:181.Worm_eating_Warbler -> 102.Western_Wood_Pewee, 181.Worm_eating_Warbler/Worm_Eating_Warbler_0076_176086.jpg:181.Worm_eating_Warbler -> 104.American_Pipit, 181.Worm_eating_Warbler/Worm_Eating_Warbler_0023_176118.jpg:181.Worm_eating_Warbler -> 197.Marsh_Wren, 181.Worm_eating_Warbler/Worm_Eating_Warbler_0081_175971.jpg:181.Worm_eating_Warbler -> 104.American_Pipit, 181.Worm_eating_Warbler/Worm_Eating_Warbler_0046_176053.jpg:181.Worm_eating_Warbler -> 140.Summer_Tanager, 
156.White_eyed_Vireo/White_Eyed_Vireo_0001_159237.jpg:156.White_eyed_Vireo -> 182.Yellow_Warbler, 127.Savannah_Sparrow/Savannah_Sparrow_0032_120109.jpg:127.Savannah_Sparrow -> 182.Yellow_Warbler, 186.Cedar_Waxwing/Cedar_Waxwing_0028_179724.jpg:186.Cedar_Waxwing -> 182.Yellow_Warbler, 182.Yellow_Warbler/Yellow_Warbler_0028_176391.jpg:182.Yellow_Warbler -> 140.Summer_Tanager, 182.Yellow_Warbler/Yellow_Warbler_0021_176421.jpg:182.Yellow_Warbler -> 139.Scarlet_Tanager, 182.Yellow_Warbler/Yellow_Warbler_0063_176800.jpg:182.Yellow_Warbler -> 127.Savannah_Sparrow, 
149.Brown_Thrasher/Brown_Thrasher_0085_155445.jpg:149.Brown_Thrasher -> 183.Northern_Waterthrush, 104.American_Pipit/American_Pipit_0066_99961.jpg:104.American_Pipit -> 183.Northern_Waterthrush, 122.Harris_Sparrow/Harris_Sparrow_0087_116490.jpg:122.Harris_Sparrow -> 183.Northern_Waterthrush, 183.Northern_Waterthrush/Northern_Waterthrush_0020_177149.jpg:183.Northern_Waterthrush -> 196.House_Wren, 183.Northern_Waterthrush/Northern_Waterthrush_0081_176972.jpg:183.Northern_Waterthrush -> 104.American_Pipit, 183.Northern_Waterthrush/Northern_Waterthrush_0024_177293.jpg:183.Northern_Waterthrush -> 178.Swainson_Warbler, 
183.Northern_Waterthrush/Northern_Waterthrush_0090_177283.jpg:183.Northern_Waterthrush -> 184.Louisiana_Waterthrush, 184.Louisiana_Waterthrush/Louisiana_Waterthrush_0044_177526.jpg:184.Louisiana_Waterthrush -> 184.Louisiana_Waterthrush, 183.Northern_Waterthrush/Northern_Waterthrush_0090_177283.jpg:183.Northern_Waterthrush -> 184.Louisiana_Waterthrush, 184.Louisiana_Waterthrush/Louisiana_Waterthrush_0042_177551.jpg:184.Louisiana_Waterthrush -> 200.Common_Yellowthroat, 184.Louisiana_Waterthrush/Louisiana_Waterthrush_0059_177449.jpg:184.Louisiana_Waterthrush -> 159.Black_and_white_Warbler, 184.Louisiana_Waterthrush/Louisiana_Waterthrush_0048_795277.jpg:184.Louisiana_Waterthrush -> 106.Horned_Puffin, 
107.Common_Raven/Common_Raven_0054_101750.jpg:107.Common_Raven -> 185.Bohemian_Waxwing, 188.Pileated_Woodpecker/Pileated_Woodpecker_0039_180012.jpg:188.Pileated_Woodpecker -> 185.Bohemian_Waxwing, 185.Bohemian_Waxwing/Bohemian_Waxwing_0101_796653.jpg:185.Bohemian_Waxwing -> 185.Bohemian_Waxwing, 185.Bohemian_Waxwing/Bohemian_Waxwing_0037_796638.jpg:185.Bohemian_Waxwing -> 189.Red_bellied_Woodpecker, 185.Bohemian_Waxwing/Bohemian_Waxwing_0041_177630.jpg:185.Bohemian_Waxwing -> 186.Cedar_Waxwing, 185.Bohemian_Waxwing/Bohemian_Waxwing_0036_796661.jpg:185.Bohemian_Waxwing -> 185.Bohemian_Waxwing, 
186.Cedar_Waxwing/Cedar_Waxwing_0061_179305.jpg:186.Cedar_Waxwing -> 186.Cedar_Waxwing, 162.Canada_Warbler/Canada_Warbler_0113_162403.jpg:162.Canada_Warbler -> 186.Cedar_Waxwing, 186.Cedar_Waxwing/Cedar_Waxwing_0076_178732.jpg:186.Cedar_Waxwing -> 186.Cedar_Waxwing, 186.Cedar_Waxwing/Cedar_Waxwing_0041_179183.jpg:186.Cedar_Waxwing -> 109.American_Redstart, 186.Cedar_Waxwing/Cedar_Waxwing_0118_178779.jpg:186.Cedar_Waxwing -> 186.Cedar_Waxwing, 186.Cedar_Waxwing/Cedar_Waxwing_0113_178627.jpg:186.Cedar_Waxwing -> 186.Cedar_Waxwing, 
149.Brown_Thrasher/Brown_Thrasher_0014_155421.jpg:149.Brown_Thrasher -> 187.American_Three_toed_Woodpecker, 164.Cerulean_Warbler/Cerulean_Warbler_0072_163200.jpg:164.Cerulean_Warbler -> 187.American_Three_toed_Woodpecker, 105.Whip_poor_Will/Whip_Poor_Will_0031_100397.jpg:105.Whip_poor_Will -> 187.American_Three_toed_Woodpecker, 187.American_Three_toed_Woodpecker/American_Three_Toed_Woodpecker_0027_796147.jpg:187.American_Three_toed_Woodpecker -> 104.American_Pipit, 187.American_Three_toed_Woodpecker/American_Three_Toed_Woodpecker_0024_179876.jpg:187.American_Three_toed_Woodpecker -> 187.American_Three_toed_Woodpecker, 187.American_Three_toed_Woodpecker/American_Three_Toed_Woodpecker_0045_796148.jpg:187.American_Three_toed_Woodpecker -> 190.Red_cockaded_Woodpecker, 
185.Bohemian_Waxwing/Bohemian_Waxwing_0098_178009.jpg:185.Bohemian_Waxwing -> 188.Pileated_Woodpecker, 102.Western_Wood_Pewee/Western_Wood_Pewee_0050_98241.jpg:102.Western_Wood_Pewee -> 188.Pileated_Woodpecker, 188.Pileated_Woodpecker/Pileated_Woodpecker_0075_180480.jpg:188.Pileated_Woodpecker -> 188.Pileated_Woodpecker, 188.Pileated_Woodpecker/Pileated_Woodpecker_0121_180026.jpg:188.Pileated_Woodpecker -> 190.Red_cockaded_Woodpecker, 188.Pileated_Woodpecker/Pileated_Woodpecker_0059_180177.jpg:188.Pileated_Woodpecker -> 105.Whip_poor_Will, 188.Pileated_Woodpecker/Pileated_Woodpecker_0080_180589.jpg:188.Pileated_Woodpecker -> 107.Common_Raven, 
140.Summer_Tanager/Summer_Tanager_0063_139743.jpg:140.Summer_Tanager -> 189.Red_bellied_Woodpecker, 174.Palm_Warbler/Palm_Warbler_0015_169626.jpg:174.Palm_Warbler -> 189.Red_bellied_Woodpecker, 197.Marsh_Wren/Marsh_Wren_0040_188252.jpg:197.Marsh_Wren -> 189.Red_bellied_Woodpecker, 189.Red_bellied_Woodpecker/Red_Bellied_Woodpecker_0078_181887.jpg:189.Red_bellied_Woodpecker -> 190.Red_cockaded_Woodpecker, 189.Red_bellied_Woodpecker/Red_Bellied_Woodpecker_0070_181182.jpg:189.Red_bellied_Woodpecker -> 189.Red_bellied_Woodpecker, 189.Red_bellied_Woodpecker/Red_Bellied_Woodpecker_0123_182116.jpg:189.Red_bellied_Woodpecker -> 157.Yellow_throated_Vireo, 
188.Pileated_Woodpecker/Pileated_Woodpecker_0012_179976.jpg:188.Pileated_Woodpecker -> 190.Red_cockaded_Woodpecker, 190.Red_cockaded_Woodpecker/Red_Cockaded_Woodpecker_0057_794725.jpg:190.Red_cockaded_Woodpecker -> 190.Red_cockaded_Woodpecker, 188.Pileated_Woodpecker/Pileated_Woodpecker_0106_180446.jpg:188.Pileated_Woodpecker -> 190.Red_cockaded_Woodpecker, 190.Red_cockaded_Woodpecker/Red_Cockaded_Woodpecker_0035_182435.jpg:190.Red_cockaded_Woodpecker -> 190.Red_cockaded_Woodpecker, 190.Red_cockaded_Woodpecker/Red_Cockaded_Woodpecker_0008_794753.jpg:190.Red_cockaded_Woodpecker -> 190.Red_cockaded_Woodpecker, 190.Red_cockaded_Woodpecker/Red_Cockaded_Woodpecker_0054_794699.jpg:190.Red_cockaded_Woodpecker -> 190.Red_cockaded_Woodpecker, 
185.Bohemian_Waxwing/Bohemian_Waxwing_0060_796642.jpg:185.Bohemian_Waxwing -> 191.Red_headed_Woodpecker, 185.Bohemian_Waxwing/Bohemian_Waxwing_0060_796642.jpg:185.Bohemian_Waxwing -> 191.Red_headed_Woodpecker, 186.Cedar_Waxwing/Cedar_Waxwing_0101_179707.jpg:186.Cedar_Waxwing -> 191.Red_headed_Woodpecker, 191.Red_headed_Woodpecker/Red_Headed_Woodpecker_0049_183229.jpg:191.Red_headed_Woodpecker -> 168.Kentucky_Warbler, 191.Red_headed_Woodpecker/Red_Headed_Woodpecker_0085_182703.jpg:191.Red_headed_Woodpecker -> 178.Swainson_Warbler, 191.Red_headed_Woodpecker/Red_Headed_Woodpecker_0078_183427.jpg:191.Red_headed_Woodpecker -> 139.Scarlet_Tanager, 
192.Downy_Woodpecker/Downy_Woodpecker_0032_184622.jpg:192.Downy_Woodpecker -> 192.Downy_Woodpecker, 190.Red_cockaded_Woodpecker/Red_Cockaded_Woodpecker_0051_182347.jpg:190.Red_cockaded_Woodpecker -> 192.Downy_Woodpecker, 180.Wilson_Warbler/Wilson_Warbler_0070_175169.jpg:180.Wilson_Warbler -> 192.Downy_Woodpecker, 192.Downy_Woodpecker/Downy_Woodpecker_0025_184545.jpg:192.Downy_Woodpecker -> 135.Bank_Swallow, 192.Downy_Woodpecker/Downy_Woodpecker_0048_184164.jpg:192.Downy_Woodpecker -> 187.American_Three_toed_Woodpecker, 192.Downy_Woodpecker/Downy_Woodpecker_0096_184532.jpg:192.Downy_Woodpecker -> 187.American_Three_toed_Woodpecker, 
196.House_Wren/House_Wren_0045_187374.jpg:196.House_Wren -> 193.Bewick_Wren, 167.Hooded_Warbler/Hooded_Warbler_0117_165106.jpg:167.Hooded_Warbler -> 193.Bewick_Wren, 168.Kentucky_Warbler/Kentucky_Warbler_0025_165304.jpg:168.Kentucky_Warbler -> 193.Bewick_Wren, 193.Bewick_Wren/Bewick_Wren_0084_184715.jpg:193.Bewick_Wren -> 176.Prairie_Warbler, 193.Bewick_Wren/Bewick_Wren_0054_184902.jpg:193.Bewick_Wren -> 173.Orange_crowned_Warbler, 193.Bewick_Wren/Bewick_Wren_0005_184699.jpg:193.Bewick_Wren -> 193.Bewick_Wren, 
194.Cactus_Wren/Cactus_Wren_0058_185903.jpg:194.Cactus_Wren -> 194.Cactus_Wren, 194.Cactus_Wren/Cactus_Wren_0014_185993.jpg:194.Cactus_Wren -> 194.Cactus_Wren, 110.Geococcyx/Geococcyx_0038_104266.jpg:110.Geococcyx -> 194.Cactus_Wren, 194.Cactus_Wren/Cactus_Wren_0036_185563.jpg:194.Cactus_Wren -> 190.Red_cockaded_Woodpecker, 194.Cactus_Wren/Cactus_Wren_0016_185582.jpg:194.Cactus_Wren -> 194.Cactus_Wren, 194.Cactus_Wren/Cactus_Wren_0063_185589.jpg:194.Cactus_Wren -> 118.House_Sparrow, 
110.Geococcyx/Geococcyx_0065_104806.jpg:110.Geococcyx -> 195.Carolina_Wren, 199.Winter_Wren/Winter_Wren_0072_189521.jpg:199.Winter_Wren -> 195.Carolina_Wren, 130.Tree_Sparrow/Tree_Sparrow_0053_122933.jpg:130.Tree_Sparrow -> 195.Carolina_Wren, 195.Carolina_Wren/Carolina_Wren_0035_186356.jpg:195.Carolina_Wren -> 143.Caspian_Tern, 195.Carolina_Wren/Carolina_Wren_0068_186830.jpg:195.Carolina_Wren -> 139.Scarlet_Tanager, 195.Carolina_Wren/Carolina_Wren_0080_186919.jpg:195.Carolina_Wren -> 113.Baird_Sparrow, 
138.Tree_Swallow/Tree_Swallow_0073_134997.jpg:138.Tree_Swallow -> 196.House_Wren, 103.Sayornis/Sayornis_0108_98553.jpg:103.Sayornis -> 196.House_Wren, 129.Song_Sparrow/Song_Sparrow_0077_121196.jpg:129.Song_Sparrow -> 196.House_Wren, 196.House_Wren/House_Wren_0112_187355.jpg:196.House_Wren -> 190.Red_cockaded_Woodpecker, 196.House_Wren/House_Wren_0063_188076.jpg:196.House_Wren -> 152.Blue_headed_Vireo, 196.House_Wren/House_Wren_0086_187815.jpg:196.House_Wren -> 198.Rock_Wren, 
193.Bewick_Wren/Bewick_Wren_0087_184918.jpg:193.Bewick_Wren -> 197.Marsh_Wren, 189.Red_bellied_Woodpecker/Red_Bellied_Woodpecker_0009_180961.jpg:189.Red_bellied_Woodpecker -> 197.Marsh_Wren, 161.Blue_winged_Warbler/Blue_Winged_Warbler_0091_162051.jpg:161.Blue_winged_Warbler -> 197.Marsh_Wren, 197.Marsh_Wren/Marsh_Wren_0118_188512.jpg:197.Marsh_Wren -> 197.Marsh_Wren, 197.Marsh_Wren/Marsh_Wren_0050_188657.jpg:197.Marsh_Wren -> 109.American_Redstart, 197.Marsh_Wren/Marsh_Wren_0076_188108.jpg:197.Marsh_Wren -> 135.Bank_Swallow, 
199.Winter_Wren/Winter_Wren_0019_189533.jpg:199.Winter_Wren -> 198.Rock_Wren, 194.Cactus_Wren/Cactus_Wren_0008_186083.jpg:194.Cactus_Wren -> 198.Rock_Wren, 150.Sage_Thrasher/Sage_Thrasher_0005_155569.jpg:150.Sage_Thrasher -> 198.Rock_Wren, 198.Rock_Wren/Rock_Wren_0069_188969.jpg:198.Rock_Wren -> 198.Rock_Wren, 198.Rock_Wren/Rock_Wren_0065_188995.jpg:198.Rock_Wren -> 198.Rock_Wren, 198.Rock_Wren/Rock_Wren_0036_189245.jpg:198.Rock_Wren -> 131.Vesper_Sparrow, 
138.Tree_Swallow/Tree_Swallow_0058_134987.jpg:138.Tree_Swallow -> 199.Winter_Wren, 123.Henslow_Sparrow/Henslow_Sparrow_0061_116751.jpg:123.Henslow_Sparrow -> 199.Winter_Wren, 138.Tree_Swallow/Tree_Swallow_0058_134987.jpg:138.Tree_Swallow -> 199.Winter_Wren, 199.Winter_Wren/Winter_Wren_0141_190152.jpg:199.Winter_Wren -> 197.Marsh_Wren, 199.Winter_Wren/Winter_Wren_0082_189549.jpg:199.Winter_Wren -> 195.Carolina_Wren, 199.Winter_Wren/Winter_Wren_0065_189675.jpg:199.Winter_Wren -> 118.House_Sparrow, 
200.Common_Yellowthroat/Common_Yellowthroat_0004_190606.jpg:200.Common_Yellowthroat -> 200.Common_Yellowthroat, 200.Common_Yellowthroat/Common_Yellowthroat_0071_190665.jpg:200.Common_Yellowthroat -> 200.Common_Yellowthroat, 200.Common_Yellowthroat/Common_Yellowthroat_0039_190513.jpg:200.Common_Yellowthroat -> 200.Common_Yellowthroat, 200.Common_Yellowthroat/Common_Yellowthroat_0059_190584.jpg:200.Common_Yellowthroat -> 173.Orange_crowned_Warbler, 200.Common_Yellowthroat/Common_Yellowthroat_0055_190967.jpg:200.Common_Yellowthroat -> 161.Blue_winged_Warbler, 200.Common_Yellowthroat/Common_Yellowthroat_0086_190639.jpg:200.Common_Yellowthroat -> 170.Mourning_Warbler, 
