061.Heermann_Gull/Heermann_Gull_0138_45269.jpg:061.Heermann_Gull -> 061.Heermann_Gull, 061.Heermann_Gull/Heermann_Gull_0098_45753.jpg:061.Heermann_Gull -> 061.Heermann_Gull, 081.Pied_Kingfisher/Pied_Kingfisher_0117_71947.jpg:081.Pied_Kingfisher -> 061.Heermann_Gull, 061.Heermann_Gull/Heermann_Gull_0034_45693.jpg:061.Heermann_Gull -> 072.Pomarine_Jaeger, 061.Heermann_Gull/Heermann_Gull_0079_45468.jpg:061.Heermann_Gull -> 100.Brown_Pelican, 061.Heermann_Gull/Heermann_Gull_0100_45440.jpg:061.Heermann_Gull -> 061.Heermann_Gull, 
062.Herring_Gull/Herring_Gull_0105_46113.jpg:062.Herring_Gull -> 062.Herring_Gull, 084.Red_legged_Kittiwake/Red_Legged_Kittiwake_0015_73792.jpg:084.Red_legged_Kittiwake -> 062.Herring_Gull, 084.Red_legged_Kittiwake/Red_Legged_Kittiwake_0064_795422.jpg:084.Red_legged_Kittiwake -> 062.Herring_Gull, 062.Herring_Gull/Herring_Gull_0055_47994.jpg:062.Herring_Gull -> 061.Heermann_Gull, 062.Herring_Gull/Herring_Gull_0083_48674.jpg:062.Herring_Gull -> 064.Ring_billed_Gull, 062.Herring_Gull/Herring_Gull_0068_46392.jpg:062.Herring_Gull -> 064.Ring_billed_Gull, 
087.Mallard/Mallard_0071_76940.jpg:087.Mallard -> 063.Ivory_Gull, 086.Pacific_Loon/Pacific_Loon_0002_75775.jpg:086.Pacific_Loon -> 063.Ivory_Gull, 063.Ivory_Gull/Ivory_Gull_0055_49353.jpg:063.Ivory_Gull -> 063.Ivory_Gull, 063.Ivory_Gull/Ivory_Gull_0014_48983.jpg:063.Ivory_Gull -> 081.Pied_Kingfisher, 063.Ivory_Gull/Ivory_Gull_0107_49186.jpg:063.Ivory_Gull -> 070.Green_Violetear, 063.Ivory_Gull/Ivory_Gull_0110_49408.jpg:063.Ivory_Gull -> 066.Western_Gull, 
084.Red_legged_Kittiwake/Red_Legged_Kittiwake_0020_795439.jpg:084.Red_legged_Kittiwake -> 064.Ring_billed_Gull, 064.Ring_billed_Gull/Ring_Billed_Gull_0104_52614.jpg:064.Ring_billed_Gull -> 064.Ring_billed_Gull, 066.Western_Gull/Western_Gull_0080_53445.jpg:066.Western_Gull -> 064.Ring_billed_Gull, 064.Ring_billed_Gull/Ring_Billed_Gull_0119_51551.jpg:064.Ring_billed_Gull -> 093.Clark_Nutcracker, 064.Ring_billed_Gull/Ring_Billed_Gull_0051_51440.jpg:064.Ring_billed_Gull -> 064.Ring_billed_Gull, 064.Ring_billed_Gull/Ring_Billed_Gull_0020_50204.jpg:064.Ring_billed_Gull -> 099.Ovenbird, 
087.Mallard/Mallard_0086_76567.jpg:087.Mallard -> 065.Slaty_backed_Gull, 087.Mallard/Mallard_0086_76567.jpg:087.Mallard -> 065.Slaty_backed_Gull, 061.Heermann_Gull/Heermann_Gull_0008_45839.jpg:061.Heermann_Gull -> 065.Slaty_backed_Gull, 065.Slaty_backed_Gull/Slaty_Backed_Gull_0035_796026.jpg:065.Slaty_backed_Gull -> 070.Green_Violetear, 065.Slaty_backed_Gull/Slaty_Backed_Gull_0003_796032.jpg:065.Slaty_backed_Gull -> 066.Western_Gull, 065.Slaty_backed_Gull/Slaty_Backed_Gull_0079_796020.jpg:065.Slaty_backed_Gull -> 063.Ivory_Gull, 
066.Western_Gull/Western_Gull_0021_54649.jpg:066.Western_Gull -> 066.Western_Gull, 084.Red_legged_Kittiwake/Red_Legged_Kittiwake_0039_795429.jpg:084.Red_legged_Kittiwake -> 066.Western_Gull, 066.Western_Gull/Western_Gull_0021_54649.jpg:066.Western_Gull -> 066.Western_Gull, 066.Western_Gull/Western_Gull_0097_54508.jpg:066.Western_Gull -> 066.Western_Gull, 066.Western_Gull/Western_Gull_0051_54320.jpg:066.Western_Gull -> 066.Western_Gull, 066.Western_Gull/Western_Gull_0006_53504.jpg:066.Western_Gull -> 089.Hooded_Merganser, 
091.Mockingbird/Mockingbird_0013_82010.jpg:091.Mockingbird -> 067.Anna_Hummingbird, 100.Brown_Pelican/Brown_Pelican_0077_93464.jpg:100.Brown_Pelican -> 067.Anna_Hummingbird, 066.Western_Gull/Western_Gull_0002_54825.jpg:066.Western_Gull -> 067.Anna_Hummingbird, 067.Anna_Hummingbird/Anna_Hummingbird_0006_55871.jpg:067.Anna_Hummingbird -> 067.Anna_Hummingbird, 067.Anna_Hummingbird/Anna_Hummingbird_0085_56756.jpg:067.Anna_Hummingbird -> 070.Green_Violetear, 067.Anna_Hummingbird/Anna_Hummingbird_0023_55841.jpg:067.Anna_Hummingbird -> 068.Ruby_throated_Hummingbird, 
069.Rufous_Hummingbird/Rufous_Hummingbird_0045_59533.jpg:069.Rufous_Hummingbird -> 068.Ruby_throated_Hummingbird, 068.Ruby_throated_Hummingbird/Ruby_Throated_Hummingbird_0126_57371.jpg:068.Ruby_throated_Hummingbird -> 068.Ruby_throated_Hummingbird, 067.Anna_Hummingbird/Anna_Hummingbird_0038_57036.jpg:067.Anna_Hummingbird -> 068.Ruby_throated_Hummingbird, 068.Ruby_throated_Hummingbird/Ruby_Throated_Hummingbird_0058_57298.jpg:068.Ruby_throated_Hummingbird -> 068.Ruby_throated_Hummingbird, 068.Ruby_throated_Hummingbird/Ruby_Throated_Hummingbird_0049_57891.jpg:068.Ruby_throated_Hummingbird -> 068.Ruby_throated_Hummingbird, 068.Ruby_throated_Hummingbird/Ruby_Throated_Hummingbird_0083_57397.jpg:068.Ruby_throated_Hummingbird -> 068.Ruby_throated_Hummingbird, 
067.Anna_Hummingbird/Anna_Hummingbird_0001_56960.jpg:067.Anna_Hummingbird -> 069.Rufous_Hummingbird, 080.Green_Kingfisher/Green_Kingfisher_0063_71345.jpg:080.Green_Kingfisher -> 069.Rufous_Hummingbird, 080.Green_Kingfisher/Green_Kingfisher_0063_71345.jpg:080.Green_Kingfisher -> 069.Rufous_Hummingbird, 069.Rufous_Hummingbird/Rufous_Hummingbird_0115_59202.jpg:069.Rufous_Hummingbird -> 064.Ring_billed_Gull, 069.Rufous_Hummingbird/Rufous_Hummingbird_0021_58408.jpg:069.Rufous_Hummingbird -> 070.Green_Violetear, 069.Rufous_Hummingbird/Rufous_Hummingbird_0120_59900.jpg:069.Rufous_Hummingbird -> 064.Ring_billed_Gull, 
067.Anna_Hummingbird/Anna_Hummingbird_0115_55766.jpg:067.Anna_Hummingbird -> 070.Green_Violetear, 069.Rufous_Hummingbird/Rufous_Hummingbird_0021_58408.jpg:069.Rufous_Hummingbird -> 070.Green_Violetear, 081.Pied_Kingfisher/Pied_Kingfisher_0097_71895.jpg:081.Pied_Kingfisher -> 070.Green_Violetear, 070.Green_Violetear/Green_Violetear_0078_60844.jpg:070.Green_Violetear -> 070.Green_Violetear, 070.Green_Violetear/Green_Violetear_0031_60774.jpg:070.Green_Violetear -> 070.Green_Violetear, 070.Green_Violetear/Green_Violetear_0081_795638.jpg:070.Green_Violetear -> 070.Green_Violetear, 
092.Nighthawk/Nighthawk_0054_795337.jpg:092.Nighthawk -> 071.Long_tailed_Jaeger, 092.Nighthawk/Nighthawk_0090_82579.jpg:092.Nighthawk -> 071.Long_tailed_Jaeger, 071.Long_tailed_Jaeger/Long_Tailed_Jaeger_0035_797100.jpg:071.Long_tailed_Jaeger -> 071.Long_tailed_Jaeger, 071.Long_tailed_Jaeger/Long_Tailed_Jaeger_0019_60970.jpg:071.Long_tailed_Jaeger -> 078.Gray_Kingbird, 071.Long_tailed_Jaeger/Long_Tailed_Jaeger_0036_797076.jpg:071.Long_tailed_Jaeger -> 100.Brown_Pelican, 071.Long_tailed_Jaeger/Long_Tailed_Jaeger_0030_60961.jpg:071.Long_tailed_Jaeger -> 062.Herring_Gull, 
094.White_breasted_Nuthatch/White_Breasted_Nuthatch_0025_85803.jpg:094.White_breasted_Nuthatch -> 072.Pomarine_Jaeger, 100.Brown_Pelican/Brown_Pelican_0102_93727.jpg:100.Brown_Pelican -> 072.Pomarine_Jaeger, 074.Florida_Jay/Florida_Jay_0027_64689.jpg:074.Florida_Jay -> 072.Pomarine_Jaeger, 072.Pomarine_Jaeger/Pomarine_Jaeger_0072_795743.jpg:072.Pomarine_Jaeger -> 072.Pomarine_Jaeger, 072.Pomarine_Jaeger/Pomarine_Jaeger_0062_61351.jpg:072.Pomarine_Jaeger -> 064.Ring_billed_Gull, 072.Pomarine_Jaeger/Pomarine_Jaeger_0058_795746.jpg:072.Pomarine_Jaeger -> 072.Pomarine_Jaeger, 
073.Blue_Jay/Blue_Jay_0066_61490.jpg:073.Blue_Jay -> 073.Blue_Jay, 074.Florida_Jay/Florida_Jay_0011_64920.jpg:074.Florida_Jay -> 073.Blue_Jay, 074.Florida_Jay/Florida_Jay_0095_64707.jpg:074.Florida_Jay -> 073.Blue_Jay, 073.Blue_Jay/Blue_Jay_0024_63167.jpg:073.Blue_Jay -> 077.Tropical_Kingbird, 073.Blue_Jay/Blue_Jay_0024_63167.jpg:073.Blue_Jay -> 077.Tropical_Kingbird, 073.Blue_Jay/Blue_Jay_0035_63560.jpg:073.Blue_Jay -> 073.Blue_Jay, 
074.Florida_Jay/Florida_Jay_0093_64675.jpg:074.Florida_Jay -> 074.Florida_Jay, 073.Blue_Jay/Blue_Jay_0095_63505.jpg:073.Blue_Jay -> 074.Florida_Jay, 074.Florida_Jay/Florida_Jay_0026_64938.jpg:074.Florida_Jay -> 074.Florida_Jay, 074.Florida_Jay/Florida_Jay_0005_64940.jpg:074.Florida_Jay -> 074.Florida_Jay, 074.Florida_Jay/Florida_Jay_0105_64522.jpg:074.Florida_Jay -> 073.Blue_Jay, 074.Florida_Jay/Florida_Jay_0018_64994.jpg:074.Florida_Jay -> 070.Green_Violetear, 
083.White_breasted_Kingfisher/White_Breasted_Kingfisher_0104_73398.jpg:083.White_breasted_Kingfisher -> 075.Green_Jay, 082.Ringed_Kingfisher/Ringed_Kingfisher_0053_72875.jpg:082.Ringed_Kingfisher -> 075.Green_Jay, 075.Green_Jay/Green_Jay_0055_65807.jpg:075.Green_Jay -> 075.Green_Jay, 075.Green_Jay/Green_Jay_0074_65889.jpg:075.Green_Jay -> 075.Green_Jay, 075.Green_Jay/Green_Jay_0051_65662.jpg:075.Green_Jay -> 086.Pacific_Loon, 075.Green_Jay/Green_Jay_0038_65702.jpg:075.Green_Jay -> 074.Florida_Jay, 
076.Dark_eyed_Junco/Dark_Eyed_Junco_0096_68514.jpg:076.Dark_eyed_Junco -> 076.Dark_eyed_Junco, 076.Dark_eyed_Junco/Dark_Eyed_Junco_0130_67867.jpg:076.Dark_eyed_Junco -> 076.Dark_eyed_Junco, 071.Long_tailed_Jaeger/Long_Tailed_Jaeger_0029_61101.jpg:071.Long_tailed_Jaeger -> 076.Dark_eyed_Junco, 076.Dark_eyed_Junco/Dark_Eyed_Junco_0114_67964.jpg:076.Dark_eyed_Junco -> 094.White_breasted_Nuthatch, 076.Dark_eyed_Junco/Dark_Eyed_Junco_0103_67700.jpg:076.Dark_eyed_Junco -> 074.Florida_Jay, 076.Dark_eyed_Junco/Dark_Eyed_Junco_0012_66932.jpg:076.Dark_eyed_Junco -> 076.Dark_eyed_Junco, 
098.Scott_Oriole/Scott_Oriole_0073_92369.jpg:098.Scott_Oriole -> 077.Tropical_Kingbird, 089.Hooded_Merganser/Hooded_Merganser_0014_796739.jpg:089.Hooded_Merganser -> 077.Tropical_Kingbird, 082.Ringed_Kingfisher/Ringed_Kingfisher_0075_73135.jpg:082.Ringed_Kingfisher -> 077.Tropical_Kingbird, 077.Tropical_Kingbird/Tropical_Kingbird_0081_69656.jpg:077.Tropical_Kingbird -> 067.Anna_Hummingbird, 077.Tropical_Kingbird/Tropical_Kingbird_0003_69852.jpg:077.Tropical_Kingbird -> 076.Dark_eyed_Junco, 077.Tropical_Kingbird/Tropical_Kingbird_0110_69731.jpg:077.Tropical_Kingbird -> 085.Horned_Lark, 
097.Orchard_Oriole/Orchard_Oriole_0033_91532.jpg:097.Orchard_Oriole -> 078.Gray_Kingbird, 078.Gray_Kingbird/Gray_Kingbird_0005_70103.jpg:078.Gray_Kingbird -> 078.Gray_Kingbird, 078.Gray_Kingbird/Gray_Kingbird_0037_70050.jpg:078.Gray_Kingbird -> 078.Gray_Kingbird, 078.Gray_Kingbird/Gray_Kingbird_0055_70290.jpg:078.Gray_Kingbird -> 090.Red_breasted_Merganser, 078.Gray_Kingbird/Gray_Kingbird_0030_70110.jpg:078.Gray_Kingbird -> 093.Clark_Nutcracker, 078.Gray_Kingbird/Gray_Kingbird_0076_70070.jpg:078.Gray_Kingbird -> 085.Horned_Lark, 
098.Scott_Oriole/Scott_Oriole_0043_795828.jpg:098.Scott_Oriole -> 079.Belted_Kingfisher, 077.Tropical_Kingbird/Tropical_Kingbird_0066_69320.jpg:077.Tropical_Kingbird -> 079.Belted_Kingfisher, 079.Belted_Kingfisher/Belted_Kingfisher_0020_70922.jpg:079.Belted_Kingfisher -> 079.Belted_Kingfisher, 079.Belted_Kingfisher/Belted_Kingfisher_0019_70744.jpg:079.Belted_Kingfisher -> 079.Belted_Kingfisher, 079.Belted_Kingfisher/Belted_Kingfisher_0013_70753.jpg:079.Belted_Kingfisher -> 091.Mockingbird, 079.Belted_Kingfisher/Belted_Kingfisher_0071_70584.jpg:079.Belted_Kingfisher -> 080.Green_Kingfisher, 
092.Nighthawk/Nighthawk_0027_84697.jpg:092.Nighthawk -> 080.Green_Kingfisher, 098.Scott_Oriole/Scott_Oriole_0035_795851.jpg:098.Scott_Oriole -> 080.Green_Kingfisher, 076.Dark_eyed_Junco/Dark_Eyed_Junco_0071_67426.jpg:076.Dark_eyed_Junco -> 080.Green_Kingfisher, 080.Green_Kingfisher/Green_Kingfisher_0079_71267.jpg:080.Green_Kingfisher -> 068.Ruby_throated_Hummingbird, 080.Green_Kingfisher/Green_Kingfisher_0060_66074.jpg:080.Green_Kingfisher -> 080.Green_Kingfisher, 080.Green_Kingfisher/Green_Kingfisher_0021_71009.jpg:080.Green_Kingfisher -> 080.Green_Kingfisher, 
071.Long_tailed_Jaeger/Long_Tailed_Jaeger_0054_797088.jpg:071.Long_tailed_Jaeger -> 081.Pied_Kingfisher, 081.Pied_Kingfisher/Pied_Kingfisher_0017_72316.jpg:081.Pied_Kingfisher -> 081.Pied_Kingfisher, 092.Nighthawk/Nighthawk_0059_82741.jpg:092.Nighthawk -> 081.Pied_Kingfisher, 081.Pied_Kingfisher/Pied_Kingfisher_0121_72378.jpg:081.Pied_Kingfisher -> 080.Green_Kingfisher, 081.Pied_Kingfisher/Pied_Kingfisher_0118_72115.jpg:081.Pied_Kingfisher -> 067.Anna_Hummingbird, 081.Pied_Kingfisher/Pied_Kingfisher_0007_72438.jpg:081.Pied_Kingfisher -> 063.Ivory_Gull, 
079.Belted_Kingfisher/Belted_Kingfisher_0072_70924.jpg:079.Belted_Kingfisher -> 082.Ringed_Kingfisher, 082.Ringed_Kingfisher/Ringed_Kingfisher_0083_73053.jpg:082.Ringed_Kingfisher -> 082.Ringed_Kingfisher, 079.Belted_Kingfisher/Belted_Kingfisher_0015_70638.jpg:079.Belted_Kingfisher -> 082.Ringed_Kingfisher, 082.Ringed_Kingfisher/Ringed_Kingfisher_0041_72853.jpg:082.Ringed_Kingfisher -> 063.Ivory_Gull, 082.Ringed_Kingfisher/Ringed_Kingfisher_0103_72894.jpg:082.Ringed_Kingfisher -> 082.Ringed_Kingfisher, 082.Ringed_Kingfisher/Ringed_Kingfisher_0024_73178.jpg:082.Ringed_Kingfisher -> 080.Green_Kingfisher, 
078.Gray_Kingbird/Gray_Kingbird_0038_70118.jpg:078.Gray_Kingbird -> 083.White_breasted_Kingfisher, 070.Green_Violetear/Green_Violetear_0029_60808.jpg:070.Green_Violetear -> 083.White_breasted_Kingfisher, 071.Long_tailed_Jaeger/Long_Tailed_Jaeger_0058_60900.jpg:071.Long_tailed_Jaeger -> 083.White_breasted_Kingfisher, 083.White_breasted_Kingfisher/White_Breasted_Kingfisher_0062_73425.jpg:083.White_breasted_Kingfisher -> 066.Western_Gull, 083.White_breasted_Kingfisher/White_Breasted_Kingfisher_0018_71137.jpg:083.White_breasted_Kingfisher -> 075.Green_Jay, 083.White_breasted_Kingfisher/White_Breasted_Kingfisher_0002_73491.jpg:083.White_breasted_Kingfisher -> 073.Blue_Jay, 
084.Red_legged_Kittiwake/Red_Legged_Kittiwake_0001_795394.jpg:084.Red_legged_Kittiwake -> 084.Red_legged_Kittiwake, 084.Red_legged_Kittiwake/Red_Legged_Kittiwake_0001_795394.jpg:084.Red_legged_Kittiwake -> 084.Red_legged_Kittiwake, 084.Red_legged_Kittiwake/Red_Legged_Kittiwake_0001_795394.jpg:084.Red_legged_Kittiwake -> 084.Red_legged_Kittiwake, 084.Red_legged_Kittiwake/Red_Legged_Kittiwake_0003_795389.jpg:084.Red_legged_Kittiwake -> 066.Western_Gull, 084.Red_legged_Kittiwake/Red_Legged_Kittiwake_0063_795453.jpg:084.Red_legged_Kittiwake -> 070.Green_Violetear, 084.Red_legged_Kittiwake/Red_Legged_Kittiwake_0027_795454.jpg:084.Red_legged_Kittiwake -> 066.Western_Gull, 
063.Ivory_Gull/Ivory_Gull_0037_49068.jpg:063.Ivory_Gull -> 085.Horned_Lark, 087.Mallard/Mallard_0111_76722.jpg:087.Mallard -> 085.Horned_Lark, 088.Western_Meadowlark/Western_Meadowlark_0021_78841.jpg:088.Western_Meadowlark -> 085.Horned_Lark, 085.Horned_Lark/Horned_Lark_0012_74511.jpg:085.Horned_Lark -> 085.Horned_Lark, 085.Horned_Lark/Horned_Lark_0035_74555.jpg:085.Horned_Lark -> 085.Horned_Lark, 085.Horned_Lark/Horned_Lark_0034_73940.jpg:085.Horned_Lark -> 099.Ovenbird, 
081.Pied_Kingfisher/Pied_Kingfisher_0063_71999.jpg:081.Pied_Kingfisher -> 086.Pacific_Loon, 090.Red_breasted_Merganser/Red_Breasted_Merganser_0009_79576.jpg:090.Red_breasted_Merganser -> 086.Pacific_Loon, 086.Pacific_Loon/Pacific_Loon_0048_75524.jpg:086.Pacific_Loon -> 086.Pacific_Loon, 086.Pacific_Loon/Pacific_Loon_0053_77673.jpg:086.Pacific_Loon -> 086.Pacific_Loon, 086.Pacific_Loon/Pacific_Loon_0059_75706.jpg:086.Pacific_Loon -> 090.Red_breasted_Merganser, 086.Pacific_Loon/Pacific_Loon_0021_75859.jpg:086.Pacific_Loon -> 086.Pacific_Loon, 
087.Mallard/Mallard_0018_76511.jpg:087.Mallard -> 087.Mallard, 081.Pied_Kingfisher/Pied_Kingfisher_0083_72430.jpg:081.Pied_Kingfisher -> 087.Mallard, 087.Mallard/Mallard_0103_77105.jpg:087.Mallard -> 087.Mallard, 087.Mallard/Mallard_0020_76239.jpg:087.Mallard -> 087.Mallard, 087.Mallard/Mallard_0028_76010.jpg:087.Mallard -> 089.Hooded_Merganser, 087.Mallard/Mallard_0035_77095.jpg:087.Mallard -> 087.Mallard, 
088.Western_Meadowlark/Western_Meadowlark_0003_78864.jpg:088.Western_Meadowlark -> 088.Western_Meadowlark, 088.Western_Meadowlark/Western_Meadowlark_0003_78864.jpg:088.Western_Meadowlark -> 088.Western_Meadowlark, 079.Belted_Kingfisher/Belted_Kingfisher_0093_70360.jpg:079.Belted_Kingfisher -> 088.Western_Meadowlark, 088.Western_Meadowlark/Western_Meadowlark_0109_77990.jpg:088.Western_Meadowlark -> 069.Rufous_Hummingbird, 088.Western_Meadowlark/Western_Meadowlark_0112_78760.jpg:088.Western_Meadowlark -> 072.Pomarine_Jaeger, 088.Western_Meadowlark/Western_Meadowlark_0033_78312.jpg:088.Western_Meadowlark -> 088.Western_Meadowlark, 
090.Red_breasted_Merganser/Red_Breasted_Merganser_0033_79353.jpg:090.Red_breasted_Merganser -> 089.Hooded_Merganser, 097.Orchard_Oriole/Orchard_Oriole_0074_91979.jpg:097.Orchard_Oriole -> 089.Hooded_Merganser, 083.White_breasted_Kingfisher/White_Breasted_Kingfisher_0111_73369.jpg:083.White_breasted_Kingfisher -> 089.Hooded_Merganser, 089.Hooded_Merganser/Hooded_Merganser_0007_79157.jpg:089.Hooded_Merganser -> 089.Hooded_Merganser, 089.Hooded_Merganser/Hooded_Merganser_0068_79057.jpg:089.Hooded_Merganser -> 089.Hooded_Merganser, 089.Hooded_Merganser/Hooded_Merganser_0059_79016.jpg:089.Hooded_Merganser -> 089.Hooded_Merganser, 
084.Red_legged_Kittiwake/Red_Legged_Kittiwake_0024_795441.jpg:084.Red_legged_Kittiwake -> 090.Red_breasted_Merganser, 090.Red_breasted_Merganser/Red_Breasted_Merganser_0052_79178.jpg:090.Red_breasted_Merganser -> 090.Red_breasted_Merganser, 064.Ring_billed_Gull/Ring_Billed_Gull_0089_51348.jpg:064.Ring_billed_Gull -> 090.Red_breasted_Merganser, 090.Red_breasted_Merganser/Red_Breasted_Merganser_0017_79224.jpg:090.Red_breasted_Merganser -> 090.Red_breasted_Merganser, 090.Red_breasted_Merganser/Red_Breasted_Merganser_0051_79474.jpg:090.Red_breasted_Merganser -> 086.Pacific_Loon, 090.Red_breasted_Merganser/Red_Breasted_Merganser_0017_79224.jpg:090.Red_breasted_Merganser -> 090.Red_breasted_Merganser, 
091.Mockingbird/Mockingbird_0026_81214.jpg:091.Mockingbird -> 091.Mockingbird, 091.Mockingbird/Mockingbird_0022_80552.jpg:091.Mockingbird -> 091.Mockingbird, 098.Scott_Oriole/Scott_Oriole_0055_795825.jpg:098.Scott_Oriole -> 091.Mockingbird, 091.Mockingbird/Mockingbird_0087_79600.jpg:091.Mockingbird -> 094.White_breasted_Nuthatch, 091.Mockingbird/Mockingbird_0084_80670.jpg:091.Mockingbird -> 073.Blue_Jay, 091.Mockingbird/Mockingbird_0008_81226.jpg:091.Mockingbird -> 074.Florida_Jay, 
092.Nighthawk/Nighthawk_0063_795339.jpg:092.Nighthawk -> 092.Nighthawk, 072.Pomarine_Jaeger/Pomarine_Jaeger_0046_61301.jpg:072.Pomarine_Jaeger -> 092.Nighthawk, 072.Pomarine_Jaeger/Pomarine_Jaeger_0046_61301.jpg:072.Pomarine_Jaeger -> 092.Nighthawk, 092.Nighthawk/Nighthawk_0032_795333.jpg:092.Nighthawk -> 072.Pomarine_Jaeger, 092.Nighthawk/Nighthawk_0058_83270.jpg:092.Nighthawk -> 093.Clark_Nutcracker, 092.Nighthawk/Nighthawk_0029_83733.jpg:092.Nighthawk -> 099.Ovenbird, 
082.Ringed_Kingfisher/Ringed_Kingfisher_0005_73086.jpg:082.Ringed_Kingfisher -> 093.Clark_Nutcracker, 065.Slaty_backed_Gull/Slaty_Backed_Gull_0043_796009.jpg:065.Slaty_backed_Gull -> 093.Clark_Nutcracker, 093.Clark_Nutcracker/Clark_Nutcracker_0089_85004.jpg:093.Clark_Nutcracker -> 093.Clark_Nutcracker, 093.Clark_Nutcracker/Clark_Nutcracker_0136_85490.jpg:093.Clark_Nutcracker -> 064.Ring_billed_Gull, 093.Clark_Nutcracker/Clark_Nutcracker_0136_85490.jpg:093.Clark_Nutcracker -> 064.Ring_billed_Gull, 093.Clark_Nutcracker/Clark_Nutcracker_0069_84767.jpg:093.Clark_Nutcracker -> 099.Ovenbird, 
091.Mockingbird/Mockingbird_0023_80121.jpg:091.Mockingbird -> 094.White_breasted_Nuthatch, 086.Pacific_Loon/Pacific_Loon_0003_75442.jpg:086.Pacific_Loon -> 094.White_breasted_Nuthatch, 082.Ringed_Kingfisher/Ringed_Kingfisher_0038_73041.jpg:082.Ringed_Kingfisher -> 094.White_breasted_Nuthatch, 094.White_breasted_Nuthatch/White_Breasted_Nuthatch_0142_86805.jpg:094.White_breasted_Nuthatch -> 094.White_breasted_Nuthatch, 094.White_breasted_Nuthatch/White_Breasted_Nuthatch_0075_86289.jpg:094.White_breasted_Nuthatch -> 100.Brown_Pelican, 094.White_breasted_Nuthatch/White_Breasted_Nuthatch_0082_86435.jpg:094.White_breasted_Nuthatch -> 077.Tropical_Kingbird, 
098.Scott_Oriole/Scott_Oriole_0008_795814.jpg:098.Scott_Oriole -> 095.Baltimore_Oriole, 098.Scott_Oriole/Scott_Oriole_0056_795816.jpg:098.Scott_Oriole -> 095.Baltimore_Oriole, 095.Baltimore_Oriole/Baltimore_Oriole_0109_87398.jpg:095.Baltimore_Oriole -> 095.Baltimore_Oriole, 095.Baltimore_Oriole/Baltimore_Oriole_0039_88027.jpg:095.Baltimore_Oriole -> 079.Belted_Kingfisher, 095.Baltimore_Oriole/Baltimore_Oriole_0042_87216.jpg:095.Baltimore_Oriole -> 096.Hooded_Oriole, 095.Baltimore_Oriole/Baltimore_Oriole_0108_87576.jpg:095.Baltimore_Oriole -> 070.Green_Violetear, 
071.Long_tailed_Jaeger/Long_Tailed_Jaeger_0038_797077.jpg:071.Long_tailed_Jaeger -> 096.Hooded_Oriole, 096.Hooded_Oriole/Hooded_Oriole_0048_89957.jpg:096.Hooded_Oriole -> 096.Hooded_Oriole, 095.Baltimore_Oriole/Baltimore_Oriole_0042_87216.jpg:095.Baltimore_Oriole -> 096.Hooded_Oriole, 096.Hooded_Oriole/Hooded_Oriole_0104_90264.jpg:096.Hooded_Oriole -> 098.Scott_Oriole, 096.Hooded_Oriole/Hooded_Oriole_0070_90221.jpg:096.Hooded_Oriole -> 075.Green_Jay, 096.Hooded_Oriole/Hooded_Oriole_0105_90875.jpg:096.Hooded_Oriole -> 081.Pied_Kingfisher, 
097.Orchard_Oriole/Orchard_Oriole_0034_91825.jpg:097.Orchard_Oriole -> 097.Orchard_Oriole, 080.Green_Kingfisher/Green_Kingfisher_0026_71059.jpg:080.Green_Kingfisher -> 097.Orchard_Oriole, 073.Blue_Jay/Blue_Jay_0018_63455.jpg:073.Blue_Jay -> 097.Orchard_Oriole, 097.Orchard_Oriole/Orchard_Oriole_0009_91902.jpg:097.Orchard_Oriole -> 077.Tropical_Kingbird, 097.Orchard_Oriole/Orchard_Oriole_0082_91654.jpg:097.Orchard_Oriole -> 095.Baltimore_Oriole, 097.Orchard_Oriole/Orchard_Oriole_0048_91393.jpg:097.Orchard_Oriole -> 097.Orchard_Oriole, 
086.Pacific_Loon/Pacific_Loon_0001_75521.jpg:086.Pacific_Loon -> 098.Scott_Oriole, 081.Pied_Kingfisher/Pied_Kingfisher_0061_72193.jpg:081.Pied_Kingfisher -> 098.Scott_Oriole, 092.Nighthawk/Nighthawk_0072_795336.jpg:092.Nighthawk -> 098.Scott_Oriole, 098.Scott_Oriole/Scott_Oriole_0078_795833.jpg:098.Scott_Oriole -> 095.Baltimore_Oriole, 098.Scott_Oriole/Scott_Oriole_0058_795849.jpg:098.Scott_Oriole -> 095.Baltimore_Oriole, 098.Scott_Oriole/Scott_Oriole_0070_795808.jpg:098.Scott_Oriole -> 079.Belted_Kingfisher, 
085.Horned_Lark/Horned_Lark_0026_74910.jpg:085.Horned_Lark -> 099.Ovenbird, 099.Ovenbird/Ovenbird_0043_93374.jpg:099.Ovenbird -> 099.Ovenbird, 095.Baltimore_Oriole/Baltimore_Oriole_0127_87560.jpg:095.Baltimore_Oriole -> 099.Ovenbird, 099.Ovenbird/Ovenbird_0054_92594.jpg:099.Ovenbird -> 097.Orchard_Oriole, 099.Ovenbird/Ovenbird_0083_92561.jpg:099.Ovenbird -> 061.Heermann_Gull, 099.Ovenbird/Ovenbird_0101_93104.jpg:099.Ovenbird -> 099.Ovenbird, 
068.Ruby_throated_Hummingbird/Ruby_Throated_Hummingbird_0024_57969.jpg:068.Ruby_throated_Hummingbird -> 100.Brown_Pelican, 100.Brown_Pelican/Brown_Pelican_0074_93692.jpg:100.Brown_Pelican -> 100.Brown_Pelican, 100.Brown_Pelican/Brown_Pelican_0059_94504.jpg:100.Brown_Pelican -> 100.Brown_Pelican, 100.Brown_Pelican/Brown_Pelican_0073_94823.jpg:100.Brown_Pelican -> 100.Brown_Pelican, 100.Brown_Pelican/Brown_Pelican_0009_94256.jpg:100.Brown_Pelican -> 072.Pomarine_Jaeger, 100.Brown_Pelican/Brown_Pelican_0103_94787.jpg:100.Brown_Pelican -> 100.Brown_Pelican, 
