143.Caspian_Tern/Caspian_Tern_0060_146007.jpg:143.Caspian_Tern -> 101.White_Pelican, 101.White_Pelican/White_Pelican_0081_96148.jpg:101.White_Pelican -> 101.White_Pelican, 101.White_Pelican/White_Pelican_0014_96417.jpg:101.White_Pelican -> 101.White_Pelican, 101.White_Pelican/White_Pelican_0068_95635.jpg:101.White_Pelican -> 101.White_Pelican, 101.White_Pelican/White_Pelican_0072_96975.jpg:101.White_Pelican -> 101.White_Pelican, 101.White_Pelican/White_Pelican_0003_96691.jpg:101.White_Pelican -> 101.White_Pelican, 
160.Black_throated_Blue_Warbler/Black_Throated_Blue_Warbler_0130_161682.jpg:160.Black_throated_Blue_Warbler -> 102.Western_Wood_Pewee, 186.Cedar_Waxwing/Cedar_Waxwing_0059_178500.jpg:186.Cedar_Waxwing -> 102.Western_Wood_Pewee, 108.White_necked_Raven/White_Necked_Raven_0024_797364.jpg:108.White_necked_Raven -> 102.Western_Wood_Pewee, 102.Western_Wood_Pewee/Western_Wood_Pewee_0040_795051.jpg:102.Western_Wood_Pewee -> 110.Geococcyx, 102.Western_Wood_Pewee/Western_Wood_Pewee_0015_98184.jpg:102.Western_Wood_Pewee -> 144.Common_Tern, 102.Western_Wood_Pewee/Western_Wood_Pewee_0001_98045.jpg:102.Western_Wood_Pewee -> 103.Sayornis, 
122.Harris_Sparrow/Harris_Sparrow_0075_116404.jpg:122.Harris_Sparrow -> 103.Sayornis, 148.Green_tailed_Towhee/Green_Tailed_Towhee_0025_797401.jpg:148.Green_tailed_Towhee -> 103.Sayornis, 164.Cerulean_Warbler/Cerulean_Warbler_0054_797235.jpg:164.Cerulean_Warbler -> 103.Sayornis, 103.Sayornis/Sayornis_0042_98874.jpg:103.Sayornis -> 160.Black_throated_Blue_Warbler, 103.Sayornis/Sayornis_0111_98406.jpg:103.Sayornis -> 103.Sayornis, 103.Sayornis/Sayornis_0127_98865.jpg:103.Sayornis -> 142.Black_Tern, 
110.Geococcyx/Geococcyx_0011_104779.jpg:110.Geococcyx -> 104.American_Pipit, 148.Green_tailed_Towhee/Green_Tailed_Towhee_0072_154946.jpg:148.Green_tailed_Towhee -> 104.American_Pipit, 150.Sage_Thrasher/Sage_Thrasher_0097_155564.jpg:150.Sage_Thrasher -> 104.American_Pipit, 104.American_Pipit/American_Pipit_0102_99979.jpg:104.American_Pipit -> 152.Blue_headed_Vireo, 104.American_Pipit/American_Pipit_0104_100147.jpg:104.American_Pipit -> 104.American_Pipit, 104.American_Pipit/American_Pipit_0006_99857.jpg:104.American_Pipit -> 104.American_Pipit, 
181.Worm_eating_Warbler/Worm_Eating_Warbler_0002_795533.jpg:181.Worm_eating_Warbler -> 105.Whip_poor_Will, 105.Whip_poor_Will/Whip_Poor_Will_0028_796421.jpg:105.Whip_poor_Will -> 105.Whip_poor_Will, 132.White_crowned_Sparrow/White_Crowned_Sparrow_0021_127092.jpg:132.White_crowned_Sparrow -> 105.Whip_poor_Will, 105.Whip_poor_Will/Whip_Poor_Will_0047_796412.jpg:105.Whip_poor_Will -> 123.Henslow_Sparrow, 105.Whip_poor_Will/Whip_Poor_Will_0036_100399.jpg:105.Whip_poor_Will -> 114.Black_throated_Sparrow, 105.Whip_poor_Will/Whip_Poor_Will_0043_796442.jpg:105.Whip_poor_Will -> 188.Pileated_Woodpecker, 
172.Nashville_Warbler/Nashville_Warbler_0076_167389.jpg:172.Nashville_Warbler -> 106.Horned_Puffin, 106.Horned_Puffin/Horned_Puffin_0042_100760.jpg:106.Horned_Puffin -> 106.Horned_Puffin, 139.Scarlet_Tanager/Scarlet_Tanager_0130_138661.jpg:139.Scarlet_Tanager -> 106.Horned_Puffin, 106.Horned_Puffin/Horned_Puffin_0081_101054.jpg:106.Horned_Puffin -> 177.Prothonotary_Warbler, 106.Horned_Puffin/Horned_Puffin_0068_100872.jpg:106.Horned_Puffin -> 112.Great_Grey_Shrike, 106.Horned_Puffin/Horned_Puffin_0067_100737.jpg:106.Horned_Puffin -> 106.Horned_Puffin, 
188.Pileated_Woodpecker/Pileated_Woodpecker_0002_180024.jpg:188.Pileated_Woodpecker -> 107.Common_Raven, 106.Horned_Puffin/Horned_Puffin_0026_100937.jpg:106.Horned_Puffin -> 107.Common_Raven, 147.Least_Tern/Least_Tern_0033_153796.jpg:147.Least_Tern -> 107.Common_Raven, 107.Common_Raven/Common_Raven_0107_101412.jpg:107.Common_Raven -> 147.Least_Tern, 107.Common_Raven/Common_Raven_0025_102584.jpg:107.Common_Raven -> 108.White_necked_Raven, 107.Common_Raven/Common_Raven_0091_101524.jpg:107.Common_Raven -> 155.Warbling_Vireo, 
117.Clay_colored_Sparrow/Clay_Colored_Sparrow_0107_110825.jpg:117.Clay_colored_Sparrow -> 108.White_necked_Raven, 144.Common_Tern/Common_Tern_0056_148549.jpg:144.Common_Tern -> 108.White_necked_Raven, 190.Red_cockaded_Woodpecker/Red_Cockaded_Woodpecker_0030_794711.jpg:190.Red_cockaded_Woodpecker -> 108.White_necked_Raven, 108.White_necked_Raven/White_Necked_Raven_0049_102713.jpg:108.White_necked_Raven -> 191.Red_headed_Woodpecker, 108.White_necked_Raven/White_Necked_Raven_0063_797361.jpg:108.White_necked_Raven -> 190.Red_cockaded_Woodpecker, 108.White_necked_Raven/White_Necked_Raven_0051_797383.jpg:108.White_necked_Raven -> 144.Common_Tern, 
119.Field_Sparrow/Field_Sparrow_0043_113607.jpg:119.Field_Sparrow -> 109.American_Redstart, 109.American_Redstart/American_Redstart_0055_103750.jpg:109.American_Redstart -> 109.American_Redstart, 109.American_Redstart/American_Redstart_0009_103974.jpg:109.American_Redstart -> 109.American_Redstart, 109.American_Redstart/American_Redstart_0097_103238.jpg:109.American_Redstart -> 156.White_eyed_Vireo, 109.American_Redstart/American_Redstart_0096_102853.jpg:109.American_Redstart -> 191.Red_headed_Woodpecker, 109.American_Redstart/American_Redstart_0045_102823.jpg:109.American_Redstart -> 185.Bohemian_Waxwing, 
194.Cactus_Wren/Cactus_Wren_0118_185788.jpg:194.Cactus_Wren -> 110.Geococcyx, 149.Brown_Thrasher/Brown_Thrasher_0119_155170.jpg:149.Brown_Thrasher -> 110.Geococcyx, 110.Geococcyx/Geococcyx_0124_104141.jpg:110.Geococcyx -> 110.Geococcyx, 110.Geococcyx/Geococcyx_0050_104506.jpg:110.Geococcyx -> 110.Geococcyx, 110.Geococcyx/Geococcyx_0047_104259.jpg:110.Geococcyx -> 110.Geococcyx, 110.Geococcyx/Geococcyx_0009_104372.jpg:110.Geococcyx -> 110.Geococcyx, 
165.Chestnut_sided_Warbler/Chestnut_Sided_Warbler_0125_164247.jpg:165.Chestnut_sided_Warbler -> 111.Loggerhead_Shrike, 181.Worm_eating_Warbler/Worm_Eating_Warbler_0074_176093.jpg:181.Worm_eating_Warbler -> 111.Loggerhead_Shrike, 160.Black_throated_Blue_Warbler/Black_Throated_Blue_Warbler_0036_161517.jpg:160.Black_throated_Blue_Warbler -> 111.Loggerhead_Shrike, 111.Loggerhead_Shrike/Loggerhead_Shrike_0116_105286.jpg:111.Loggerhead_Shrike -> 142.Black_Tern, 111.Loggerhead_Shrike/Loggerhead_Shrike_0022_105501.jpg:111.Loggerhead_Shrike -> 109.American_Redstart, 111.Loggerhead_Shrike/Loggerhead_Shrike_0123_105849.jpg:111.Loggerhead_Shrike -> 147.Least_Tern, 
174.Palm_Warbler/Palm_Warbler_0092_170604.jpg:174.Palm_Warbler -> 112.Great_Grey_Shrike, 146.Forsters_Tern/Forsters_Tern_0069_151229.jpg:146.Forsters_Tern -> 112.Great_Grey_Shrike, 111.Loggerhead_Shrike/Loggerhead_Shrike_0110_105947.jpg:111.Loggerhead_Shrike -> 112.Great_Grey_Shrike, 112.Great_Grey_Shrike/Great_Grey_Shrike_0064_106778.jpg:112.Great_Grey_Shrike -> 185.Bohemian_Waxwing, 112.Great_Grey_Shrike/Great_Grey_Shrike_0049_797025.jpg:112.Great_Grey_Shrike -> 136.Barn_Swallow, 112.Great_Grey_Shrike/Great_Grey_Shrike_0079_797018.jpg:112.Great_Grey_Shrike -> 106.Horned_Puffin, 
149.Brown_Thrasher/Brown_Thrasher_0045_155182.jpg:149.Brown_Thrasher -> 113.Baird_Sparrow, 135.Bank_Swallow/Bank_Swallow_0024_129779.jpg:135.Bank_Swallow -> 113.Baird_Sparrow, 178.Swainson_Warbler/Swainson_Warbler_0040_794860.jpg:178.Swainson_Warbler -> 113.Baird_Sparrow, 113.Baird_Sparrow/Baird_Sparrow_0004_794568.jpg:113.Baird_Sparrow -> 113.Baird_Sparrow, 113.Baird_Sparrow/Baird_Sparrow_0022_794570.jpg:113.Baird_Sparrow -> 198.Rock_Wren, 113.Baird_Sparrow/Baird_Sparrow_0021_794576.jpg:113.Baird_Sparrow -> 184.Louisiana_Waterthrush, 
114.Black_throated_Sparrow/Black_Throated_Sparrow_0023_107104.jpg:114.Black_throated_Sparrow -> 114.Black_throated_Sparrow, 170.Mourning_Warbler/Mourning_Warbler_0026_166538.jpg:170.Mourning_Warbler -> 114.Black_throated_Sparrow, 190.Red_cockaded_Woodpecker/Red_Cockaded_Woodpecker_0040_182502.jpg:190.Red_cockaded_Woodpecker -> 114.Black_throated_Sparrow, 114.Black_throated_Sparrow/Black_Throated_Sparrow_0054_107026.jpg:114.Black_throated_Sparrow -> 123.Henslow_Sparrow, 114.Black_throated_Sparrow/Black_Throated_Sparrow_0090_107295.jpg:114.Black_throated_Sparrow -> 114.Black_throated_Sparrow, 114.Black_throated_Sparrow/Black_Throated_Sparrow_0088_107220.jpg:114.Black_throated_Sparrow -> 114.Black_throated_Sparrow, 
181.Worm_eating_Warbler/Worm_Eating_Warbler_0051_176068.jpg:181.Worm_eating_Warbler -> 115.Brewer_Sparrow, 166.Golden_winged_Warbler/Golden_Winged_Warbler_0069_164456.jpg:166.Golden_winged_Warbler -> 115.Brewer_Sparrow, 181.Worm_eating_Warbler/Worm_Eating_Warbler_0051_176068.jpg:181.Worm_eating_Warbler -> 115.Brewer_Sparrow, 115.Brewer_Sparrow/Brewer_Sparrow_0031_796712.jpg:115.Brewer_Sparrow -> 133.White_throated_Sparrow, 115.Brewer_Sparrow/Brewer_Sparrow_0005_107443.jpg:115.Brewer_Sparrow -> 194.Cactus_Wren, 115.Brewer_Sparrow/Brewer_Sparrow_0074_107408.jpg:115.Brewer_Sparrow -> 156.White_eyed_Vireo, 
116.Chipping_Sparrow/Chipping_Sparrow_0026_109010.jpg:116.Chipping_Sparrow -> 116.Chipping_Sparrow, 163.Cape_May_Warbler/Cape_May_Warbler_0096_163093.jpg:163.Cape_May_Warbler -> 116.Chipping_Sparrow, 129.Song_Sparrow/Song_Sparrow_0132_121153.jpg:129.Song_Sparrow -> 116.Chipping_Sparrow, 116.Chipping_Sparrow/Chipping_Sparrow_0079_110449.jpg:116.Chipping_Sparrow -> 134.Cape_Glossy_Starling, 116.Chipping_Sparrow/Chipping_Sparrow_0035_110138.jpg:116.Chipping_Sparrow -> 104.American_Pipit, 116.Chipping_Sparrow/Chipping_Sparrow_0064_108204.jpg:116.Chipping_Sparrow -> 130.Tree_Sparrow, 
116.Chipping_Sparrow/Chipping_Sparrow_0010_109760.jpg:116.Chipping_Sparrow -> 117.Clay_colored_Sparrow, 200.Common_Yellowthroat/Common_Yellowthroat_0019_190524.jpg:200.Common_Yellowthroat -> 117.Clay_colored_Sparrow, 178.Swainson_Warbler/Swainson_Warbler_0005_794888.jpg:178.Swainson_Warbler -> 117.Clay_colored_Sparrow, 117.Clay_colored_Sparrow/Clay_Colored_Sparrow_0075_797251.jpg:117.Clay_colored_Sparrow -> 136.Barn_Swallow, 117.Clay_colored_Sparrow/Clay_Colored_Sparrow_0009_797256.jpg:117.Clay_colored_Sparrow -> 131.Vesper_Sparrow, 117.Clay_colored_Sparrow/Clay_Colored_Sparrow_0081_110682.jpg:117.Clay_colored_Sparrow -> 124.Le_Conte_Sparrow, 
103.Sayornis/Sayornis_0137_98305.jpg:103.Sayornis -> 118.House_Sparrow, 118.House_Sparrow/House_Sparrow_0028_113217.jpg:118.House_Sparrow -> 118.House_Sparrow, 118.House_Sparrow/House_Sparrow_0106_111564.jpg:118.House_Sparrow -> 118.House_Sparrow, 118.House_Sparrow/House_Sparrow_0139_112438.jpg:118.House_Sparrow -> 142.Black_Tern, 118.House_Sparrow/House_Sparrow_0080_111099.jpg:118.House_Sparrow -> 106.Horned_Puffin, 118.House_Sparrow/House_Sparrow_0004_111989.jpg:118.House_Sparrow -> 119.Field_Sparrow, 
121.Grasshopper_Sparrow/Grasshopper_Sparrow_0068_115799.jpg:121.Grasshopper_Sparrow -> 119.Field_Sparrow, 125.Lincoln_Sparrow/Lincoln_Sparrow_0049_117265.jpg:125.Lincoln_Sparrow -> 119.Field_Sparrow, 130.Tree_Sparrow/Tree_Sparrow_0101_124104.jpg:130.Tree_Sparrow -> 119.Field_Sparrow, 119.Field_Sparrow/Field_Sparrow_0104_113524.jpg:119.Field_Sparrow -> 131.Vesper_Sparrow, 119.Field_Sparrow/Field_Sparrow_0109_113375.jpg:119.Field_Sparrow -> 117.Clay_colored_Sparrow, 119.Field_Sparrow/Field_Sparrow_0035_113479.jpg:119.Field_Sparrow -> 131.Vesper_Sparrow, 
119.Field_Sparrow/Field_Sparrow_0042_113815.jpg:119.Field_Sparrow -> 120.Fox_Sparrow, 129.Song_Sparrow/Song_Sparrow_0053_121554.jpg:129.Song_Sparrow -> 120.Fox_Sparrow, 139.Scarlet_Tanager/Scarlet_Tanager_0063_138227.jpg:139.Scarlet_Tanager -> 120.Fox_Sparrow, 120.Fox_Sparrow/Fox_Sparrow_0026_115281.jpg:120.Fox_Sparrow -> 129.Song_Sparrow, 120.Fox_Sparrow/Fox_Sparrow_0138_114586.jpg:120.Fox_Sparrow -> 120.Fox_Sparrow, 120.Fox_Sparrow/Fox_Sparrow_0026_115281.jpg:120.Fox_Sparrow -> 129.Song_Sparrow, 
121.Grasshopper_Sparrow/Grasshopper_Sparrow_0067_115979.jpg:121.Grasshopper_Sparrow -> 121.Grasshopper_Sparrow, 115.Brewer_Sparrow/Brewer_Sparrow_0070_796717.jpg:115.Brewer_Sparrow -> 121.Grasshopper_Sparrow, 150.Sage_Thrasher/Sage_Thrasher_0033_155511.jpg:150.Sage_Thrasher -> 121.Grasshopper_Sparrow, 121.Grasshopper_Sparrow/Grasshopper_Sparrow_0101_116094.jpg:121.Grasshopper_Sparrow -> 121.Grasshopper_Sparrow, 121.Grasshopper_Sparrow/Grasshopper_Sparrow_0068_115799.jpg:121.Grasshopper_Sparrow -> 119.Field_Sparrow, 121.Grasshopper_Sparrow/Grasshopper_Sparrow_0041_116288.jpg:121.Grasshopper_Sparrow -> 131.Vesper_Sparrow, 
166.Golden_winged_Warbler/Golden_Winged_Warbler_0095_794809.jpg:166.Golden_winged_Warbler -> 122.Harris_Sparrow, 122.Harris_Sparrow/Harris_Sparrow_0041_116611.jpg:122.Harris_Sparrow -> 122.Harris_Sparrow, 129.Song_Sparrow/Song_Sparrow_0015_122081.jpg:129.Song_Sparrow -> 122.Harris_Sparrow, 122.Harris_Sparrow/Harris_Sparrow_0087_116490.jpg:122.Harris_Sparrow -> 183.Northern_Waterthrush, 122.Harris_Sparrow/Harris_Sparrow_0065_116435.jpg:122.Harris_Sparrow -> 119.Field_Sparrow, 122.Harris_Sparrow/Harris_Sparrow_0085_116534.jpg:122.Harris_Sparrow -> 110.Geococcyx, 
192.Downy_Woodpecker/Downy_Woodpecker_0036_184048.jpg:192.Downy_Woodpecker -> 123.Henslow_Sparrow, 148.Green_tailed_Towhee/Green_Tailed_Towhee_0104_797403.jpg:148.Green_tailed_Towhee -> 123.Henslow_Sparrow, 131.Vesper_Sparrow/Vesper_Sparrow_0011_125608.jpg:131.Vesper_Sparrow -> 123.Henslow_Sparrow, 123.Henslow_Sparrow/Henslow_Sparrow_0070_796571.jpg:123.Henslow_Sparrow -> 142.Black_Tern, 123.Henslow_Sparrow/Henslow_Sparrow_0028_796570.jpg:123.Henslow_Sparrow -> 131.Vesper_Sparrow, 123.Henslow_Sparrow/Henslow_Sparrow_0021_116931.jpg:123.Henslow_Sparrow -> 173.Orange_crowned_Warbler, 
111.Loggerhead_Shrike/Loggerhead_Shrike_0007_106101.jpg:111.Loggerhead_Shrike -> 124.Le_Conte_Sparrow, 113.Baird_Sparrow/Baird_Sparrow_0010_794575.jpg:113.Baird_Sparrow -> 124.Le_Conte_Sparrow, 128.Seaside_Sparrow/Seaside_Sparrow_0047_796520.jpg:128.Seaside_Sparrow -> 124.Le_Conte_Sparrow, 124.Le_Conte_Sparrow/Le_Conte_Sparrow_0041_795218.jpg:124.Le_Conte_Sparrow -> 111.Loggerhead_Shrike, 124.Le_Conte_Sparrow/Le_Conte_Sparrow_0070_795135.jpg:124.Le_Conte_Sparrow -> 124.Le_Conte_Sparrow, 124.Le_Conte_Sparrow/Le_Conte_Sparrow_0088_117040.jpg:124.Le_Conte_Sparrow -> 149.Brown_Thrasher, 
104.American_Pipit/American_Pipit_0111_99940.jpg:104.American_Pipit -> 125.Lincoln_Sparrow, 125.Lincoln_Sparrow/Lincoln_Sparrow_0014_117883.jpg:125.Lincoln_Sparrow -> 125.Lincoln_Sparrow, 125.Lincoln_Sparrow/Lincoln_Sparrow_0026_117754.jpg:125.Lincoln_Sparrow -> 125.Lincoln_Sparrow, 125.Lincoln_Sparrow/Lincoln_Sparrow_0041_117636.jpg:125.Lincoln_Sparrow -> 183.Northern_Waterthrush, 125.Lincoln_Sparrow/Lincoln_Sparrow_0040_117721.jpg:125.Lincoln_Sparrow -> 110.Geococcyx, 125.Lincoln_Sparrow/Lincoln_Sparrow_0129_117898.jpg:125.Lincoln_Sparrow -> 160.Black_throated_Blue_Warbler, 
174.Palm_Warbler/Palm_Warbler_0001_170297.jpg:174.Palm_Warbler -> 126.Nelson_Sharp_tailed_Sparrow, 170.Mourning_Warbler/Mourning_Warbler_0072_795379.jpg:170.Mourning_Warbler -> 126.Nelson_Sharp_tailed_Sparrow, 128.Seaside_Sparrow/Seaside_Sparrow_0033_796506.jpg:128.Seaside_Sparrow -> 126.Nelson_Sharp_tailed_Sparrow, 126.Nelson_Sharp_tailed_Sparrow/Nelson_Sharp_Tailed_Sparrow_0047_117991.jpg:126.Nelson_Sharp_tailed_Sparrow -> 190.Red_cockaded_Woodpecker, 126.Nelson_Sharp_tailed_Sparrow/Nelson_Sharp_Tailed_Sparrow_0004_796941.jpg:126.Nelson_Sharp_tailed_Sparrow -> 117.Clay_colored_Sparrow, 126.Nelson_Sharp_tailed_Sparrow/Nelson_Sharp_Tailed_Sparrow_0079_796934.jpg:126.Nelson_Sharp_tailed_Sparrow -> 126.Nelson_Sharp_tailed_Sparrow, 
174.Palm_Warbler/Palm_Warbler_0020_168857.jpg:174.Palm_Warbler -> 127.Savannah_Sparrow, 127.Savannah_Sparrow/Savannah_Sparrow_0114_119750.jpg:127.Savannah_Sparrow -> 127.Savannah_Sparrow, 107.Common_Raven/Common_Raven_0053_101291.jpg:107.Common_Raven -> 127.Savannah_Sparrow, 127.Savannah_Sparrow/Savannah_Sparrow_0043_119362.jpg:127.Savannah_Sparrow -> 141.Artic_Tern, 127.Savannah_Sparrow/Savannah_Sparrow_0048_120321.jpg:127.Savannah_Sparrow -> 184.Louisiana_Waterthrush, 127.Savannah_Sparrow/Savannah_Sparrow_0067_118491.jpg:127.Savannah_Sparrow -> 161.Blue_winged_Warbler, 
195.Carolina_Wren/Carolina_Wren_0078_186570.jpg:195.Carolina_Wren -> 128.Seaside_Sparrow, 174.Palm_Warbler/Palm_Warbler_0007_169473.jpg:174.Palm_Warbler -> 128.Seaside_Sparrow, 123.Henslow_Sparrow/Henslow_Sparrow_0043_116756.jpg:123.Henslow_Sparrow -> 128.Seaside_Sparrow, 128.Seaside_Sparrow/Seaside_Sparrow_0034_796521.jpg:128.Seaside_Sparrow -> 117.Clay_colored_Sparrow, 128.Seaside_Sparrow/Seaside_Sparrow_0049_120735.jpg:128.Seaside_Sparrow -> 125.Lincoln_Sparrow, 128.Seaside_Sparrow/Seaside_Sparrow_0052_796498.jpg:128.Seaside_Sparrow -> 192.Downy_Woodpecker, 
118.House_Sparrow/House_Sparrow_0128_110971.jpg:118.House_Sparrow -> 129.Song_Sparrow, 118.House_Sparrow/House_Sparrow_0128_110971.jpg:118.House_Sparrow -> 129.Song_Sparrow, 183.Northern_Waterthrush/Northern_Waterthrush_0020_177149.jpg:183.Northern_Waterthrush -> 129.Song_Sparrow, 129.Song_Sparrow/Song_Sparrow_0092_121969.jpg:129.Song_Sparrow -> 156.White_eyed_Vireo, 129.Song_Sparrow/Song_Sparrow_0089_120894.jpg:129.Song_Sparrow -> 140.Summer_Tanager, 129.Song_Sparrow/Song_Sparrow_0061_120891.jpg:129.Song_Sparrow -> 133.White_throated_Sparrow, 
130.Tree_Sparrow/Tree_Sparrow_0072_123991.jpg:130.Tree_Sparrow -> 130.Tree_Sparrow, 176.Prairie_Warbler/Prairie_Warbler_0086_172534.jpg:176.Prairie_Warbler -> 130.Tree_Sparrow, 156.White_eyed_Vireo/White_Eyed_Vireo_0050_158829.jpg:156.White_eyed_Vireo -> 130.Tree_Sparrow, 130.Tree_Sparrow/Tree_Sparrow_0030_122850.jpg:130.Tree_Sparrow -> 104.American_Pipit, 130.Tree_Sparrow/Tree_Sparrow_0130_124932.jpg:130.Tree_Sparrow -> 129.Song_Sparrow, 130.Tree_Sparrow/Tree_Sparrow_0032_123489.jpg:130.Tree_Sparrow -> 133.White_throated_Sparrow, 
131.Vesper_Sparrow/Vesper_Sparrow_0044_125470.jpg:131.Vesper_Sparrow -> 131.Vesper_Sparrow, 158.Bay_breasted_Warbler/Bay_Breasted_Warbler_0032_797150.jpg:158.Bay_breasted_Warbler -> 131.Vesper_Sparrow, 131.Vesper_Sparrow/Vesper_Sparrow_0062_125669.jpg:131.Vesper_Sparrow -> 131.Vesper_Sparrow, 131.Vesper_Sparrow/Vesper_Sparrow_0023_125465.jpg:131.Vesper_Sparrow -> 102.Western_Wood_Pewee, 131.Vesper_Sparrow/Vesper_Sparrow_0031_125631.jpg:131.Vesper_Sparrow -> 113.Baird_Sparrow, 131.Vesper_Sparrow/Vesper_Sparrow_0079_125579.jpg:131.Vesper_Sparrow -> 104.American_Pipit, 
184.Louisiana_Waterthrush/Louisiana_Waterthrush_0022_177397.jpg:184.Louisiana_Waterthrush -> 132.White_crowned_Sparrow, 135.Bank_Swallow/Bank_Swallow_0058_129756.jpg:135.Bank_Swallow -> 132.White_crowned_Sparrow, 132.White_crowned_Sparrow/White_Crowned_Sparrow_0109_128529.jpg:132.White_crowned_Sparrow -> 132.White_crowned_Sparrow, 132.White_crowned_Sparrow/White_Crowned_Sparrow_0140_125967.jpg:132.White_crowned_Sparrow -> 174.Palm_Warbler, 132.White_crowned_Sparrow/White_Crowned_Sparrow_0109_128529.jpg:132.White_crowned_Sparrow -> 132.White_crowned_Sparrow, 132.White_crowned_Sparrow/White_Crowned_Sparrow_0099_127213.jpg:132.White_crowned_Sparrow -> 147.Least_Tern, 
122.Harris_Sparrow/Harris_Sparrow_0084_116519.jpg:122.Harris_Sparrow -> 133.White_throated_Sparrow, 120.Fox_Sparrow/Fox_Sparrow_0125_114557.jpg:120.Fox_Sparrow -> 133.White_throated_Sparrow, 132.White_crowned_Sparrow/White_Crowned_Sparrow_0101_127058.jpg:132.White_crowned_Sparrow -> 133.White_throated_Sparrow, 133.White_throated_Sparrow/White_Throated_Sparrow_0132_128833.jpg:133.White_throated_Sparrow -> 155.Warbling_Vireo, 133.White_throated_Sparrow/White_Throated_Sparrow_0112_129101.jpg:133.White_throated_Sparrow -> 133.White_throated_Sparrow, 133.White_throated_Sparrow/White_Throated_Sparrow_0020_129007.jpg:133.White_throated_Sparrow -> 101.White_Pelican, 
122.Harris_Sparrow/Harris_Sparrow_0010_116376.jpg:122.Harris_Sparrow -> 134.Cape_Glossy_Starling, 116.Chipping_Sparrow/Chipping_Sparrow_0079_110449.jpg:116.Chipping_Sparrow -> 134.Cape_Glossy_Starling, 149.Brown_Thrasher/Brown_Thrasher_0049_155110.jpg:149.Brown_Thrasher -> 134.Cape_Glossy_Starling, 134.Cape_Glossy_Starling/Cape_Glossy_Starling_0096_129388.jpg:134.Cape_Glossy_Starling -> 134.Cape_Glossy_Starling, 134.Cape_Glossy_Starling/Cape_Glossy_Starling_0022_129414.jpg:134.Cape_Glossy_Starling -> 152.Blue_headed_Vireo, 134.Cape_Glossy_Starling/Cape_Glossy_Starling_0097_129303.jpg:134.Cape_Glossy_Starling -> 134.Cape_Glossy_Starling, 
135.Bank_Swallow/Bank_Swallow_0028_129754.jpg:135.Bank_Swallow -> 135.Bank_Swallow, 197.Marsh_Wren/Marsh_Wren_0033_188778.jpg:197.Marsh_Wren -> 135.Bank_Swallow, 146.Forsters_Tern/Forsters_Tern_0098_151258.jpg:146.Forsters_Tern -> 135.Bank_Swallow, 135.Bank_Swallow/Bank_Swallow_0025_129521.jpg:135.Bank_Swallow -> 164.Cerulean_Warbler, 135.Bank_Swallow/Bank_Swallow_0006_129652.jpg:135.Bank_Swallow -> 180.Wilson_Warbler, 135.Bank_Swallow/Bank_Swallow_0069_129802.jpg:135.Bank_Swallow -> 102.Western_Wood_Pewee, 
142.Black_Tern/Black_Tern_0096_143917.jpg:142.Black_Tern -> 136.Barn_Swallow, 129.Song_Sparrow/Song_Sparrow_0071_122446.jpg:129.Song_Sparrow -> 136.Barn_Swallow, 135.Bank_Swallow/Bank_Swallow_0059_129896.jpg:135.Bank_Swallow -> 136.Barn_Swallow, 136.Barn_Swallow/Barn_Swallow_0035_131832.jpg:136.Barn_Swallow -> 117.Clay_colored_Sparrow, 136.Barn_Swallow/Barn_Swallow_0086_132477.jpg:136.Barn_Swallow -> 185.Bohemian_Waxwing, 136.Barn_Swallow/Barn_Swallow_0083_132949.jpg:136.Barn_Swallow -> 191.Red_headed_Woodpecker, 
159.Black_and_white_Warbler/Black_And_White_Warbler_0091_160896.jpg:159.Black_and_white_Warbler -> 137.Cliff_Swallow, 112.Great_Grey_Shrike/Great_Grey_Shrike_0048_106754.jpg:112.Great_Grey_Shrike -> 137.Cliff_Swallow, 157.Yellow_throated_Vireo/Yellow_Throated_Vireo_0071_159707.jpg:157.Yellow_throated_Vireo -> 137.Cliff_Swallow, 137.Cliff_Swallow/Cliff_Swallow_0066_133206.jpg:137.Cliff_Swallow -> 108.White_necked_Raven, 137.Cliff_Swallow/Cliff_Swallow_0060_133280.jpg:137.Cliff_Swallow -> 105.Whip_poor_Will, 137.Cliff_Swallow/Cliff_Swallow_0094_133114.jpg:137.Cliff_Swallow -> 142.Black_Tern, 
160.Black_throated_Blue_Warbler/Black_Throated_Blue_Warbler_0073_161558.jpg:160.Black_throated_Blue_Warbler -> 138.Tree_Swallow, 111.Loggerhead_Shrike/Loggerhead_Shrike_0075_106153.jpg:111.Loggerhead_Shrike -> 138.Tree_Swallow, 155.Warbling_Vireo/Warbling_Vireo_0030_158488.jpg:155.Warbling_Vireo -> 138.Tree_Swallow, 138.Tree_Swallow/Tree_Swallow_0100_137493.jpg:138.Tree_Swallow -> 138.Tree_Swallow, 138.Tree_Swallow/Tree_Swallow_0002_136792.jpg:138.Tree_Swallow -> 102.Western_Wood_Pewee, 138.Tree_Swallow/Tree_Swallow_0002_136792.jpg:138.Tree_Swallow -> 102.Western_Wood_Pewee, 
176.Prairie_Warbler/Prairie_Warbler_0048_173095.jpg:176.Prairie_Warbler -> 139.Scarlet_Tanager, 170.Mourning_Warbler/Mourning_Warbler_0002_166520.jpg:170.Mourning_Warbler -> 139.Scarlet_Tanager, 152.Blue_headed_Vireo/Blue_Headed_Vireo_0091_155934.jpg:152.Blue_headed_Vireo -> 139.Scarlet_Tanager, 139.Scarlet_Tanager/Scarlet_Tanager_0110_138274.jpg:139.Scarlet_Tanager -> 140.Summer_Tanager, 139.Scarlet_Tanager/Scarlet_Tanager_0112_138695.jpg:139.Scarlet_Tanager -> 140.Summer_Tanager, 139.Scarlet_Tanager/Scarlet_Tanager_0130_138661.jpg:139.Scarlet_Tanager -> 106.Horned_Puffin, 
174.Palm_Warbler/Palm_Warbler_0006_169429.jpg:174.Palm_Warbler -> 140.Summer_Tanager, 158.Bay_breasted_Warbler/Bay_Breasted_Warbler_0102_159887.jpg:158.Bay_breasted_Warbler -> 140.Summer_Tanager, 140.Summer_Tanager/Summer_Tanager_0074_139592.jpg:140.Summer_Tanager -> 140.Summer_Tanager, 140.Summer_Tanager/Summer_Tanager_0095_139882.jpg:140.Summer_Tanager -> 140.Summer_Tanager, 140.Summer_Tanager/Summer_Tanager_0010_139948.jpg:140.Summer_Tanager -> 119.Field_Sparrow, 140.Summer_Tanager/Summer_Tanager_0075_139858.jpg:140.Summer_Tanager -> 140.Summer_Tanager, 
129.Song_Sparrow/Song_Sparrow_0037_121078.jpg:129.Song_Sparrow -> 141.Artic_Tern, 197.Marsh_Wren/Marsh_Wren_0018_188363.jpg:197.Marsh_Wren -> 141.Artic_Tern, 129.Song_Sparrow/Song_Sparrow_0055_121158.jpg:129.Song_Sparrow -> 141.Artic_Tern, 141.Artic_Tern/Artic_Tern_0124_142121.jpg:141.Artic_Tern -> 141.Artic_Tern, 141.Artic_Tern/Artic_Tern_0090_143583.jpg:141.Artic_Tern -> 147.Least_Tern, 141.Artic_Tern/Artic_Tern_0044_142151.jpg:141.Artic_Tern -> 144.Common_Tern, 
144.Common_Tern/Common_Tern_0108_149672.jpg:144.Common_Tern -> 142.Black_Tern, 178.Swainson_Warbler/Swainson_Warbler_0041_794893.jpg:178.Swainson_Warbler -> 142.Black_Tern, 103.Sayornis/Sayornis_0127_98865.jpg:103.Sayornis -> 142.Black_Tern, 142.Black_Tern/Black_Tern_0019_144680.jpg:142.Black_Tern -> 186.Cedar_Waxwing, 142.Black_Tern/Black_Tern_0046_144229.jpg:142.Black_Tern -> 143.Caspian_Tern, 142.Black_Tern/Black_Tern_0059_144159.jpg:142.Black_Tern -> 147.Least_Tern, 
185.Bohemian_Waxwing/Bohemian_Waxwing_0078_796649.jpg:185.Bohemian_Waxwing -> 143.Caspian_Tern, 145.Elegant_Tern/Elegant_Tern_0004_150948.jpg:145.Elegant_Tern -> 143.Caspian_Tern, 138.Tree_Swallow/Tree_Swallow_0039_135038.jpg:138.Tree_Swallow -> 143.Caspian_Tern, 143.Caspian_Tern/Caspian_Tern_0054_145890.jpg:143.Caspian_Tern -> 143.Caspian_Tern, 143.Caspian_Tern/Caspian_Tern_0026_145125.jpg:143.Caspian_Tern -> 143.Caspian_Tern, 143.Caspian_Tern/Caspian_Tern_0075_147650.jpg:143.Caspian_Tern -> 150.Sage_Thrasher, 
123.Henslow_Sparrow/Henslow_Sparrow_0046_116740.jpg:123.Henslow_Sparrow -> 144.Common_Tern, 144.Common_Tern/Common_Tern_0125_148767.jpg:144.Common_Tern -> 144.Common_Tern, 113.Baird_Sparrow/Baird_Sparrow_0009_106882.jpg:113.Baird_Sparrow -> 144.Common_Tern, 144.Common_Tern/Common_Tern_0097_148874.jpg:144.Common_Tern -> 136.Barn_Swallow, 144.Common_Tern/Common_Tern_0070_150292.jpg:144.Common_Tern -> 102.Western_Wood_Pewee, 144.Common_Tern/Common_Tern_0098_148785.jpg:144.Common_Tern -> 141.Artic_Tern, 
135.Bank_Swallow/Bank_Swallow_0068_129806.jpg:135.Bank_Swallow -> 145.Elegant_Tern, 146.Forsters_Tern/Forsters_Tern_0118_151564.jpg:146.Forsters_Tern -> 145.Elegant_Tern, 145.Elegant_Tern/Elegant_Tern_0035_150744.jpg:145.Elegant_Tern -> 145.Elegant_Tern, 145.Elegant_Tern/Elegant_Tern_0101_150715.jpg:145.Elegant_Tern -> 144.Common_Tern, 145.Elegant_Tern/Elegant_Tern_0103_150493.jpg:145.Elegant_Tern -> 142.Black_Tern, 145.Elegant_Tern/Elegant_Tern_0053_150507.jpg:145.Elegant_Tern -> 141.Artic_Tern, 
146.Forsters_Tern/Forsters_Tern_0065_152206.jpg:146.Forsters_Tern -> 146.Forsters_Tern, 142.Black_Tern/Black_Tern_0107_144661.jpg:142.Black_Tern -> 146.Forsters_Tern, 183.Northern_Waterthrush/Northern_Waterthrush_0077_177152.jpg:183.Northern_Waterthrush -> 146.Forsters_Tern, 146.Forsters_Tern/Forsters_Tern_0070_152107.jpg:146.Forsters_Tern -> 142.Black_Tern, 146.Forsters_Tern/Forsters_Tern_0068_152078.jpg:146.Forsters_Tern -> 147.Least_Tern, 146.Forsters_Tern/Forsters_Tern_0016_152463.jpg:146.Forsters_Tern -> 143.Caspian_Tern, 
146.Forsters_Tern/Forsters_Tern_0001_152174.jpg:146.Forsters_Tern -> 147.Least_Tern, 141.Artic_Tern/Artic_Tern_0032_141313.jpg:141.Artic_Tern -> 147.Least_Tern, 147.Least_Tern/Least_Tern_0088_152941.jpg:147.Least_Tern -> 147.Least_Tern, 147.Least_Tern/Least_Tern_0119_153950.jpg:147.Least_Tern -> 186.Cedar_Waxwing, 147.Least_Tern/Least_Tern_0024_153317.jpg:147.Least_Tern -> 147.Least_Tern, 147.Least_Tern/Least_Tern_0095_154680.jpg:147.Least_Tern -> 143.Caspian_Tern, 
129.Song_Sparrow/Song_Sparrow_0077_121196.jpg:129.Song_Sparrow -> 148.Green_tailed_Towhee, 120.Fox_Sparrow/Fox_Sparrow_0039_114816.jpg:120.Fox_Sparrow -> 148.Green_tailed_Towhee, 104.American_Pipit/American_Pipit_0059_99628.jpg:104.American_Pipit -> 148.Green_tailed_Towhee, 148.Green_tailed_Towhee/Green_Tailed_Towhee_0077_797443.jpg:148.Green_tailed_Towhee -> 120.Fox_Sparrow, 148.Green_tailed_Towhee/Green_Tailed_Towhee_0042_154801.jpg:148.Green_tailed_Towhee -> 126.Nelson_Sharp_tailed_Sparrow, 148.Green_tailed_Towhee/Green_Tailed_Towhee_0070_154844.jpg:148.Green_tailed_Towhee -> 125.Lincoln_Sparrow, 
170.Mourning_Warbler/Mourning_Warbler_0062_166531.jpg:170.Mourning_Warbler -> 149.Brown_Thrasher, 162.Canada_Warbler/Canada_Warbler_0023_162383.jpg:162.Canada_Warbler -> 149.Brown_Thrasher, 156.White_eyed_Vireo/White_Eyed_Vireo_0045_159232.jpg:156.White_eyed_Vireo -> 149.Brown_Thrasher, 149.Brown_Thrasher/Brown_Thrasher_0121_155320.jpg:149.Brown_Thrasher -> 110.Geococcyx, 149.Brown_Thrasher/Brown_Thrasher_0069_155151.jpg:149.Brown_Thrasher -> 129.Song_Sparrow, 149.Brown_Thrasher/Brown_Thrasher_0080_155200.jpg:149.Brown_Thrasher -> 144.Common_Tern, 
150.Sage_Thrasher/Sage_Thrasher_0025_155661.jpg:150.Sage_Thrasher -> 150.Sage_Thrasher, 159.Black_and_white_Warbler/Black_And_White_Warbler_0127_160031.jpg:159.Black_and_white_Warbler -> 150.Sage_Thrasher, 120.Fox_Sparrow/Fox_Sparrow_0093_114757.jpg:120.Fox_Sparrow -> 150.Sage_Thrasher, 150.Sage_Thrasher/Sage_Thrasher_0043_155574.jpg:150.Sage_Thrasher -> 107.Common_Raven, 150.Sage_Thrasher/Sage_Thrasher_0068_155452.jpg:150.Sage_Thrasher -> 113.Baird_Sparrow, 150.Sage_Thrasher/Sage_Thrasher_0052_155605.jpg:150.Sage_Thrasher -> 110.Geococcyx, 
184.Louisiana_Waterthrush/Louisiana_Waterthrush_0052_177519.jpg:184.Louisiana_Waterthrush -> 151.Black_capped_Vireo, 188.Pileated_Woodpecker/Pileated_Woodpecker_0033_180179.jpg:188.Pileated_Woodpecker -> 151.Black_capped_Vireo, 163.Cape_May_Warbler/Cape_May_Warbler_0004_162928.jpg:163.Cape_May_Warbler -> 151.Black_capped_Vireo, 151.Black_capped_Vireo/Black_Capped_Vireo_0033_797474.jpg:151.Black_capped_Vireo -> 155.Warbling_Vireo, 151.Black_capped_Vireo/Black_Capped_Vireo_0015_797450.jpg:151.Black_capped_Vireo -> 176.Prairie_Warbler, 151.Black_capped_Vireo/Black_Capped_Vireo_0029_797469.jpg:151.Black_capped_Vireo -> 129.Song_Sparrow, 
142.Black_Tern/Black_Tern_0020_144163.jpg:142.Black_Tern -> 152.Blue_headed_Vireo, 152.Blue_headed_Vireo/Blue_Headed_Vireo_0107_156111.jpg:152.Blue_headed_Vireo -> 152.Blue_headed_Vireo, 169.Magnolia_Warbler/Magnolia_Warbler_0034_166097.jpg:169.Magnolia_Warbler -> 152.Blue_headed_Vireo, 152.Blue_headed_Vireo/Blue_Headed_Vireo_0058_156261.jpg:152.Blue_headed_Vireo -> 154.Red_eyed_Vireo, 152.Blue_headed_Vireo/Blue_Headed_Vireo_0002_156241.jpg:152.Blue_headed_Vireo -> 103.Sayornis, 152.Blue_headed_Vireo/Blue_Headed_Vireo_0088_156416.jpg:152.Blue_headed_Vireo -> 194.Cactus_Wren, 
155.Warbling_Vireo/Warbling_Vireo_0099_158744.jpg:155.Warbling_Vireo -> 153.Philadelphia_Vireo, 151.Black_capped_Vireo/Black_Capped_Vireo_0026_155745.jpg:151.Black_capped_Vireo -> 153.Philadelphia_Vireo, 153.Philadelphia_Vireo/Philadelphia_Vireo_0045_156608.jpg:153.Philadelphia_Vireo -> 153.Philadelphia_Vireo, 153.Philadelphia_Vireo/Philadelphia_Vireo_0068_794763.jpg:153.Philadelphia_Vireo -> 103.Sayornis, 153.Philadelphia_Vireo/Philadelphia_Vireo_0013_794772.jpg:153.Philadelphia_Vireo -> 188.Pileated_Woodpecker, 153.Philadelphia_Vireo/Philadelphia_Vireo_0020_156663.jpg:153.Philadelphia_Vireo -> 153.Philadelphia_Vireo, 
121.Grasshopper_Sparrow/Grasshopper_Sparrow_0108_115894.jpg:121.Grasshopper_Sparrow -> 154.Red_eyed_Vireo, 113.Baird_Sparrow/Baird_Sparrow_0034_794589.jpg:113.Baird_Sparrow -> 154.Red_eyed_Vireo, 154.Red_eyed_Vireo/Red_Eyed_Vireo_0053_156885.jpg:154.Red_eyed_Vireo -> 154.Red_eyed_Vireo, 154.Red_eyed_Vireo/Red_Eyed_Vireo_0019_156921.jpg:154.Red_eyed_Vireo -> 153.Philadelphia_Vireo, 154.Red_eyed_Vireo/Red_Eyed_Vireo_0046_157265.jpg:154.Red_eyed_Vireo -> 142.Black_Tern, 154.Red_eyed_Vireo/Red_Eyed_Vireo_0055_157096.jpg:154.Red_eyed_Vireo -> 154.Red_eyed_Vireo, 
119.Field_Sparrow/Field_Sparrow_0120_113953.jpg:119.Field_Sparrow -> 155.Warbling_Vireo, 112.Great_Grey_Shrike/Great_Grey_Shrike_0071_106861.jpg:112.Great_Grey_Shrike -> 155.Warbling_Vireo, 191.Red_headed_Woodpecker/Red_Headed_Woodpecker_0018_183455.jpg:191.Red_headed_Woodpecker -> 155.Warbling_Vireo, 155.Warbling_Vireo/Warbling_Vireo_0070_158459.jpg:155.Warbling_Vireo -> 154.Red_eyed_Vireo, 155.Warbling_Vireo/Warbling_Vireo_0119_158819.jpg:155.Warbling_Vireo -> 153.Philadelphia_Vireo, 155.Warbling_Vireo/Warbling_Vireo_0058_158539.jpg:155.Warbling_Vireo -> 125.Lincoln_Sparrow, 
133.White_throated_Sparrow/White_Throated_Sparrow_0105_128814.jpg:133.White_throated_Sparrow -> 156.White_eyed_Vireo, 196.House_Wren/House_Wren_0099_187240.jpg:196.House_Wren -> 156.White_eyed_Vireo, 195.Carolina_Wren/Carolina_Wren_0066_186818.jpg:195.Carolina_Wren -> 156.White_eyed_Vireo, 156.White_eyed_Vireo/White_Eyed_Vireo_0002_159180.jpg:156.White_eyed_Vireo -> 191.Red_headed_Woodpecker, 156.White_eyed_Vireo/White_Eyed_Vireo_0082_159186.jpg:156.White_eyed_Vireo -> 129.Song_Sparrow, 156.White_eyed_Vireo/White_Eyed_Vireo_0082_159186.jpg:156.White_eyed_Vireo -> 129.Song_Sparrow, 
178.Swainson_Warbler/Swainson_Warbler_0002_174683.jpg:178.Swainson_Warbler -> 157.Yellow_throated_Vireo, 151.Black_capped_Vireo/Black_Capped_Vireo_0046_797494.jpg:151.Black_capped_Vireo -> 157.Yellow_throated_Vireo, 176.Prairie_Warbler/Prairie_Warbler_0028_173123.jpg:176.Prairie_Warbler -> 157.Yellow_throated_Vireo, 157.Yellow_throated_Vireo/Yellow_Throated_Vireo_0023_159584.jpg:157.Yellow_throated_Vireo -> 149.Brown_Thrasher, 157.Yellow_throated_Vireo/Yellow_Throated_Vireo_0005_159588.jpg:157.Yellow_throated_Vireo -> 191.Red_headed_Woodpecker, 157.Yellow_throated_Vireo/Yellow_Throated_Vireo_0080_794990.jpg:157.Yellow_throated_Vireo -> 139.Scarlet_Tanager, 
158.Bay_breasted_Warbler/Bay_Breasted_Warbler_0079_159998.jpg:158.Bay_breasted_Warbler -> 158.Bay_breasted_Warbler, 122.Harris_Sparrow/Harris_Sparrow_0024_116480.jpg:122.Harris_Sparrow -> 158.Bay_breasted_Warbler, 115.Brewer_Sparrow/Brewer_Sparrow_0046_796696.jpg:115.Brewer_Sparrow -> 158.Bay_breasted_Warbler, 158.Bay_breasted_Warbler/Bay_Breasted_Warbler_0099_159753.jpg:158.Bay_breasted_Warbler -> 155.Warbling_Vireo, 158.Bay_breasted_Warbler/Bay_Breasted_Warbler_0019_159871.jpg:158.Bay_breasted_Warbler -> 156.White_eyed_Vireo, 158.Bay_breasted_Warbler/Bay_Breasted_Warbler_0099_159753.jpg:158.Bay_breasted_Warbler -> 155.Warbling_Vireo, 
159.Black_and_white_Warbler/Black_And_White_Warbler_0095_160406.jpg:159.Black_and_white_Warbler -> 111.Loggerhead_Shrike, 159.Black_and_white_Warbler/Black_And_White_Warbler_0024_160057.jpg:159.Black_and_white_Warbler -> 111.Loggerhead_Shrike, 159.Black_and_white_Warbler/Black_And_White_Warbler_0122_160106.jpg:159.Black_and_white_Warbler -> 114.Black_throated_Sparrow, 159.Black_and_white_Warbler/Black_And_White_Warbler_0002_160376.jpg:159.Black_and_white_Warbler -> 109.American_Redstart, 159.Black_and_white_Warbler/Black_And_White_Warbler_0021_160686.jpg:159.Black_and_white_Warbler -> 164.Cerulean_Warbler, 159.Black_and_white_Warbler/Black_And_White_Warbler_0122_160106.jpg:159.Black_and_white_Warbler -> 114.Black_throated_Sparrow, 
170.Mourning_Warbler/Mourning_Warbler_0055_166436.jpg:170.Mourning_Warbler -> 160.Black_throated_Blue_Warbler, 160.Black_throated_Blue_Warbler/Black_Throated_Blue_Warbler_0137_161207.jpg:160.Black_throated_Blue_Warbler -> 160.Black_throated_Blue_Warbler, 170.Mourning_Warbler/Mourning_Warbler_0055_166436.jpg:170.Mourning_Warbler -> 160.Black_throated_Blue_Warbler, 160.Black_throated_Blue_Warbler/Black_Throated_Blue_Warbler_0110_161726.jpg:160.Black_throated_Blue_Warbler -> 112.Great_Grey_Shrike, 160.Black_throated_Blue_Warbler/Black_Throated_Blue_Warbler_0080_161681.jpg:160.Black_throated_Blue_Warbler -> 193.Bewick_Wren, 160.Black_throated_Blue_Warbler/Black_Throated_Blue_Warbler_0009_161534.jpg:160.Black_throated_Blue_Warbler -> 161.Blue_winged_Warbler, 
183.Northern_Waterthrush/Northern_Waterthrush_0084_177239.jpg:183.Northern_Waterthrush -> 161.Blue_winged_Warbler, 126.Nelson_Sharp_tailed_Sparrow/Nelson_Sharp_Tailed_Sparrow_0025_796945.jpg:126.Nelson_Sharp_tailed_Sparrow -> 161.Blue_winged_Warbler, 182.Yellow_Warbler/Yellow_Warbler_0038_176388.jpg:182.Yellow_Warbler -> 161.Blue_winged_Warbler, 161.Blue_winged_Warbler/Blue_Winged_Warbler_0056_162013.jpg:161.Blue_winged_Warbler -> 161.Blue_winged_Warbler, 161.Blue_winged_Warbler/Blue_Winged_Warbler_0013_161816.jpg:161.Blue_winged_Warbler -> 155.Warbling_Vireo, 161.Blue_winged_Warbler/Blue_Winged_Warbler_0057_162085.jpg:161.Blue_winged_Warbler -> 155.Warbling_Vireo, 
149.Brown_Thrasher/Brown_Thrasher_0096_155412.jpg:149.Brown_Thrasher -> 162.Canada_Warbler, 167.Hooded_Warbler/Hooded_Warbler_0115_165041.jpg:167.Hooded_Warbler -> 162.Canada_Warbler, 187.American_Three_toed_Woodpecker/American_Three_Toed_Woodpecker_0017_179830.jpg:187.American_Three_toed_Woodpecker -> 162.Canada_Warbler, 162.Canada_Warbler/Canada_Warbler_0021_162325.jpg:162.Canada_Warbler -> 179.Tennessee_Warbler, 162.Canada_Warbler/Canada_Warbler_0035_162377.jpg:162.Canada_Warbler -> 200.Common_Yellowthroat, 162.Canada_Warbler/Canada_Warbler_0095_162401.jpg:162.Canada_Warbler -> 139.Scarlet_Tanager, 
125.Lincoln_Sparrow/Lincoln_Sparrow_0119_117270.jpg:125.Lincoln_Sparrow -> 163.Cape_May_Warbler, 163.Cape_May_Warbler/Cape_May_Warbler_0085_162628.jpg:163.Cape_May_Warbler -> 163.Cape_May_Warbler, 158.Bay_breasted_Warbler/Bay_Breasted_Warbler_0062_159783.jpg:158.Bay_breasted_Warbler -> 163.Cape_May_Warbler, 163.Cape_May_Warbler/Cape_May_Warbler_0049_162909.jpg:163.Cape_May_Warbler -> 168.Kentucky_Warbler, 163.Cape_May_Warbler/Cape_May_Warbler_0012_162701.jpg:163.Cape_May_Warbler -> 191.Red_headed_Woodpecker, 163.Cape_May_Warbler/Cape_May_Warbler_0012_162701.jpg:163.Cape_May_Warbler -> 191.Red_headed_Woodpecker, 
164.Cerulean_Warbler/Cerulean_Warbler_0078_163271.jpg:164.Cerulean_Warbler -> 164.Cerulean_Warbler, 138.Tree_Swallow/Tree_Swallow_0019_137073.jpg:138.Tree_Swallow -> 164.Cerulean_Warbler, 187.American_Three_toed_Woodpecker/American_Three_Toed_Woodpecker_0028_796175.jpg:187.American_Three_toed_Woodpecker -> 164.Cerulean_Warbler, 164.Cerulean_Warbler/Cerulean_Warbler_0054_797235.jpg:164.Cerulean_Warbler -> 103.Sayornis, 164.Cerulean_Warbler/Cerulean_Warbler_0067_797220.jpg:164.Cerulean_Warbler -> 198.Rock_Wren, 164.Cerulean_Warbler/Cerulean_Warbler_0037_797212.jpg:164.Cerulean_Warbler -> 152.Blue_headed_Vireo, 
117.Clay_colored_Sparrow/Clay_Colored_Sparrow_0104_110699.jpg:117.Clay_colored_Sparrow -> 165.Chestnut_sided_Warbler, 105.Whip_poor_Will/Whip_Poor_Will_0015_796435.jpg:105.Whip_poor_Will -> 165.Chestnut_sided_Warbler, 125.Lincoln_Sparrow/Lincoln_Sparrow_0046_117405.jpg:125.Lincoln_Sparrow -> 165.Chestnut_sided_Warbler, 165.Chestnut_sided_Warbler/Chestnut_Sided_Warbler_0104_163638.jpg:165.Chestnut_sided_Warbler -> 138.Tree_Swallow, 165.Chestnut_sided_Warbler/Chestnut_Sided_Warbler_0033_163607.jpg:165.Chestnut_sided_Warbler -> 165.Chestnut_sided_Warbler, 165.Chestnut_sided_Warbler/Chestnut_Sided_Warbler_0124_164109.jpg:165.Chestnut_sided_Warbler -> 179.Tennessee_Warbler, 
169.Magnolia_Warbler/Magnolia_Warbler_0022_165693.jpg:169.Magnolia_Warbler -> 166.Golden_winged_Warbler, 107.Common_Raven/Common_Raven_0074_101576.jpg:107.Common_Raven -> 166.Golden_winged_Warbler, 166.Golden_winged_Warbler/Golden_Winged_Warbler_0032_794849.jpg:166.Golden_winged_Warbler -> 166.Golden_winged_Warbler, 166.Golden_winged_Warbler/Golden_Winged_Warbler_0051_794805.jpg:166.Golden_winged_Warbler -> 140.Summer_Tanager, 166.Golden_winged_Warbler/Golden_Winged_Warbler_0095_794809.jpg:166.Golden_winged_Warbler -> 122.Harris_Sparrow, 166.Golden_winged_Warbler/Golden_Winged_Warbler_0041_164379.jpg:166.Golden_winged_Warbler -> 111.Loggerhead_Shrike, 
122.Harris_Sparrow/Harris_Sparrow_0089_116531.jpg:122.Harris_Sparrow -> 167.Hooded_Warbler, 167.Hooded_Warbler/Hooded_Warbler_0072_22097.jpg:167.Hooded_Warbler -> 167.Hooded_Warbler, 182.Yellow_Warbler/Yellow_Warbler_0114_176201.jpg:182.Yellow_Warbler -> 167.Hooded_Warbler, 167.Hooded_Warbler/Hooded_Warbler_0128_164620.jpg:167.Hooded_Warbler -> 143.Caspian_Tern, 167.Hooded_Warbler/Hooded_Warbler_0116_164630.jpg:167.Hooded_Warbler -> 134.Cape_Glossy_Starling, 167.Hooded_Warbler/Hooded_Warbler_0008_164641.jpg:167.Hooded_Warbler -> 193.Bewick_Wren, 
168.Kentucky_Warbler/Kentucky_Warbler_0078_795889.jpg:168.Kentucky_Warbler -> 168.Kentucky_Warbler, 177.Prothonotary_Warbler/Prothonotary_Warbler_0055_173419.jpg:177.Prothonotary_Warbler -> 168.Kentucky_Warbler, 166.Golden_winged_Warbler/Golden_Winged_Warbler_0031_794840.jpg:166.Golden_winged_Warbler -> 168.Kentucky_Warbler, 168.Kentucky_Warbler/Kentucky_Warbler_0047_165298.jpg:168.Kentucky_Warbler -> 131.Vesper_Sparrow, 168.Kentucky_Warbler/Kentucky_Warbler_0038_795909.jpg:168.Kentucky_Warbler -> 111.Loggerhead_Shrike, 168.Kentucky_Warbler/Kentucky_Warbler_0012_795875.jpg:168.Kentucky_Warbler -> 128.Seaside_Sparrow, 
112.Great_Grey_Shrike/Great_Grey_Shrike_0029_106668.jpg:112.Great_Grey_Shrike -> 169.Magnolia_Warbler, 187.American_Three_toed_Woodpecker/American_Three_Toed_Woodpecker_0032_796170.jpg:187.American_Three_toed_Woodpecker -> 169.Magnolia_Warbler, 175.Pine_Warbler/Pine_Warbler_0078_171374.jpg:175.Pine_Warbler -> 169.Magnolia_Warbler, 169.Magnolia_Warbler/Magnolia_Warbler_0140_165543.jpg:169.Magnolia_Warbler -> 191.Red_headed_Woodpecker, 169.Magnolia_Warbler/Magnolia_Warbler_0011_166382.jpg:169.Magnolia_Warbler -> 156.White_eyed_Vireo, 169.Magnolia_Warbler/Magnolia_Warbler_0023_165827.jpg:169.Magnolia_Warbler -> 172.Nashville_Warbler, 
127.Savannah_Sparrow/Savannah_Sparrow_0093_118267.jpg:127.Savannah_Sparrow -> 170.Mourning_Warbler, 131.Vesper_Sparrow/Vesper_Sparrow_0037_125648.jpg:131.Vesper_Sparrow -> 170.Mourning_Warbler, 171.Myrtle_Warbler/Myrtle_Warbler_0102_166725.jpg:171.Myrtle_Warbler -> 170.Mourning_Warbler, 170.Mourning_Warbler/Mourning_Warbler_0050_795343.jpg:170.Mourning_Warbler -> 151.Black_capped_Vireo, 170.Mourning_Warbler/Mourning_Warbler_0073_166524.jpg:170.Mourning_Warbler -> 106.Horned_Puffin, 170.Mourning_Warbler/Mourning_Warbler_0014_166427.jpg:170.Mourning_Warbler -> 102.Western_Wood_Pewee, 
171.Myrtle_Warbler/Myrtle_Warbler_0068_166892.jpg:171.Myrtle_Warbler -> 179.Tennessee_Warbler, 171.Myrtle_Warbler/Myrtle_Warbler_0020_166997.jpg:171.Myrtle_Warbler -> 169.Magnolia_Warbler, 171.Myrtle_Warbler/Myrtle_Warbler_0110_166785.jpg:171.Myrtle_Warbler -> 175.Pine_Warbler, 171.Myrtle_Warbler/Myrtle_Warbler_0037_166690.jpg:171.Myrtle_Warbler -> 144.Common_Tern, 171.Myrtle_Warbler/Myrtle_Warbler_0069_166914.jpg:171.Myrtle_Warbler -> 185.Bohemian_Waxwing, 171.Myrtle_Warbler/Myrtle_Warbler_0064_166679.jpg:171.Myrtle_Warbler -> 182.Yellow_Warbler, 
156.White_eyed_Vireo/White_Eyed_Vireo_0059_159225.jpg:156.White_eyed_Vireo -> 172.Nashville_Warbler, 180.Wilson_Warbler/Wilson_Warbler_0118_175779.jpg:180.Wilson_Warbler -> 172.Nashville_Warbler, 103.Sayornis/Sayornis_0005_98958.jpg:103.Sayornis -> 172.Nashville_Warbler, 172.Nashville_Warbler/Nashville_Warbler_0109_167428.jpg:172.Nashville_Warbler -> 154.Red_eyed_Vireo, 172.Nashville_Warbler/Nashville_Warbler_0107_167186.jpg:172.Nashville_Warbler -> 185.Bohemian_Waxwing, 172.Nashville_Warbler/Nashville_Warbler_0042_167346.jpg:172.Nashville_Warbler -> 112.Great_Grey_Shrike, 
149.Brown_Thrasher/Brown_Thrasher_0038_155246.jpg:149.Brown_Thrasher -> 173.Orange_crowned_Warbler, 200.Common_Yellowthroat/Common_Yellowthroat_0090_190503.jpg:200.Common_Yellowthroat -> 173.Orange_crowned_Warbler, 178.Swainson_Warbler/Swainson_Warbler_0053_174678.jpg:178.Swainson_Warbler -> 173.Orange_crowned_Warbler, 173.Orange_crowned_Warbler/Orange_Crowned_Warbler_0009_168228.jpg:173.Orange_crowned_Warbler -> 156.White_eyed_Vireo, 173.Orange_crowned_Warbler/Orange_Crowned_Warbler_0120_167587.jpg:173.Orange_crowned_Warbler -> 165.Chestnut_sided_Warbler, 173.Orange_crowned_Warbler/Orange_Crowned_Warbler_0120_167587.jpg:173.Orange_crowned_Warbler -> 165.Chestnut_sided_Warbler, 
171.Myrtle_Warbler/Myrtle_Warbler_0098_166794.jpg:171.Myrtle_Warbler -> 174.Palm_Warbler, 131.Vesper_Sparrow/Vesper_Sparrow_0043_125703.jpg:131.Vesper_Sparrow -> 174.Palm_Warbler, 175.Pine_Warbler/Pine_Warbler_0033_171657.jpg:175.Pine_Warbler -> 174.Palm_Warbler, 174.Palm_Warbler/Palm_Warbler_0050_170042.jpg:174.Palm_Warbler -> 124.Le_Conte_Sparrow, 174.Palm_Warbler/Palm_Warbler_0054_169175.jpg:174.Palm_Warbler -> 133.White_throated_Sparrow, 174.Palm_Warbler/Palm_Warbler_0096_170867.jpg:174.Palm_Warbler -> 198.Rock_Wren, 
175.Pine_Warbler/Pine_Warbler_0126_171282.jpg:175.Pine_Warbler -> 175.Pine_Warbler, 158.Bay_breasted_Warbler/Bay_Breasted_Warbler_0112_159839.jpg:158.Bay_breasted_Warbler -> 175.Pine_Warbler, 182.Yellow_Warbler/Yellow_Warbler_0035_176360.jpg:182.Yellow_Warbler -> 175.Pine_Warbler, 175.Pine_Warbler/Pine_Warbler_0083_171117.jpg:175.Pine_Warbler -> 155.Warbling_Vireo, 175.Pine_Warbler/Pine_Warbler_0084_172409.jpg:175.Pine_Warbler -> 175.Pine_Warbler, 175.Pine_Warbler/Pine_Warbler_0041_171477.jpg:175.Pine_Warbler -> 177.Prothonotary_Warbler, 
143.Caspian_Tern/Caspian_Tern_0059_145582.jpg:143.Caspian_Tern -> 176.Prairie_Warbler, 130.Tree_Sparrow/Tree_Sparrow_0095_124090.jpg:130.Tree_Sparrow -> 176.Prairie_Warbler, 131.Vesper_Sparrow/Vesper_Sparrow_0067_125429.jpg:131.Vesper_Sparrow -> 176.Prairie_Warbler, 176.Prairie_Warbler/Prairie_Warbler_0137_172610.jpg:176.Prairie_Warbler -> 176.Prairie_Warbler, 176.Prairie_Warbler/Prairie_Warbler_0136_172768.jpg:176.Prairie_Warbler -> 111.Loggerhead_Shrike, 176.Prairie_Warbler/Prairie_Warbler_0020_173359.jpg:176.Prairie_Warbler -> 175.Pine_Warbler, 
180.Wilson_Warbler/Wilson_Warbler_0080_175770.jpg:180.Wilson_Warbler -> 177.Prothonotary_Warbler, 177.Prothonotary_Warbler/Prothonotary_Warbler_0054_174556.jpg:177.Prothonotary_Warbler -> 177.Prothonotary_Warbler, 116.Chipping_Sparrow/Chipping_Sparrow_0050_108441.jpg:116.Chipping_Sparrow -> 177.Prothonotary_Warbler, 177.Prothonotary_Warbler/Prothonotary_Warbler_0089_174636.jpg:177.Prothonotary_Warbler -> 176.Prairie_Warbler, 177.Prothonotary_Warbler/Prothonotary_Warbler_0037_173418.jpg:177.Prothonotary_Warbler -> 197.Marsh_Wren, 177.Prothonotary_Warbler/Prothonotary_Warbler_0083_173929.jpg:177.Prothonotary_Warbler -> 177.Prothonotary_Warbler, 
178.Swainson_Warbler/Swainson_Warbler_0001_794869.jpg:178.Swainson_Warbler -> 178.Swainson_Warbler, 109.American_Redstart/American_Redstart_0080_103749.jpg:109.American_Redstart -> 178.Swainson_Warbler, 178.Swainson_Warbler/Swainson_Warbler_0001_794869.jpg:178.Swainson_Warbler -> 178.Swainson_Warbler, 178.Swainson_Warbler/Swainson_Warbler_0050_794861.jpg:178.Swainson_Warbler -> 195.Carolina_Wren, 178.Swainson_Warbler/Swainson_Warbler_0053_174678.jpg:178.Swainson_Warbler -> 173.Orange_crowned_Warbler, 178.Swainson_Warbler/Swainson_Warbler_0021_794898.jpg:178.Swainson_Warbler -> 170.Mourning_Warbler, 
159.Black_and_white_Warbler/Black_And_White_Warbler_0125_160482.jpg:159.Black_and_white_Warbler -> 179.Tennessee_Warbler, 197.Marsh_Wren/Marsh_Wren_0068_188446.jpg:197.Marsh_Wren -> 179.Tennessee_Warbler, 135.Bank_Swallow/Bank_Swallow_0010_129592.jpg:135.Bank_Swallow -> 179.Tennessee_Warbler, 179.Tennessee_Warbler/Tennessee_Warbler_0022_174799.jpg:179.Tennessee_Warbler -> 154.Red_eyed_Vireo, 179.Tennessee_Warbler/Tennessee_Warbler_0098_174800.jpg:179.Tennessee_Warbler -> 160.Black_throated_Blue_Warbler, 179.Tennessee_Warbler/Tennessee_Warbler_0070_174962.jpg:179.Tennessee_Warbler -> 144.Common_Tern, 
151.Black_capped_Vireo/Black_Capped_Vireo_0016_797489.jpg:151.Black_capped_Vireo -> 180.Wilson_Warbler, 180.Wilson_Warbler/Wilson_Warbler_0065_175924.jpg:180.Wilson_Warbler -> 180.Wilson_Warbler, 171.Myrtle_Warbler/Myrtle_Warbler_0015_166713.jpg:171.Myrtle_Warbler -> 180.Wilson_Warbler, 180.Wilson_Warbler/Wilson_Warbler_0095_175595.jpg:180.Wilson_Warbler -> 153.Philadelphia_Vireo, 180.Wilson_Warbler/Wilson_Warbler_0045_175623.jpg:180.Wilson_Warbler -> 102.Western_Wood_Pewee, 180.Wilson_Warbler/Wilson_Warbler_0033_175259.jpg:180.Wilson_Warbler -> 153.Philadelphia_Vireo, 
181.Worm_eating_Warbler/Worm_Eating_Warbler_0051_176068.jpg:181.Worm_eating_Warbler -> 115.Brewer_Sparrow, 181.Worm_eating_Warbler/Worm_Eating_Warbler_0042_795571.jpg:181.Worm_eating_Warbler -> 133.White_throated_Sparrow, 181.Worm_eating_Warbler/Worm_Eating_Warbler_0057_176006.jpg:181.Worm_eating_Warbler -> 149.Brown_Thrasher, 181.Worm_eating_Warbler/Worm_Eating_Warbler_0066_92460.jpg:181.Worm_eating_Warbler -> 142.Black_Tern, 181.Worm_eating_Warbler/Worm_Eating_Warbler_0056_795547.jpg:181.Worm_eating_Warbler -> 114.Black_throated_Sparrow, 181.Worm_eating_Warbler/Worm_Eating_Warbler_0081_175971.jpg:181.Worm_eating_Warbler -> 106.Horned_Puffin, 
199.Winter_Wren/Winter_Wren_0129_189843.jpg:199.Winter_Wren -> 182.Yellow_Warbler, 139.Scarlet_Tanager/Scarlet_Tanager_0068_137758.jpg:139.Scarlet_Tanager -> 182.Yellow_Warbler, 182.Yellow_Warbler/Yellow_Warbler_0061_176559.jpg:182.Yellow_Warbler -> 182.Yellow_Warbler, 182.Yellow_Warbler/Yellow_Warbler_0057_176675.jpg:182.Yellow_Warbler -> 161.Blue_winged_Warbler, 182.Yellow_Warbler/Yellow_Warbler_0114_176201.jpg:182.Yellow_Warbler -> 167.Hooded_Warbler, 182.Yellow_Warbler/Yellow_Warbler_0067_176856.jpg:182.Yellow_Warbler -> 175.Pine_Warbler, 
182.Yellow_Warbler/Yellow_Warbler_0119_176485.jpg:182.Yellow_Warbler -> 183.Northern_Waterthrush, 179.Tennessee_Warbler/Tennessee_Warbler_0075_174763.jpg:179.Tennessee_Warbler -> 183.Northern_Waterthrush, 127.Savannah_Sparrow/Savannah_Sparrow_0033_118871.jpg:127.Savannah_Sparrow -> 183.Northern_Waterthrush, 183.Northern_Waterthrush/Northern_Waterthrush_0036_177274.jpg:183.Northern_Waterthrush -> 184.Louisiana_Waterthrush, 183.Northern_Waterthrush/Northern_Waterthrush_0063_177346.jpg:183.Northern_Waterthrush -> 104.American_Pipit, 183.Northern_Waterthrush/Northern_Waterthrush_0076_176986.jpg:183.Northern_Waterthrush -> 109.American_Redstart, 
196.House_Wren/House_Wren_0011_187547.jpg:196.House_Wren -> 184.Louisiana_Waterthrush, 170.Mourning_Warbler/Mourning_Warbler_0034_795384.jpg:170.Mourning_Warbler -> 184.Louisiana_Waterthrush, 117.Clay_colored_Sparrow/Clay_Colored_Sparrow_0093_110677.jpg:117.Clay_colored_Sparrow -> 184.Louisiana_Waterthrush, 184.Louisiana_Waterthrush/Louisiana_Waterthrush_0076_795257.jpg:184.Louisiana_Waterthrush -> 153.Philadelphia_Vireo, 184.Louisiana_Waterthrush/Louisiana_Waterthrush_0081_795283.jpg:184.Louisiana_Waterthrush -> 184.Louisiana_Waterthrush, 184.Louisiana_Waterthrush/Louisiana_Waterthrush_0077_795247.jpg:184.Louisiana_Waterthrush -> 182.Yellow_Warbler, 
141.Artic_Tern/Artic_Tern_0107_141181.jpg:141.Artic_Tern -> 185.Bohemian_Waxwing, 186.Cedar_Waxwing/Cedar_Waxwing_0094_178049.jpg:186.Cedar_Waxwing -> 185.Bohemian_Waxwing, 176.Prairie_Warbler/Prairie_Warbler_0113_172544.jpg:176.Prairie_Warbler -> 185.Bohemian_Waxwing, 185.Bohemian_Waxwing/Bohemian_Waxwing_0060_796642.jpg:185.Bohemian_Waxwing -> 138.Tree_Swallow, 185.Bohemian_Waxwing/Bohemian_Waxwing_0037_796638.jpg:185.Bohemian_Waxwing -> 185.Bohemian_Waxwing, 185.Bohemian_Waxwing/Bohemian_Waxwing_0030_177635.jpg:185.Bohemian_Waxwing -> 102.Western_Wood_Pewee, 
188.Pileated_Woodpecker/Pileated_Woodpecker_0065_180324.jpg:188.Pileated_Woodpecker -> 186.Cedar_Waxwing, 186.Cedar_Waxwing/Cedar_Waxwing_0053_178892.jpg:186.Cedar_Waxwing -> 186.Cedar_Waxwing, 114.Black_throated_Sparrow/Black_Throated_Sparrow_0026_107198.jpg:114.Black_throated_Sparrow -> 186.Cedar_Waxwing, 186.Cedar_Waxwing/Cedar_Waxwing_0066_178719.jpg:186.Cedar_Waxwing -> 122.Harris_Sparrow, 186.Cedar_Waxwing/Cedar_Waxwing_0011_179149.jpg:186.Cedar_Waxwing -> 186.Cedar_Waxwing, 186.Cedar_Waxwing/Cedar_Waxwing_0118_178779.jpg:186.Cedar_Waxwing -> 104.American_Pipit, 
189.Red_bellied_Woodpecker/Red_Bellied_Woodpecker_0070_181182.jpg:189.Red_bellied_Woodpecker -> 187.American_Three_toed_Woodpecker, 198.Rock_Wren/Rock_Wren_0053_189112.jpg:198.Rock_Wren -> 187.American_Three_toed_Woodpecker, 136.Barn_Swallow/Barn_Swallow_0027_129978.jpg:136.Barn_Swallow -> 187.American_Three_toed_Woodpecker, 187.American_Three_toed_Woodpecker/American_Three_Toed_Woodpecker_0031_796172.jpg:187.American_Three_toed_Woodpecker -> 130.Tree_Sparrow, 187.American_Three_toed_Woodpecker/American_Three_Toed_Woodpecker_0044_796151.jpg:187.American_Three_toed_Woodpecker -> 173.Orange_crowned_Warbler, 187.American_Three_toed_Woodpecker/American_Three_Toed_Woodpecker_0042_796149.jpg:187.American_Three_toed_Woodpecker -> 114.Black_throated_Sparrow, 
131.Vesper_Sparrow/Vesper_Sparrow_0005_125440.jpg:131.Vesper_Sparrow -> 188.Pileated_Woodpecker, 188.Pileated_Woodpecker/Pileated_Woodpecker_0072_180006.jpg:188.Pileated_Woodpecker -> 188.Pileated_Woodpecker, 153.Philadelphia_Vireo/Philadelphia_Vireo_0013_794772.jpg:153.Philadelphia_Vireo -> 188.Pileated_Woodpecker, 188.Pileated_Woodpecker/Pileated_Woodpecker_0008_180400.jpg:188.Pileated_Woodpecker -> 188.Pileated_Woodpecker, 188.Pileated_Woodpecker/Pileated_Woodpecker_0081_180249.jpg:188.Pileated_Woodpecker -> 188.Pileated_Woodpecker, 188.Pileated_Woodpecker/Pileated_Woodpecker_0118_180138.jpg:188.Pileated_Woodpecker -> 191.Red_headed_Woodpecker, 
188.Pileated_Woodpecker/Pileated_Woodpecker_0057_180612.jpg:188.Pileated_Woodpecker -> 189.Red_bellied_Woodpecker, 154.Red_eyed_Vireo/Red_Eyed_Vireo_0133_156668.jpg:154.Red_eyed_Vireo -> 189.Red_bellied_Woodpecker, 189.Red_bellied_Woodpecker/Red_Bellied_Woodpecker_0091_180938.jpg:189.Red_bellied_Woodpecker -> 189.Red_bellied_Woodpecker, 189.Red_bellied_Woodpecker/Red_Bellied_Woodpecker_0028_181830.jpg:189.Red_bellied_Woodpecker -> 154.Red_eyed_Vireo, 189.Red_bellied_Woodpecker/Red_Bellied_Woodpecker_0089_181907.jpg:189.Red_bellied_Woodpecker -> 104.American_Pipit, 189.Red_bellied_Woodpecker/Red_Bellied_Woodpecker_0074_180936.jpg:189.Red_bellied_Woodpecker -> 191.Red_headed_Woodpecker, 
146.Forsters_Tern/Forsters_Tern_0088_151893.jpg:146.Forsters_Tern -> 190.Red_cockaded_Woodpecker, 134.Cape_Glossy_Starling/Cape_Glossy_Starling_0080_129362.jpg:134.Cape_Glossy_Starling -> 190.Red_cockaded_Woodpecker, 102.Western_Wood_Pewee/Western_Wood_Pewee_0029_795042.jpg:102.Western_Wood_Pewee -> 190.Red_cockaded_Woodpecker, 190.Red_cockaded_Woodpecker/Red_Cockaded_Woodpecker_0013_794740.jpg:190.Red_cockaded_Woodpecker -> 186.Cedar_Waxwing, 190.Red_cockaded_Woodpecker/Red_Cockaded_Woodpecker_0039_794736.jpg:190.Red_cockaded_Woodpecker -> 187.American_Three_toed_Woodpecker, 190.Red_cockaded_Woodpecker/Red_Cockaded_Woodpecker_0013_794740.jpg:190.Red_cockaded_Woodpecker -> 186.Cedar_Waxwing, 
166.Golden_winged_Warbler/Golden_Winged_Warbler_0003_164469.jpg:166.Golden_winged_Warbler -> 191.Red_headed_Woodpecker, 191.Red_headed_Woodpecker/Red_Headed_Woodpecker_0012_183395.jpg:191.Red_headed_Woodpecker -> 191.Red_headed_Woodpecker, 105.Whip_poor_Will/Whip_Poor_Will_0050_796415.jpg:105.Whip_poor_Will -> 191.Red_headed_Woodpecker, 191.Red_headed_Woodpecker/Red_Headed_Woodpecker_0097_182903.jpg:191.Red_headed_Woodpecker -> 161.Blue_winged_Warbler, 191.Red_headed_Woodpecker/Red_Headed_Woodpecker_0041_182788.jpg:191.Red_headed_Woodpecker -> 163.Cape_May_Warbler, 191.Red_headed_Woodpecker/Red_Headed_Woodpecker_0099_183524.jpg:191.Red_headed_Woodpecker -> 191.Red_headed_Woodpecker, 
197.Marsh_Wren/Marsh_Wren_0108_188788.jpg:197.Marsh_Wren -> 192.Downy_Woodpecker, 182.Yellow_Warbler/Yellow_Warbler_0102_176821.jpg:182.Yellow_Warbler -> 192.Downy_Woodpecker, 137.Cliff_Swallow/Cliff_Swallow_0003_133496.jpg:137.Cliff_Swallow -> 192.Downy_Woodpecker, 192.Downy_Woodpecker/Downy_Woodpecker_0006_184538.jpg:192.Downy_Woodpecker -> 133.White_throated_Sparrow, 192.Downy_Woodpecker/Downy_Woodpecker_0074_183907.jpg:192.Downy_Woodpecker -> 110.Geococcyx, 192.Downy_Woodpecker/Downy_Woodpecker_0073_184430.jpg:192.Downy_Woodpecker -> 169.Magnolia_Warbler, 
176.Prairie_Warbler/Prairie_Warbler_0066_173350.jpg:176.Prairie_Warbler -> 193.Bewick_Wren, 193.Bewick_Wren/Bewick_Wren_0005_184699.jpg:193.Bewick_Wren -> 193.Bewick_Wren, 198.Rock_Wren/Rock_Wren_0034_187656.jpg:198.Rock_Wren -> 193.Bewick_Wren, 193.Bewick_Wren/Bewick_Wren_0106_185013.jpg:193.Bewick_Wren -> 184.Louisiana_Waterthrush, 193.Bewick_Wren/Bewick_Wren_0025_184932.jpg:193.Bewick_Wren -> 133.White_throated_Sparrow, 193.Bewick_Wren/Bewick_Wren_0067_184816.jpg:193.Bewick_Wren -> 150.Sage_Thrasher, 
105.Whip_poor_Will/Whip_Poor_Will_0040_100482.jpg:105.Whip_poor_Will -> 194.Cactus_Wren, 169.Magnolia_Warbler/Magnolia_Warbler_0114_165467.jpg:169.Magnolia_Warbler -> 194.Cactus_Wren, 191.Red_headed_Woodpecker/Red_Headed_Woodpecker_0067_183710.jpg:191.Red_headed_Woodpecker -> 194.Cactus_Wren, 194.Cactus_Wren/Cactus_Wren_0108_185733.jpg:194.Cactus_Wren -> 176.Prairie_Warbler, 194.Cactus_Wren/Cactus_Wren_0098_185637.jpg:194.Cactus_Wren -> 194.Cactus_Wren, 194.Cactus_Wren/Cactus_Wren_0101_185627.jpg:194.Cactus_Wren -> 154.Red_eyed_Vireo, 
195.Carolina_Wren/Carolina_Wren_0141_186347.jpg:195.Carolina_Wren -> 195.Carolina_Wren, 195.Carolina_Wren/Carolina_Wren_0011_186871.jpg:195.Carolina_Wren -> 195.Carolina_Wren, 178.Swainson_Warbler/Swainson_Warbler_0050_794861.jpg:178.Swainson_Warbler -> 195.Carolina_Wren, 195.Carolina_Wren/Carolina_Wren_0117_186916.jpg:195.Carolina_Wren -> 179.Tennessee_Warbler, 195.Carolina_Wren/Carolina_Wren_0102_186332.jpg:195.Carolina_Wren -> 110.Geococcyx, 195.Carolina_Wren/Carolina_Wren_0083_186324.jpg:195.Carolina_Wren -> 177.Prothonotary_Warbler, 
107.Common_Raven/Common_Raven_0132_101543.jpg:107.Common_Raven -> 196.House_Wren, 174.Palm_Warbler/Palm_Warbler_0095_170610.jpg:174.Palm_Warbler -> 196.House_Wren, 102.Western_Wood_Pewee/Western_Wood_Pewee_0010_98204.jpg:102.Western_Wood_Pewee -> 196.House_Wren, 196.House_Wren/House_Wren_0055_187397.jpg:196.House_Wren -> 154.Red_eyed_Vireo, 196.House_Wren/House_Wren_0086_187815.jpg:196.House_Wren -> 196.House_Wren, 196.House_Wren/House_Wren_0133_187101.jpg:196.House_Wren -> 194.Cactus_Wren, 
136.Barn_Swallow/Barn_Swallow_0007_131030.jpg:136.Barn_Swallow -> 197.Marsh_Wren, 121.Grasshopper_Sparrow/Grasshopper_Sparrow_0075_116260.jpg:121.Grasshopper_Sparrow -> 197.Marsh_Wren, 112.Great_Grey_Shrike/Great_Grey_Shrike_0057_106681.jpg:112.Great_Grey_Shrike -> 197.Marsh_Wren, 197.Marsh_Wren/Marsh_Wren_0015_188852.jpg:197.Marsh_Wren -> 121.Grasshopper_Sparrow, 197.Marsh_Wren/Marsh_Wren_0036_188374.jpg:197.Marsh_Wren -> 191.Red_headed_Woodpecker, 197.Marsh_Wren/Marsh_Wren_0070_188205.jpg:197.Marsh_Wren -> 108.White_necked_Raven, 
198.Rock_Wren/Rock_Wren_0025_188897.jpg:198.Rock_Wren -> 198.Rock_Wren, 193.Bewick_Wren/Bewick_Wren_0110_185216.jpg:193.Bewick_Wren -> 198.Rock_Wren, 194.Cactus_Wren/Cactus_Wren_0103_185506.jpg:194.Cactus_Wren -> 198.Rock_Wren, 198.Rock_Wren/Rock_Wren_0024_188942.jpg:198.Rock_Wren -> 194.Cactus_Wren, 198.Rock_Wren/Rock_Wren_0076_189141.jpg:198.Rock_Wren -> 136.Barn_Swallow, 198.Rock_Wren/Rock_Wren_0021_189175.jpg:198.Rock_Wren -> 106.Horned_Puffin, 
199.Winter_Wren/Winter_Wren_0083_190025.jpg:199.Winter_Wren -> 156.White_eyed_Vireo, 199.Winter_Wren/Winter_Wren_0109_189850.jpg:199.Winter_Wren -> 147.Least_Tern, 199.Winter_Wren/Winter_Wren_0019_189533.jpg:199.Winter_Wren -> 128.Seaside_Sparrow, 199.Winter_Wren/Winter_Wren_0111_189596.jpg:199.Winter_Wren -> 179.Tennessee_Warbler, 199.Winter_Wren/Winter_Wren_0033_189635.jpg:199.Winter_Wren -> 112.Great_Grey_Shrike, 199.Winter_Wren/Winter_Wren_0072_189521.jpg:199.Winter_Wren -> 125.Lincoln_Sparrow, 
200.Common_Yellowthroat/Common_Yellowthroat_0098_190430.jpg:200.Common_Yellowthroat -> 200.Common_Yellowthroat, 168.Kentucky_Warbler/Kentucky_Warbler_0058_165441.jpg:168.Kentucky_Warbler -> 200.Common_Yellowthroat, 200.Common_Yellowthroat/Common_Yellowthroat_0045_190563.jpg:200.Common_Yellowthroat -> 200.Common_Yellowthroat, 200.Common_Yellowthroat/Common_Yellowthroat_0066_190646.jpg:200.Common_Yellowthroat -> 161.Blue_winged_Warbler, 200.Common_Yellowthroat/Common_Yellowthroat_0028_190527.jpg:200.Common_Yellowthroat -> 170.Mourning_Warbler, 200.Common_Yellowthroat/Common_Yellowthroat_0006_190576.jpg:200.Common_Yellowthroat -> 162.Canada_Warbler, 
