101.White_Pelican/White_Pelican_0003_96691.jpg:101.White_Pelican -> 101.White_Pelican, 101.White_Pelican/White_Pelican_0051_97833.jpg:101.White_Pelican -> 101.White_Pelican, 147.Least_Tern/Least_Tern_0096_153868.jpg:147.Least_Tern -> 101.White_Pelican, 101.White_Pelican/White_Pelican_0010_96876.jpg:101.White_Pelican -> 101.White_Pelican, 101.White_Pelican/White_Pelican_0081_96148.jpg:101.White_Pelican -> 101.White_Pelican, 101.White_Pelican/White_Pelican_0048_95764.jpg:101.White_Pelican -> 101.White_Pelican, 
170.Mourning_Warbler/Mourning_Warbler_0019_795347.jpg:170.Mourning_Warbler -> 102.Western_Wood_Pewee, 155.Warbling_Vireo/Warbling_Vireo_0072_158422.jpg:155.Warbling_Vireo -> 102.Western_Wood_Pewee, 128.Seaside_Sparrow/Seaside_Sparrow_0036_120785.jpg:128.Seaside_Sparrow -> 102.Western_Wood_Pewee, 102.Western_Wood_Pewee/Western_Wood_Pewee_0041_795048.jpg:102.Western_Wood_Pewee -> 125.Lincoln_Sparrow, 102.Western_Wood_Pewee/Western_Wood_Pewee_0014_98094.jpg:102.Western_Wood_Pewee -> 153.Philadelphia_Vireo, 102.Western_Wood_Pewee/Western_Wood_Pewee_0051_98206.jpg:102.Western_Wood_Pewee -> 102.Western_Wood_Pewee, 
122.Harris_Sparrow/Harris_Sparrow_0033_116380.jpg:122.Harris_Sparrow -> 103.Sayornis, 178.Swainson_Warbler/Swainson_Warbler_0022_794868.jpg:178.Swainson_Warbler -> 103.Sayornis, 116.Chipping_Sparrow/Chipping_Sparrow_0018_108295.jpg:116.Chipping_Sparrow -> 103.Sayornis, 103.Sayornis/Sayornis_0010_98611.jpg:103.Sayornis -> 171.Myrtle_Warbler, 103.Sayornis/Sayornis_0098_98419.jpg:103.Sayornis -> 103.Sayornis, 103.Sayornis/Sayornis_0130_98678.jpg:103.Sayornis -> 155.Warbling_Vireo, 
150.Sage_Thrasher/Sage_Thrasher_0077_155608.jpg:150.Sage_Thrasher -> 104.American_Pipit, 184.Louisiana_Waterthrush/Louisiana_Waterthrush_0019_177062.jpg:184.Louisiana_Waterthrush -> 104.American_Pipit, 104.American_Pipit/American_Pipit_0035_100181.jpg:104.American_Pipit -> 104.American_Pipit, 104.American_Pipit/American_Pipit_0002_100023.jpg:104.American_Pipit -> 125.Lincoln_Sparrow, 104.American_Pipit/American_Pipit_0116_100015.jpg:104.American_Pipit -> 183.Northern_Waterthrush, 104.American_Pipit/American_Pipit_0123_99929.jpg:104.American_Pipit -> 104.American_Pipit, 
105.Whip_poor_Will/Whip_Poor_Will_0045_796422.jpg:105.Whip_poor_Will -> 105.Whip_poor_Will, 105.Whip_poor_Will/Whip_Poor_Will_0011_796416.jpg:105.Whip_poor_Will -> 105.Whip_poor_Will, 105.Whip_poor_Will/Whip_Poor_Will_0032_796437.jpg:105.Whip_poor_Will -> 105.Whip_poor_Will, 105.Whip_poor_Will/Whip_Poor_Will_0031_100397.jpg:105.Whip_poor_Will -> 194.Cactus_Wren, 105.Whip_poor_Will/Whip_Poor_Will_0046_796440.jpg:105.Whip_poor_Will -> 105.Whip_poor_Will, 105.Whip_poor_Will/Whip_Poor_Will_0009_796423.jpg:105.Whip_poor_Will -> 188.Pileated_Woodpecker, 
192.Downy_Woodpecker/Downy_Woodpecker_0041_184528.jpg:192.Downy_Woodpecker -> 106.Horned_Puffin, 106.Horned_Puffin/Horned_Puffin_0029_100888.jpg:106.Horned_Puffin -> 106.Horned_Puffin, 106.Horned_Puffin/Horned_Puffin_0047_100967.jpg:106.Horned_Puffin -> 106.Horned_Puffin, 106.Horned_Puffin/Horned_Puffin_0084_100637.jpg:106.Horned_Puffin -> 145.Elegant_Tern, 106.Horned_Puffin/Horned_Puffin_0060_100726.jpg:106.Horned_Puffin -> 190.Red_cockaded_Woodpecker, 106.Horned_Puffin/Horned_Puffin_0073_100830.jpg:106.Horned_Puffin -> 106.Horned_Puffin, 
107.Common_Raven/Common_Raven_0053_101291.jpg:107.Common_Raven -> 107.Common_Raven, 107.Common_Raven/Common_Raven_0116_101350.jpg:107.Common_Raven -> 107.Common_Raven, 106.Horned_Puffin/Horned_Puffin_0033_100731.jpg:106.Horned_Puffin -> 107.Common_Raven, 107.Common_Raven/Common_Raven_0029_102039.jpg:107.Common_Raven -> 142.Black_Tern, 107.Common_Raven/Common_Raven_0023_102437.jpg:107.Common_Raven -> 134.Cape_Glossy_Starling, 107.Common_Raven/Common_Raven_0069_101825.jpg:107.Common_Raven -> 107.Common_Raven, 
107.Common_Raven/Common_Raven_0018_101713.jpg:107.Common_Raven -> 108.White_necked_Raven, 137.Cliff_Swallow/Cliff_Swallow_0045_133591.jpg:137.Cliff_Swallow -> 108.White_necked_Raven, 103.Sayornis/Sayornis_0058_98798.jpg:103.Sayornis -> 108.White_necked_Raven, 108.White_necked_Raven/White_Necked_Raven_0051_797383.jpg:108.White_necked_Raven -> 107.Common_Raven, 108.White_necked_Raven/White_Necked_Raven_0064_797378.jpg:108.White_necked_Raven -> 108.White_necked_Raven, 108.White_necked_Raven/White_Necked_Raven_0011_797367.jpg:108.White_necked_Raven -> 108.White_necked_Raven, 
193.Bewick_Wren/Bewick_Wren_0087_184918.jpg:193.Bewick_Wren -> 109.American_Redstart, 103.Sayornis/Sayornis_0030_98343.jpg:103.Sayornis -> 109.American_Redstart, 174.Palm_Warbler/Palm_Warbler_0015_169626.jpg:174.Palm_Warbler -> 109.American_Redstart, 109.American_Redstart/American_Redstart_0044_103433.jpg:109.American_Redstart -> 119.Field_Sparrow, 109.American_Redstart/American_Redstart_0066_102774.jpg:109.American_Redstart -> 153.Philadelphia_Vireo, 109.American_Redstart/American_Redstart_0077_104042.jpg:109.American_Redstart -> 139.Scarlet_Tanager, 
110.Geococcyx/Geococcyx_0048_104817.jpg:110.Geococcyx -> 110.Geococcyx, 123.Henslow_Sparrow/Henslow_Sparrow_0034_796602.jpg:123.Henslow_Sparrow -> 110.Geococcyx, 150.Sage_Thrasher/Sage_Thrasher_0040_155667.jpg:150.Sage_Thrasher -> 110.Geococcyx, 110.Geococcyx/Geococcyx_0108_104350.jpg:110.Geococcyx -> 110.Geococcyx, 110.Geococcyx/Geococcyx_0105_104239.jpg:110.Geococcyx -> 172.Nashville_Warbler, 110.Geococcyx/Geococcyx_0110_104163.jpg:110.Geococcyx -> 184.Louisiana_Waterthrush, 
111.Loggerhead_Shrike/Loggerhead_Shrike_0084_105919.jpg:111.Loggerhead_Shrike -> 111.Loggerhead_Shrike, 160.Black_throated_Blue_Warbler/Black_Throated_Blue_Warbler_0050_161154.jpg:160.Black_throated_Blue_Warbler -> 111.Loggerhead_Shrike, 159.Black_and_white_Warbler/Black_And_White_Warbler_0095_160406.jpg:159.Black_and_white_Warbler -> 111.Loggerhead_Shrike, 111.Loggerhead_Shrike/Loggerhead_Shrike_0089_106055.jpg:111.Loggerhead_Shrike -> 185.Bohemian_Waxwing, 111.Loggerhead_Shrike/Loggerhead_Shrike_0109_105710.jpg:111.Loggerhead_Shrike -> 160.Black_throated_Blue_Warbler, 111.Loggerhead_Shrike/Loggerhead_Shrike_0117_104838.jpg:111.Loggerhead_Shrike -> 159.Black_and_white_Warbler, 
111.Loggerhead_Shrike/Loggerhead_Shrike_0129_106389.jpg:111.Loggerhead_Shrike -> 112.Great_Grey_Shrike, 112.Great_Grey_Shrike/Great_Grey_Shrike_0010_797023.jpg:112.Great_Grey_Shrike -> 112.Great_Grey_Shrike, 165.Chestnut_sided_Warbler/Chestnut_Sided_Warbler_0125_164247.jpg:165.Chestnut_sided_Warbler -> 112.Great_Grey_Shrike, 112.Great_Grey_Shrike/Great_Grey_Shrike_0076_797050.jpg:112.Great_Grey_Shrike -> 152.Blue_headed_Vireo, 112.Great_Grey_Shrike/Great_Grey_Shrike_0065_797027.jpg:112.Great_Grey_Shrike -> 185.Bohemian_Waxwing, 112.Great_Grey_Shrike/Great_Grey_Shrike_0019_797049.jpg:112.Great_Grey_Shrike -> 148.Green_tailed_Towhee, 
128.Seaside_Sparrow/Seaside_Sparrow_0013_796535.jpg:128.Seaside_Sparrow -> 113.Baird_Sparrow, 113.Baird_Sparrow/Baird_Sparrow_0040_794581.jpg:113.Baird_Sparrow -> 113.Baird_Sparrow, 178.Swainson_Warbler/Swainson_Warbler_0009_174746.jpg:178.Swainson_Warbler -> 113.Baird_Sparrow, 113.Baird_Sparrow/Baird_Sparrow_0040_794581.jpg:113.Baird_Sparrow -> 113.Baird_Sparrow, 113.Baird_Sparrow/Baird_Sparrow_0031_794580.jpg:113.Baird_Sparrow -> 113.Baird_Sparrow, 113.Baird_Sparrow/Baird_Sparrow_0003_794558.jpg:113.Baird_Sparrow -> 116.Chipping_Sparrow, 
114.Black_throated_Sparrow/Black_Throated_Sparrow_0066_106974.jpg:114.Black_throated_Sparrow -> 114.Black_throated_Sparrow, 166.Golden_winged_Warbler/Golden_Winged_Warbler_0095_794809.jpg:166.Golden_winged_Warbler -> 114.Black_throated_Sparrow, 130.Tree_Sparrow/Tree_Sparrow_0015_125105.jpg:130.Tree_Sparrow -> 114.Black_throated_Sparrow, 114.Black_throated_Sparrow/Black_Throated_Sparrow_0060_107177.jpg:114.Black_throated_Sparrow -> 132.White_crowned_Sparrow, 114.Black_throated_Sparrow/Black_Throated_Sparrow_0019_107192.jpg:114.Black_throated_Sparrow -> 156.White_eyed_Vireo, 114.Black_throated_Sparrow/Black_Throated_Sparrow_0057_107036.jpg:114.Black_throated_Sparrow -> 194.Cactus_Wren, 
148.Green_tailed_Towhee/Green_Tailed_Towhee_0003_797414.jpg:148.Green_tailed_Towhee -> 115.Brewer_Sparrow, 115.Brewer_Sparrow/Brewer_Sparrow_0029_796699.jpg:115.Brewer_Sparrow -> 115.Brewer_Sparrow, 199.Winter_Wren/Winter_Wren_0048_189683.jpg:199.Winter_Wren -> 115.Brewer_Sparrow, 115.Brewer_Sparrow/Brewer_Sparrow_0007_796700.jpg:115.Brewer_Sparrow -> 124.Le_Conte_Sparrow, 115.Brewer_Sparrow/Brewer_Sparrow_0049_796705.jpg:115.Brewer_Sparrow -> 130.Tree_Sparrow, 115.Brewer_Sparrow/Brewer_Sparrow_0037_107442.jpg:115.Brewer_Sparrow -> 115.Brewer_Sparrow, 
184.Louisiana_Waterthrush/Louisiana_Waterthrush_0027_177539.jpg:184.Louisiana_Waterthrush -> 116.Chipping_Sparrow, 116.Chipping_Sparrow/Chipping_Sparrow_0052_109874.jpg:116.Chipping_Sparrow -> 116.Chipping_Sparrow, 193.Bewick_Wren/Bewick_Wren_0096_185139.jpg:193.Bewick_Wren -> 116.Chipping_Sparrow, 116.Chipping_Sparrow/Chipping_Sparrow_0006_107849.jpg:116.Chipping_Sparrow -> 116.Chipping_Sparrow, 116.Chipping_Sparrow/Chipping_Sparrow_0074_108401.jpg:116.Chipping_Sparrow -> 128.Seaside_Sparrow, 116.Chipping_Sparrow/Chipping_Sparrow_0010_109760.jpg:116.Chipping_Sparrow -> 196.House_Wren, 
172.Nashville_Warbler/Nashville_Warbler_0040_167454.jpg:172.Nashville_Warbler -> 117.Clay_colored_Sparrow, 154.Red_eyed_Vireo/Red_Eyed_Vireo_0086_157038.jpg:154.Red_eyed_Vireo -> 117.Clay_colored_Sparrow, 174.Palm_Warbler/Palm_Warbler_0102_168829.jpg:174.Palm_Warbler -> 117.Clay_colored_Sparrow, 117.Clay_colored_Sparrow/Clay_Colored_Sparrow_0075_797251.jpg:117.Clay_colored_Sparrow -> 104.American_Pipit, 117.Clay_colored_Sparrow/Clay_Colored_Sparrow_0071_110656.jpg:117.Clay_colored_Sparrow -> 163.Cape_May_Warbler, 117.Clay_colored_Sparrow/Clay_Colored_Sparrow_0033_797255.jpg:117.Clay_colored_Sparrow -> 166.Golden_winged_Warbler, 
186.Cedar_Waxwing/Cedar_Waxwing_0024_178230.jpg:186.Cedar_Waxwing -> 118.House_Sparrow, 187.American_Three_toed_Woodpecker/American_Three_Toed_Woodpecker_0010_179874.jpg:187.American_Three_toed_Woodpecker -> 118.House_Sparrow, 185.Bohemian_Waxwing/Bohemian_Waxwing_0060_796642.jpg:185.Bohemian_Waxwing -> 118.House_Sparrow, 118.House_Sparrow/House_Sparrow_0030_111387.jpg:118.House_Sparrow -> 119.Field_Sparrow, 118.House_Sparrow/House_Sparrow_0104_113105.jpg:118.House_Sparrow -> 132.White_crowned_Sparrow, 118.House_Sparrow/House_Sparrow_0068_113247.jpg:118.House_Sparrow -> 132.White_crowned_Sparrow, 
129.Song_Sparrow/Song_Sparrow_0116_121211.jpg:129.Song_Sparrow -> 119.Field_Sparrow, 119.Field_Sparrow/Field_Sparrow_0011_113420.jpg:119.Field_Sparrow -> 119.Field_Sparrow, 135.Bank_Swallow/Bank_Swallow_0022_129923.jpg:135.Bank_Swallow -> 119.Field_Sparrow, 119.Field_Sparrow/Field_Sparrow_0107_113659.jpg:119.Field_Sparrow -> 130.Tree_Sparrow, 119.Field_Sparrow/Field_Sparrow_0078_113575.jpg:119.Field_Sparrow -> 121.Grasshopper_Sparrow, 119.Field_Sparrow/Field_Sparrow_0035_113479.jpg:119.Field_Sparrow -> 104.American_Pipit, 
120.Fox_Sparrow/Fox_Sparrow_0047_115022.jpg:120.Fox_Sparrow -> 120.Fox_Sparrow, 120.Fox_Sparrow/Fox_Sparrow_0013_114344.jpg:120.Fox_Sparrow -> 120.Fox_Sparrow, 120.Fox_Sparrow/Fox_Sparrow_0047_115022.jpg:120.Fox_Sparrow -> 120.Fox_Sparrow, 120.Fox_Sparrow/Fox_Sparrow_0054_114541.jpg:120.Fox_Sparrow -> 110.Geococcyx, 120.Fox_Sparrow/Fox_Sparrow_0016_114213.jpg:120.Fox_Sparrow -> 184.Louisiana_Waterthrush, 120.Fox_Sparrow/Fox_Sparrow_0067_114528.jpg:120.Fox_Sparrow -> 110.Geococcyx, 
116.Chipping_Sparrow/Chipping_Sparrow_0110_108974.jpg:116.Chipping_Sparrow -> 121.Grasshopper_Sparrow, 108.White_necked_Raven/White_Necked_Raven_0037_102734.jpg:108.White_necked_Raven -> 121.Grasshopper_Sparrow, 149.Brown_Thrasher/Brown_Thrasher_0127_155193.jpg:149.Brown_Thrasher -> 121.Grasshopper_Sparrow, 121.Grasshopper_Sparrow/Grasshopper_Sparrow_0053_115991.jpg:121.Grasshopper_Sparrow -> 113.Baird_Sparrow, 121.Grasshopper_Sparrow/Grasshopper_Sparrow_0038_115704.jpg:121.Grasshopper_Sparrow -> 121.Grasshopper_Sparrow, 121.Grasshopper_Sparrow/Grasshopper_Sparrow_0016_115695.jpg:121.Grasshopper_Sparrow -> 196.House_Wren, 
181.Worm_eating_Warbler/Worm_Eating_Warbler_0035_795575.jpg:181.Worm_eating_Warbler -> 122.Harris_Sparrow, 132.White_crowned_Sparrow/White_Crowned_Sparrow_0092_125934.jpg:132.White_crowned_Sparrow -> 122.Harris_Sparrow, 194.Cactus_Wren/Cactus_Wren_0118_185788.jpg:194.Cactus_Wren -> 122.Harris_Sparrow, 122.Harris_Sparrow/Harris_Sparrow_0004_116581.jpg:122.Harris_Sparrow -> 113.Baird_Sparrow, 122.Harris_Sparrow/Harris_Sparrow_0028_116656.jpg:122.Harris_Sparrow -> 152.Blue_headed_Vireo, 122.Harris_Sparrow/Harris_Sparrow_0041_116611.jpg:122.Harris_Sparrow -> 131.Vesper_Sparrow, 
123.Henslow_Sparrow/Henslow_Sparrow_0081_116755.jpg:123.Henslow_Sparrow -> 123.Henslow_Sparrow, 159.Black_and_white_Warbler/Black_And_White_Warbler_0022_160512.jpg:159.Black_and_white_Warbler -> 123.Henslow_Sparrow, 186.Cedar_Waxwing/Cedar_Waxwing_0072_178058.jpg:186.Cedar_Waxwing -> 123.Henslow_Sparrow, 123.Henslow_Sparrow/Henslow_Sparrow_0107_796614.jpg:123.Henslow_Sparrow -> 130.Tree_Sparrow, 123.Henslow_Sparrow/Henslow_Sparrow_0052_796599.jpg:123.Henslow_Sparrow -> 197.Marsh_Wren, 123.Henslow_Sparrow/Henslow_Sparrow_0086_796545.jpg:123.Henslow_Sparrow -> 124.Le_Conte_Sparrow, 
163.Cape_May_Warbler/Cape_May_Warbler_0055_163171.jpg:163.Cape_May_Warbler -> 124.Le_Conte_Sparrow, 113.Baird_Sparrow/Baird_Sparrow_0021_794576.jpg:113.Baird_Sparrow -> 124.Le_Conte_Sparrow, 124.Le_Conte_Sparrow/Le_Conte_Sparrow_0087_795198.jpg:124.Le_Conte_Sparrow -> 124.Le_Conte_Sparrow, 124.Le_Conte_Sparrow/Le_Conte_Sparrow_0013_795176.jpg:124.Le_Conte_Sparrow -> 113.Baird_Sparrow, 124.Le_Conte_Sparrow/Le_Conte_Sparrow_0022_117039.jpg:124.Le_Conte_Sparrow -> 124.Le_Conte_Sparrow, 124.Le_Conte_Sparrow/Le_Conte_Sparrow_0056_795178.jpg:124.Le_Conte_Sparrow -> 126.Nelson_Sharp_tailed_Sparrow, 
120.Fox_Sparrow/Fox_Sparrow_0109_114859.jpg:120.Fox_Sparrow -> 125.Lincoln_Sparrow, 194.Cactus_Wren/Cactus_Wren_0096_185898.jpg:194.Cactus_Wren -> 125.Lincoln_Sparrow, 198.Rock_Wren/Rock_Wren_0033_189397.jpg:198.Rock_Wren -> 125.Lincoln_Sparrow, 125.Lincoln_Sparrow/Lincoln_Sparrow_0044_117687.jpg:125.Lincoln_Sparrow -> 125.Lincoln_Sparrow, 125.Lincoln_Sparrow/Lincoln_Sparrow_0050_117744.jpg:125.Lincoln_Sparrow -> 125.Lincoln_Sparrow, 125.Lincoln_Sparrow/Lincoln_Sparrow_0022_117759.jpg:125.Lincoln_Sparrow -> 104.American_Pipit, 
183.Northern_Waterthrush/Northern_Waterthrush_0055_177114.jpg:183.Northern_Waterthrush -> 126.Nelson_Sharp_tailed_Sparrow, 127.Savannah_Sparrow/Savannah_Sparrow_0095_119670.jpg:127.Savannah_Sparrow -> 126.Nelson_Sharp_tailed_Sparrow, 126.Nelson_Sharp_tailed_Sparrow/Nelson_Sharp_Tailed_Sparrow_0008_796944.jpg:126.Nelson_Sharp_tailed_Sparrow -> 126.Nelson_Sharp_tailed_Sparrow, 126.Nelson_Sharp_tailed_Sparrow/Nelson_Sharp_Tailed_Sparrow_0071_796946.jpg:126.Nelson_Sharp_tailed_Sparrow -> 113.Baird_Sparrow, 126.Nelson_Sharp_tailed_Sparrow/Nelson_Sharp_Tailed_Sparrow_0008_796944.jpg:126.Nelson_Sharp_tailed_Sparrow -> 126.Nelson_Sharp_tailed_Sparrow, 126.Nelson_Sharp_tailed_Sparrow/Nelson_Sharp_Tailed_Sparrow_0077_796913.jpg:126.Nelson_Sharp_tailed_Sparrow -> 126.Nelson_Sharp_tailed_Sparrow, 
119.Field_Sparrow/Field_Sparrow_0055_113929.jpg:119.Field_Sparrow -> 127.Savannah_Sparrow, 132.White_crowned_Sparrow/White_Crowned_Sparrow_0085_127194.jpg:132.White_crowned_Sparrow -> 127.Savannah_Sparrow, 119.Field_Sparrow/Field_Sparrow_0055_113929.jpg:119.Field_Sparrow -> 127.Savannah_Sparrow, 127.Savannah_Sparrow/Savannah_Sparrow_0059_119810.jpg:127.Savannah_Sparrow -> 104.American_Pipit, 127.Savannah_Sparrow/Savannah_Sparrow_0117_119917.jpg:127.Savannah_Sparrow -> 119.Field_Sparrow, 127.Savannah_Sparrow/Savannah_Sparrow_0009_120205.jpg:127.Savannah_Sparrow -> 127.Savannah_Sparrow, 
128.Seaside_Sparrow/Seaside_Sparrow_0021_120699.jpg:128.Seaside_Sparrow -> 128.Seaside_Sparrow, 104.American_Pipit/American_Pipit_0081_99785.jpg:104.American_Pipit -> 128.Seaside_Sparrow, 198.Rock_Wren/Rock_Wren_0086_188944.jpg:198.Rock_Wren -> 128.Seaside_Sparrow, 128.Seaside_Sparrow/Seaside_Sparrow_0028_120766.jpg:128.Seaside_Sparrow -> 199.Winter_Wren, 128.Seaside_Sparrow/Seaside_Sparrow_0052_796498.jpg:128.Seaside_Sparrow -> 163.Cape_May_Warbler, 128.Seaside_Sparrow/Seaside_Sparrow_0054_796507.jpg:128.Seaside_Sparrow -> 193.Bewick_Wren, 
172.Nashville_Warbler/Nashville_Warbler_0110_167268.jpg:172.Nashville_Warbler -> 129.Song_Sparrow, 182.Yellow_Warbler/Yellow_Warbler_0040_176954.jpg:182.Yellow_Warbler -> 129.Song_Sparrow, 133.White_throated_Sparrow/White_Throated_Sparrow_0050_129051.jpg:133.White_throated_Sparrow -> 129.Song_Sparrow, 129.Song_Sparrow/Song_Sparrow_0102_122090.jpg:129.Song_Sparrow -> 125.Lincoln_Sparrow, 129.Song_Sparrow/Song_Sparrow_0092_121969.jpg:129.Song_Sparrow -> 115.Brewer_Sparrow, 129.Song_Sparrow/Song_Sparrow_0044_121931.jpg:129.Song_Sparrow -> 129.Song_Sparrow, 
123.Henslow_Sparrow/Henslow_Sparrow_0074_116905.jpg:123.Henslow_Sparrow -> 130.Tree_Sparrow, 119.Field_Sparrow/Field_Sparrow_0107_113659.jpg:119.Field_Sparrow -> 130.Tree_Sparrow, 130.Tree_Sparrow/Tree_Sparrow_0030_122850.jpg:130.Tree_Sparrow -> 130.Tree_Sparrow, 130.Tree_Sparrow/Tree_Sparrow_0081_124348.jpg:130.Tree_Sparrow -> 103.Sayornis, 130.Tree_Sparrow/Tree_Sparrow_0109_123802.jpg:130.Tree_Sparrow -> 197.Marsh_Wren, 130.Tree_Sparrow/Tree_Sparrow_0127_125322.jpg:130.Tree_Sparrow -> 130.Tree_Sparrow, 
129.Song_Sparrow/Song_Sparrow_0106_121154.jpg:129.Song_Sparrow -> 131.Vesper_Sparrow, 169.Magnolia_Warbler/Magnolia_Warbler_0064_165471.jpg:169.Magnolia_Warbler -> 131.Vesper_Sparrow, 193.Bewick_Wren/Bewick_Wren_0062_185063.jpg:193.Bewick_Wren -> 131.Vesper_Sparrow, 131.Vesper_Sparrow/Vesper_Sparrow_0045_125643.jpg:131.Vesper_Sparrow -> 110.Geococcyx, 131.Vesper_Sparrow/Vesper_Sparrow_0052_125444.jpg:131.Vesper_Sparrow -> 131.Vesper_Sparrow, 131.Vesper_Sparrow/Vesper_Sparrow_0057_125649.jpg:131.Vesper_Sparrow -> 131.Vesper_Sparrow, 
156.White_eyed_Vireo/White_Eyed_Vireo_0071_159072.jpg:156.White_eyed_Vireo -> 132.White_crowned_Sparrow, 132.White_crowned_Sparrow/White_Crowned_Sparrow_0072_127080.jpg:132.White_crowned_Sparrow -> 132.White_crowned_Sparrow, 103.Sayornis/Sayornis_0080_98518.jpg:103.Sayornis -> 132.White_crowned_Sparrow, 132.White_crowned_Sparrow/White_Crowned_Sparrow_0049_128311.jpg:132.White_crowned_Sparrow -> 149.Brown_Thrasher, 132.White_crowned_Sparrow/White_Crowned_Sparrow_0111_127404.jpg:132.White_crowned_Sparrow -> 132.White_crowned_Sparrow, 132.White_crowned_Sparrow/White_Crowned_Sparrow_0105_126818.jpg:132.White_crowned_Sparrow -> 132.White_crowned_Sparrow, 
184.Louisiana_Waterthrush/Louisiana_Waterthrush_0088_795284.jpg:184.Louisiana_Waterthrush -> 133.White_throated_Sparrow, 117.Clay_colored_Sparrow/Clay_Colored_Sparrow_0001_110632.jpg:117.Clay_colored_Sparrow -> 133.White_throated_Sparrow, 127.Savannah_Sparrow/Savannah_Sparrow_0008_118929.jpg:127.Savannah_Sparrow -> 133.White_throated_Sparrow, 133.White_throated_Sparrow/White_Throated_Sparrow_0110_128838.jpg:133.White_throated_Sparrow -> 127.Savannah_Sparrow, 133.White_throated_Sparrow/White_Throated_Sparrow_0106_128815.jpg:133.White_throated_Sparrow -> 130.Tree_Sparrow, 133.White_throated_Sparrow/White_Throated_Sparrow_0107_129046.jpg:133.White_throated_Sparrow -> 153.Philadelphia_Vireo, 
144.Common_Tern/Common_Tern_0064_148761.jpg:144.Common_Tern -> 134.Cape_Glossy_Starling, 136.Barn_Swallow/Barn_Swallow_0049_130181.jpg:136.Barn_Swallow -> 134.Cape_Glossy_Starling, 168.Kentucky_Warbler/Kentucky_Warbler_0055_165426.jpg:168.Kentucky_Warbler -> 134.Cape_Glossy_Starling, 134.Cape_Glossy_Starling/Cape_Glossy_Starling_0046_129434.jpg:134.Cape_Glossy_Starling -> 134.Cape_Glossy_Starling, 134.Cape_Glossy_Starling/Cape_Glossy_Starling_0097_129303.jpg:134.Cape_Glossy_Starling -> 134.Cape_Glossy_Starling, 134.Cape_Glossy_Starling/Cape_Glossy_Starling_0005_129262.jpg:134.Cape_Glossy_Starling -> 134.Cape_Glossy_Starling, 
138.Tree_Swallow/Tree_Swallow_0127_135912.jpg:138.Tree_Swallow -> 135.Bank_Swallow, 135.Bank_Swallow/Bank_Swallow_0030_129560.jpg:135.Bank_Swallow -> 135.Bank_Swallow, 142.Black_Tern/Black_Tern_0015_143979.jpg:142.Black_Tern -> 135.Bank_Swallow, 135.Bank_Swallow/Bank_Swallow_0026_129870.jpg:135.Bank_Swallow -> 103.Sayornis, 135.Bank_Swallow/Bank_Swallow_0059_129896.jpg:135.Bank_Swallow -> 114.Black_throated_Sparrow, 135.Bank_Swallow/Bank_Swallow_0016_129791.jpg:135.Bank_Swallow -> 121.Grasshopper_Sparrow, 
157.Yellow_throated_Vireo/Yellow_Throated_Vireo_0035_794991.jpg:157.Yellow_throated_Vireo -> 136.Barn_Swallow, 136.Barn_Swallow/Barn_Swallow_0052_131539.jpg:136.Barn_Swallow -> 136.Barn_Swallow, 163.Cape_May_Warbler/Cape_May_Warbler_0092_163057.jpg:163.Cape_May_Warbler -> 136.Barn_Swallow, 136.Barn_Swallow/Barn_Swallow_0014_130403.jpg:136.Barn_Swallow -> 136.Barn_Swallow, 136.Barn_Swallow/Barn_Swallow_0054_131146.jpg:136.Barn_Swallow -> 160.Black_throated_Blue_Warbler, 136.Barn_Swallow/Barn_Swallow_0053_130585.jpg:136.Barn_Swallow -> 136.Barn_Swallow, 
184.Louisiana_Waterthrush/Louisiana_Waterthrush_0077_795247.jpg:184.Louisiana_Waterthrush -> 137.Cliff_Swallow, 199.Winter_Wren/Winter_Wren_0117_189999.jpg:199.Winter_Wren -> 137.Cliff_Swallow, 136.Barn_Swallow/Barn_Swallow_0026_132386.jpg:136.Barn_Swallow -> 137.Cliff_Swallow, 137.Cliff_Swallow/Cliff_Swallow_0003_133496.jpg:137.Cliff_Swallow -> 127.Savannah_Sparrow, 137.Cliff_Swallow/Cliff_Swallow_0028_132365.jpg:137.Cliff_Swallow -> 112.Great_Grey_Shrike, 137.Cliff_Swallow/Cliff_Swallow_0068_134236.jpg:137.Cliff_Swallow -> 113.Baird_Sparrow, 
112.Great_Grey_Shrike/Great_Grey_Shrike_0089_797036.jpg:112.Great_Grey_Shrike -> 138.Tree_Swallow, 117.Clay_colored_Sparrow/Clay_Colored_Sparrow_0026_110774.jpg:117.Clay_colored_Sparrow -> 138.Tree_Swallow, 151.Black_capped_Vireo/Black_Capped_Vireo_0015_797450.jpg:151.Black_capped_Vireo -> 138.Tree_Swallow, 138.Tree_Swallow/Tree_Swallow_0020_136587.jpg:138.Tree_Swallow -> 138.Tree_Swallow, 138.Tree_Swallow/Tree_Swallow_0115_135832.jpg:138.Tree_Swallow -> 160.Black_throated_Blue_Warbler, 138.Tree_Swallow/Tree_Swallow_0111_135253.jpg:138.Tree_Swallow -> 160.Black_throated_Blue_Warbler, 
162.Canada_Warbler/Canada_Warbler_0039_162330.jpg:162.Canada_Warbler -> 139.Scarlet_Tanager, 157.Yellow_throated_Vireo/Yellow_Throated_Vireo_0080_794990.jpg:157.Yellow_throated_Vireo -> 139.Scarlet_Tanager, 189.Red_bellied_Woodpecker/Red_Bellied_Woodpecker_0103_180803.jpg:189.Red_bellied_Woodpecker -> 139.Scarlet_Tanager, 139.Scarlet_Tanager/Scarlet_Tanager_0095_137618.jpg:139.Scarlet_Tanager -> 153.Philadelphia_Vireo, 139.Scarlet_Tanager/Scarlet_Tanager_0016_138008.jpg:139.Scarlet_Tanager -> 140.Summer_Tanager, 139.Scarlet_Tanager/Scarlet_Tanager_0100_138006.jpg:139.Scarlet_Tanager -> 139.Scarlet_Tanager, 
127.Savannah_Sparrow/Savannah_Sparrow_0001_118956.jpg:127.Savannah_Sparrow -> 140.Summer_Tanager, 167.Hooded_Warbler/Hooded_Warbler_0007_164633.jpg:167.Hooded_Warbler -> 140.Summer_Tanager, 173.Orange_crowned_Warbler/Orange_Crowned_Warbler_0006_167998.jpg:173.Orange_crowned_Warbler -> 140.Summer_Tanager, 140.Summer_Tanager/Summer_Tanager_0080_140110.jpg:140.Summer_Tanager -> 140.Summer_Tanager, 140.Summer_Tanager/Summer_Tanager_0117_140812.jpg:140.Summer_Tanager -> 140.Summer_Tanager, 140.Summer_Tanager/Summer_Tanager_0043_139884.jpg:140.Summer_Tanager -> 140.Summer_Tanager, 
146.Forsters_Tern/Forsters_Tern_0070_152107.jpg:146.Forsters_Tern -> 141.Artic_Tern, 146.Forsters_Tern/Forsters_Tern_0010_151243.jpg:146.Forsters_Tern -> 141.Artic_Tern, 141.Artic_Tern/Artic_Tern_0034_142022.jpg:141.Artic_Tern -> 141.Artic_Tern, 141.Artic_Tern/Artic_Tern_0059_141876.jpg:141.Artic_Tern -> 188.Pileated_Woodpecker, 141.Artic_Tern/Artic_Tern_0048_142372.jpg:141.Artic_Tern -> 141.Artic_Tern, 141.Artic_Tern/Artic_Tern_0101_141075.jpg:141.Artic_Tern -> 144.Common_Tern, 
135.Bank_Swallow/Bank_Swallow_0061_129484.jpg:135.Bank_Swallow -> 142.Black_Tern, 137.Cliff_Swallow/Cliff_Swallow_0006_133489.jpg:137.Cliff_Swallow -> 142.Black_Tern, 141.Artic_Tern/Artic_Tern_0099_141170.jpg:141.Artic_Tern -> 142.Black_Tern, 142.Black_Tern/Black_Tern_0046_144229.jpg:142.Black_Tern -> 142.Black_Tern, 142.Black_Tern/Black_Tern_0020_144163.jpg:142.Black_Tern -> 192.Downy_Woodpecker, 142.Black_Tern/Black_Tern_0024_144039.jpg:142.Black_Tern -> 183.Northern_Waterthrush, 
143.Caspian_Tern/Caspian_Tern_0009_145057.jpg:143.Caspian_Tern -> 143.Caspian_Tern, 143.Caspian_Tern/Caspian_Tern_0119_145492.jpg:143.Caspian_Tern -> 143.Caspian_Tern, 146.Forsters_Tern/Forsters_Tern_0069_151229.jpg:146.Forsters_Tern -> 143.Caspian_Tern, 143.Caspian_Tern/Caspian_Tern_0022_144922.jpg:143.Caspian_Tern -> 143.Caspian_Tern, 143.Caspian_Tern/Caspian_Tern_0074_145964.jpg:143.Caspian_Tern -> 145.Elegant_Tern, 143.Caspian_Tern/Caspian_Tern_0010_145667.jpg:143.Caspian_Tern -> 143.Caspian_Tern, 
145.Elegant_Tern/Elegant_Tern_0070_147548.jpg:145.Elegant_Tern -> 144.Common_Tern, 147.Least_Tern/Least_Tern_0104_152950.jpg:147.Least_Tern -> 144.Common_Tern, 198.Rock_Wren/Rock_Wren_0063_189121.jpg:198.Rock_Wren -> 144.Common_Tern, 144.Common_Tern/Common_Tern_0078_149161.jpg:144.Common_Tern -> 141.Artic_Tern, 144.Common_Tern/Common_Tern_0084_147980.jpg:144.Common_Tern -> 147.Least_Tern, 144.Common_Tern/Common_Tern_0062_147947.jpg:144.Common_Tern -> 141.Artic_Tern, 
145.Elegant_Tern/Elegant_Tern_0023_150654.jpg:145.Elegant_Tern -> 145.Elegant_Tern, 147.Least_Tern/Least_Tern_0058_153747.jpg:147.Least_Tern -> 145.Elegant_Tern, 147.Least_Tern/Least_Tern_0034_153963.jpg:147.Least_Tern -> 145.Elegant_Tern, 145.Elegant_Tern/Elegant_Tern_0036_150972.jpg:145.Elegant_Tern -> 145.Elegant_Tern, 145.Elegant_Tern/Elegant_Tern_0088_151089.jpg:145.Elegant_Tern -> 121.Grasshopper_Sparrow, 145.Elegant_Tern/Elegant_Tern_0084_150922.jpg:145.Elegant_Tern -> 144.Common_Tern, 
146.Forsters_Tern/Forsters_Tern_0049_151631.jpg:146.Forsters_Tern -> 141.Artic_Tern, 146.Forsters_Tern/Forsters_Tern_0075_152258.jpg:146.Forsters_Tern -> 183.Northern_Waterthrush, 146.Forsters_Tern/Forsters_Tern_0059_151269.jpg:146.Forsters_Tern -> 141.Artic_Tern, 146.Forsters_Tern/Forsters_Tern_0077_152255.jpg:146.Forsters_Tern -> 145.Elegant_Tern, 146.Forsters_Tern/Forsters_Tern_0119_152709.jpg:146.Forsters_Tern -> 143.Caspian_Tern, 146.Forsters_Tern/Forsters_Tern_0116_151688.jpg:146.Forsters_Tern -> 145.Elegant_Tern, 
106.Horned_Puffin/Horned_Puffin_0074_100886.jpg:106.Horned_Puffin -> 147.Least_Tern, 120.Fox_Sparrow/Fox_Sparrow_0077_114944.jpg:120.Fox_Sparrow -> 147.Least_Tern, 147.Least_Tern/Least_Tern_0033_153796.jpg:147.Least_Tern -> 147.Least_Tern, 147.Least_Tern/Least_Tern_0041_153470.jpg:147.Least_Tern -> 147.Least_Tern, 147.Least_Tern/Least_Tern_0127_154141.jpg:147.Least_Tern -> 144.Common_Tern, 147.Least_Tern/Least_Tern_0024_153317.jpg:147.Least_Tern -> 147.Least_Tern, 
187.American_Three_toed_Woodpecker/American_Three_Toed_Woodpecker_0022_179933.jpg:187.American_Three_toed_Woodpecker -> 148.Green_tailed_Towhee, 193.Bewick_Wren/Bewick_Wren_0050_184919.jpg:193.Bewick_Wren -> 148.Green_tailed_Towhee, 148.Green_tailed_Towhee/Green_Tailed_Towhee_0060_154820.jpg:148.Green_tailed_Towhee -> 148.Green_tailed_Towhee, 148.Green_tailed_Towhee/Green_Tailed_Towhee_0047_154776.jpg:148.Green_tailed_Towhee -> 139.Scarlet_Tanager, 148.Green_tailed_Towhee/Green_Tailed_Towhee_0110_154868.jpg:148.Green_tailed_Towhee -> 105.Whip_poor_Will, 148.Green_tailed_Towhee/Green_Tailed_Towhee_0104_797403.jpg:148.Green_tailed_Towhee -> 148.Green_tailed_Towhee, 
198.Rock_Wren/Rock_Wren_0003_189167.jpg:198.Rock_Wren -> 149.Brown_Thrasher, 118.House_Sparrow/House_Sparrow_0059_111164.jpg:118.House_Sparrow -> 149.Brown_Thrasher, 186.Cedar_Waxwing/Cedar_Waxwing_0031_178929.jpg:186.Cedar_Waxwing -> 149.Brown_Thrasher, 149.Brown_Thrasher/Brown_Thrasher_0126_155199.jpg:149.Brown_Thrasher -> 128.Seaside_Sparrow, 149.Brown_Thrasher/Brown_Thrasher_0096_155412.jpg:149.Brown_Thrasher -> 153.Philadelphia_Vireo, 149.Brown_Thrasher/Brown_Thrasher_0063_155127.jpg:149.Brown_Thrasher -> 135.Bank_Swallow, 
198.Rock_Wren/Rock_Wren_0009_189162.jpg:198.Rock_Wren -> 150.Sage_Thrasher, 194.Cactus_Wren/Cactus_Wren_0075_186066.jpg:194.Cactus_Wren -> 150.Sage_Thrasher, 128.Seaside_Sparrow/Seaside_Sparrow_0002_796536.jpg:128.Seaside_Sparrow -> 150.Sage_Thrasher, 150.Sage_Thrasher/Sage_Thrasher_0036_796444.jpg:150.Sage_Thrasher -> 150.Sage_Thrasher, 150.Sage_Thrasher/Sage_Thrasher_0025_155661.jpg:150.Sage_Thrasher -> 102.Western_Wood_Pewee, 150.Sage_Thrasher/Sage_Thrasher_0057_155488.jpg:150.Sage_Thrasher -> 184.Louisiana_Waterthrush, 
151.Black_capped_Vireo/Black_Capped_Vireo_0045_797464.jpg:151.Black_capped_Vireo -> 155.Warbling_Vireo, 151.Black_capped_Vireo/Black_Capped_Vireo_0021_797480.jpg:151.Black_capped_Vireo -> 156.White_eyed_Vireo, 151.Black_capped_Vireo/Black_Capped_Vireo_0021_797480.jpg:151.Black_capped_Vireo -> 156.White_eyed_Vireo, 151.Black_capped_Vireo/Black_Capped_Vireo_0050_155836.jpg:151.Black_capped_Vireo -> 111.Loggerhead_Shrike, 151.Black_capped_Vireo/Black_Capped_Vireo_0028_155799.jpg:151.Black_capped_Vireo -> 114.Black_throated_Sparrow, 151.Black_capped_Vireo/Black_Capped_Vireo_0028_155799.jpg:151.Black_capped_Vireo -> 114.Black_throated_Sparrow, 
179.Tennessee_Warbler/Tennessee_Warbler_0054_174914.jpg:179.Tennessee_Warbler -> 152.Blue_headed_Vireo, 200.Common_Yellowthroat/Common_Yellowthroat_0029_190403.jpg:200.Common_Yellowthroat -> 152.Blue_headed_Vireo, 164.Cerulean_Warbler/Cerulean_Warbler_0078_163271.jpg:164.Cerulean_Warbler -> 152.Blue_headed_Vireo, 152.Blue_headed_Vireo/Blue_Headed_Vireo_0020_155994.jpg:152.Blue_headed_Vireo -> 132.White_crowned_Sparrow, 152.Blue_headed_Vireo/Blue_Headed_Vireo_0026_156245.jpg:152.Blue_headed_Vireo -> 109.American_Redstart, 152.Blue_headed_Vireo/Blue_Headed_Vireo_0005_156007.jpg:152.Blue_headed_Vireo -> 114.Black_throated_Sparrow, 
166.Golden_winged_Warbler/Golden_Winged_Warbler_0066_794803.jpg:166.Golden_winged_Warbler -> 153.Philadelphia_Vireo, 153.Philadelphia_Vireo/Philadelphia_Vireo_0047_156521.jpg:153.Philadelphia_Vireo -> 153.Philadelphia_Vireo, 155.Warbling_Vireo/Warbling_Vireo_0119_158819.jpg:155.Warbling_Vireo -> 153.Philadelphia_Vireo, 153.Philadelphia_Vireo/Philadelphia_Vireo_0008_156551.jpg:153.Philadelphia_Vireo -> 199.Winter_Wren, 153.Philadelphia_Vireo/Philadelphia_Vireo_0019_156640.jpg:153.Philadelphia_Vireo -> 182.Yellow_Warbler, 153.Philadelphia_Vireo/Philadelphia_Vireo_0024_156645.jpg:153.Philadelphia_Vireo -> 154.Red_eyed_Vireo, 
154.Red_eyed_Vireo/Red_Eyed_Vireo_0054_157158.jpg:154.Red_eyed_Vireo -> 154.Red_eyed_Vireo, 156.White_eyed_Vireo/White_Eyed_Vireo_0016_158978.jpg:156.White_eyed_Vireo -> 154.Red_eyed_Vireo, 153.Philadelphia_Vireo/Philadelphia_Vireo_0024_156645.jpg:153.Philadelphia_Vireo -> 154.Red_eyed_Vireo, 154.Red_eyed_Vireo/Red_Eyed_Vireo_0141_157205.jpg:154.Red_eyed_Vireo -> 103.Sayornis, 154.Red_eyed_Vireo/Red_Eyed_Vireo_0101_156988.jpg:154.Red_eyed_Vireo -> 169.Magnolia_Warbler, 154.Red_eyed_Vireo/Red_Eyed_Vireo_0074_157170.jpg:154.Red_eyed_Vireo -> 186.Cedar_Waxwing, 
197.Marsh_Wren/Marsh_Wren_0109_188329.jpg:197.Marsh_Wren -> 155.Warbling_Vireo, 155.Warbling_Vireo/Warbling_Vireo_0118_158285.jpg:155.Warbling_Vireo -> 155.Warbling_Vireo, 155.Warbling_Vireo/Warbling_Vireo_0028_158492.jpg:155.Warbling_Vireo -> 155.Warbling_Vireo, 155.Warbling_Vireo/Warbling_Vireo_0081_158344.jpg:155.Warbling_Vireo -> 188.Pileated_Woodpecker, 155.Warbling_Vireo/Warbling_Vireo_0116_158740.jpg:155.Warbling_Vireo -> 155.Warbling_Vireo, 155.Warbling_Vireo/Warbling_Vireo_0081_158344.jpg:155.Warbling_Vireo -> 188.Pileated_Woodpecker, 
123.Henslow_Sparrow/Henslow_Sparrow_0002_116930.jpg:123.Henslow_Sparrow -> 156.White_eyed_Vireo, 163.Cape_May_Warbler/Cape_May_Warbler_0032_162659.jpg:163.Cape_May_Warbler -> 156.White_eyed_Vireo, 171.Myrtle_Warbler/Myrtle_Warbler_0073_166798.jpg:171.Myrtle_Warbler -> 156.White_eyed_Vireo, 156.White_eyed_Vireo/White_Eyed_Vireo_0066_159477.jpg:156.White_eyed_Vireo -> 140.Summer_Tanager, 156.White_eyed_Vireo/White_Eyed_Vireo_0022_159037.jpg:156.White_eyed_Vireo -> 158.Bay_breasted_Warbler, 156.White_eyed_Vireo/White_Eyed_Vireo_0026_158963.jpg:156.White_eyed_Vireo -> 156.White_eyed_Vireo, 
182.Yellow_Warbler/Yellow_Warbler_0096_176586.jpg:182.Yellow_Warbler -> 157.Yellow_throated_Vireo, 158.Bay_breasted_Warbler/Bay_Breasted_Warbler_0105_797143.jpg:158.Bay_breasted_Warbler -> 157.Yellow_throated_Vireo, 179.Tennessee_Warbler/Tennessee_Warbler_0033_174772.jpg:179.Tennessee_Warbler -> 157.Yellow_throated_Vireo, 157.Yellow_throated_Vireo/Yellow_Throated_Vireo_0059_794970.jpg:157.Yellow_throated_Vireo -> 172.Nashville_Warbler, 157.Yellow_throated_Vireo/Yellow_Throated_Vireo_0072_794969.jpg:157.Yellow_throated_Vireo -> 113.Baird_Sparrow, 157.Yellow_throated_Vireo/Yellow_Throated_Vireo_0036_159595.jpg:157.Yellow_throated_Vireo -> 176.Prairie_Warbler, 
156.White_eyed_Vireo/White_Eyed_Vireo_0022_159037.jpg:156.White_eyed_Vireo -> 158.Bay_breasted_Warbler, 156.White_eyed_Vireo/White_Eyed_Vireo_0111_158864.jpg:156.White_eyed_Vireo -> 158.Bay_breasted_Warbler, 158.Bay_breasted_Warbler/Bay_Breasted_Warbler_0089_797141.jpg:158.Bay_breasted_Warbler -> 158.Bay_breasted_Warbler, 158.Bay_breasted_Warbler/Bay_Breasted_Warbler_0039_797152.jpg:158.Bay_breasted_Warbler -> 177.Prothonotary_Warbler, 158.Bay_breasted_Warbler/Bay_Breasted_Warbler_0080_159749.jpg:158.Bay_breasted_Warbler -> 196.House_Wren, 158.Bay_breasted_Warbler/Bay_Breasted_Warbler_0051_797132.jpg:158.Bay_breasted_Warbler -> 104.American_Pipit, 
156.White_eyed_Vireo/White_Eyed_Vireo_0019_159095.jpg:156.White_eyed_Vireo -> 159.Black_and_white_Warbler, 159.Black_and_white_Warbler/Black_And_White_Warbler_0035_160102.jpg:159.Black_and_white_Warbler -> 159.Black_and_white_Warbler, 159.Black_and_white_Warbler/Black_And_White_Warbler_0081_110906.jpg:159.Black_and_white_Warbler -> 159.Black_and_white_Warbler, 159.Black_and_white_Warbler/Black_And_White_Warbler_0070_160354.jpg:159.Black_and_white_Warbler -> 130.Tree_Sparrow, 159.Black_and_white_Warbler/Black_And_White_Warbler_0047_160547.jpg:159.Black_and_white_Warbler -> 103.Sayornis, 159.Black_and_white_Warbler/Black_And_White_Warbler_0034_160695.jpg:159.Black_and_white_Warbler -> 139.Scarlet_Tanager, 
200.Common_Yellowthroat/Common_Yellowthroat_0088_190594.jpg:200.Common_Yellowthroat -> 160.Black_throated_Blue_Warbler, 135.Bank_Swallow/Bank_Swallow_0025_129521.jpg:135.Bank_Swallow -> 160.Black_throated_Blue_Warbler, 164.Cerulean_Warbler/Cerulean_Warbler_0040_163219.jpg:164.Cerulean_Warbler -> 160.Black_throated_Blue_Warbler, 160.Black_throated_Blue_Warbler/Black_Throated_Blue_Warbler_0053_161684.jpg:160.Black_throated_Blue_Warbler -> 134.Cape_Glossy_Starling, 160.Black_throated_Blue_Warbler/Black_Throated_Blue_Warbler_0137_161207.jpg:160.Black_throated_Blue_Warbler -> 160.Black_throated_Blue_Warbler, 160.Black_throated_Blue_Warbler/Black_Throated_Blue_Warbler_0060_161644.jpg:160.Black_throated_Blue_Warbler -> 160.Black_throated_Blue_Warbler, 
161.Blue_winged_Warbler/Blue_Winged_Warbler_0021_161858.jpg:161.Blue_winged_Warbler -> 161.Blue_winged_Warbler, 180.Wilson_Warbler/Wilson_Warbler_0045_175623.jpg:180.Wilson_Warbler -> 161.Blue_winged_Warbler, 168.Kentucky_Warbler/Kentucky_Warbler_0003_795892.jpg:168.Kentucky_Warbler -> 161.Blue_winged_Warbler, 161.Blue_winged_Warbler/Blue_Winged_Warbler_0059_162064.jpg:161.Blue_winged_Warbler -> 167.Hooded_Warbler, 161.Blue_winged_Warbler/Blue_Winged_Warbler_0071_161900.jpg:161.Blue_winged_Warbler -> 177.Prothonotary_Warbler, 161.Blue_winged_Warbler/Blue_Winged_Warbler_0056_162013.jpg:161.Blue_winged_Warbler -> 161.Blue_winged_Warbler, 
189.Red_bellied_Woodpecker/Red_Bellied_Woodpecker_0123_182116.jpg:189.Red_bellied_Woodpecker -> 162.Canada_Warbler, 167.Hooded_Warbler/Hooded_Warbler_0115_165041.jpg:167.Hooded_Warbler -> 162.Canada_Warbler, 183.Northern_Waterthrush/Northern_Waterthrush_0076_176986.jpg:183.Northern_Waterthrush -> 162.Canada_Warbler, 162.Canada_Warbler/Canada_Warbler_0051_162447.jpg:162.Canada_Warbler -> 174.Palm_Warbler, 162.Canada_Warbler/Canada_Warbler_0109_93363.jpg:162.Canada_Warbler -> 161.Blue_winged_Warbler, 162.Canada_Warbler/Canada_Warbler_0090_162432.jpg:162.Canada_Warbler -> 162.Canada_Warbler, 
175.Pine_Warbler/Pine_Warbler_0004_171215.jpg:175.Pine_Warbler -> 163.Cape_May_Warbler, 172.Nashville_Warbler/Nashville_Warbler_0027_167224.jpg:172.Nashville_Warbler -> 163.Cape_May_Warbler, 178.Swainson_Warbler/Swainson_Warbler_0002_174683.jpg:178.Swainson_Warbler -> 163.Cape_May_Warbler, 163.Cape_May_Warbler/Cape_May_Warbler_0122_163131.jpg:163.Cape_May_Warbler -> 140.Summer_Tanager, 163.Cape_May_Warbler/Cape_May_Warbler_0031_163012.jpg:163.Cape_May_Warbler -> 130.Tree_Sparrow, 163.Cape_May_Warbler/Cape_May_Warbler_0081_162936.jpg:163.Cape_May_Warbler -> 140.Summer_Tanager, 
103.Sayornis/Sayornis_0061_98375.jpg:103.Sayornis -> 164.Cerulean_Warbler, 148.Green_tailed_Towhee/Green_Tailed_Towhee_0079_154764.jpg:148.Green_tailed_Towhee -> 164.Cerulean_Warbler, 163.Cape_May_Warbler/Cape_May_Warbler_0001_139008.jpg:163.Cape_May_Warbler -> 164.Cerulean_Warbler, 164.Cerulean_Warbler/Cerulean_Warbler_0087_163451.jpg:164.Cerulean_Warbler -> 160.Black_throated_Blue_Warbler, 164.Cerulean_Warbler/Cerulean_Warbler_0063_797204.jpg:164.Cerulean_Warbler -> 173.Orange_crowned_Warbler, 164.Cerulean_Warbler/Cerulean_Warbler_0071_163201.jpg:164.Cerulean_Warbler -> 171.Myrtle_Warbler, 
177.Prothonotary_Warbler/Prothonotary_Warbler_0110_173857.jpg:177.Prothonotary_Warbler -> 165.Chestnut_sided_Warbler, 153.Philadelphia_Vireo/Philadelphia_Vireo_0003_156565.jpg:153.Philadelphia_Vireo -> 165.Chestnut_sided_Warbler, 153.Philadelphia_Vireo/Philadelphia_Vireo_0003_156565.jpg:153.Philadelphia_Vireo -> 165.Chestnut_sided_Warbler, 165.Chestnut_sided_Warbler/Chestnut_Sided_Warbler_0069_163921.jpg:165.Chestnut_sided_Warbler -> 132.White_crowned_Sparrow, 165.Chestnut_sided_Warbler/Chestnut_Sided_Warbler_0104_163638.jpg:165.Chestnut_sided_Warbler -> 153.Philadelphia_Vireo, 165.Chestnut_sided_Warbler/Chestnut_Sided_Warbler_0061_163978.jpg:165.Chestnut_sided_Warbler -> 115.Brewer_Sparrow, 
126.Nelson_Sharp_tailed_Sparrow/Nelson_Sharp_Tailed_Sparrow_0023_796899.jpg:126.Nelson_Sharp_tailed_Sparrow -> 166.Golden_winged_Warbler, 200.Common_Yellowthroat/Common_Yellowthroat_0112_190571.jpg:200.Common_Yellowthroat -> 166.Golden_winged_Warbler, 197.Marsh_Wren/Marsh_Wren_0069_188776.jpg:197.Marsh_Wren -> 166.Golden_winged_Warbler, 166.Golden_winged_Warbler/Golden_Winged_Warbler_0060_164368.jpg:166.Golden_winged_Warbler -> 186.Cedar_Waxwing, 166.Golden_winged_Warbler/Golden_Winged_Warbler_0040_164605.jpg:166.Golden_winged_Warbler -> 177.Prothonotary_Warbler, 166.Golden_winged_Warbler/Golden_Winged_Warbler_0087_794810.jpg:166.Golden_winged_Warbler -> 166.Golden_winged_Warbler, 
182.Yellow_Warbler/Yellow_Warbler_0093_176490.jpg:182.Yellow_Warbler -> 167.Hooded_Warbler, 180.Wilson_Warbler/Wilson_Warbler_0020_175505.jpg:180.Wilson_Warbler -> 167.Hooded_Warbler, 161.Blue_winged_Warbler/Blue_Winged_Warbler_0059_162064.jpg:161.Blue_winged_Warbler -> 167.Hooded_Warbler, 167.Hooded_Warbler/Hooded_Warbler_0068_164872.jpg:167.Hooded_Warbler -> 190.Red_cockaded_Woodpecker, 167.Hooded_Warbler/Hooded_Warbler_0048_164622.jpg:167.Hooded_Warbler -> 153.Philadelphia_Vireo, 167.Hooded_Warbler/Hooded_Warbler_0130_164826.jpg:167.Hooded_Warbler -> 176.Prairie_Warbler, 
168.Kentucky_Warbler/Kentucky_Warbler_0002_795886.jpg:168.Kentucky_Warbler -> 168.Kentucky_Warbler, 169.Magnolia_Warbler/Magnolia_Warbler_0090_166087.jpg:169.Magnolia_Warbler -> 168.Kentucky_Warbler, 168.Kentucky_Warbler/Kentucky_Warbler_0002_795886.jpg:168.Kentucky_Warbler -> 168.Kentucky_Warbler, 168.Kentucky_Warbler/Kentucky_Warbler_0041_795888.jpg:168.Kentucky_Warbler -> 166.Golden_winged_Warbler, 168.Kentucky_Warbler/Kentucky_Warbler_0002_795886.jpg:168.Kentucky_Warbler -> 168.Kentucky_Warbler, 168.Kentucky_Warbler/Kentucky_Warbler_0022_795882.jpg:168.Kentucky_Warbler -> 133.White_throated_Sparrow, 
186.Cedar_Waxwing/Cedar_Waxwing_0069_179310.jpg:186.Cedar_Waxwing -> 169.Magnolia_Warbler, 161.Blue_winged_Warbler/Blue_Winged_Warbler_0051_161766.jpg:161.Blue_winged_Warbler -> 169.Magnolia_Warbler, 163.Cape_May_Warbler/Cape_May_Warbler_0043_163172.jpg:163.Cape_May_Warbler -> 169.Magnolia_Warbler, 169.Magnolia_Warbler/Magnolia_Warbler_0043_165774.jpg:169.Magnolia_Warbler -> 199.Winter_Wren, 169.Magnolia_Warbler/Magnolia_Warbler_0090_166087.jpg:169.Magnolia_Warbler -> 168.Kentucky_Warbler, 169.Magnolia_Warbler/Magnolia_Warbler_0104_165696.jpg:169.Magnolia_Warbler -> 139.Scarlet_Tanager, 
170.Mourning_Warbler/Mourning_Warbler_0034_795384.jpg:170.Mourning_Warbler -> 113.Baird_Sparrow, 170.Mourning_Warbler/Mourning_Warbler_0051_795352.jpg:170.Mourning_Warbler -> 172.Nashville_Warbler, 170.Mourning_Warbler/Mourning_Warbler_0060_795355.jpg:170.Mourning_Warbler -> 162.Canada_Warbler, 170.Mourning_Warbler/Mourning_Warbler_0049_166469.jpg:170.Mourning_Warbler -> 153.Philadelphia_Vireo, 170.Mourning_Warbler/Mourning_Warbler_0053_795345.jpg:170.Mourning_Warbler -> 168.Kentucky_Warbler, 170.Mourning_Warbler/Mourning_Warbler_0050_795343.jpg:170.Mourning_Warbler -> 109.American_Redstart, 
164.Cerulean_Warbler/Cerulean_Warbler_0075_797233.jpg:164.Cerulean_Warbler -> 171.Myrtle_Warbler, 130.Tree_Sparrow/Tree_Sparrow_0094_124974.jpg:130.Tree_Sparrow -> 171.Myrtle_Warbler, 103.Sayornis/Sayornis_0076_98941.jpg:103.Sayornis -> 171.Myrtle_Warbler, 171.Myrtle_Warbler/Myrtle_Warbler_0063_93378.jpg:171.Myrtle_Warbler -> 136.Barn_Swallow, 171.Myrtle_Warbler/Myrtle_Warbler_0009_166752.jpg:171.Myrtle_Warbler -> 153.Philadelphia_Vireo, 171.Myrtle_Warbler/Myrtle_Warbler_0034_166720.jpg:171.Myrtle_Warbler -> 164.Cerulean_Warbler, 
152.Blue_headed_Vireo/Blue_Headed_Vireo_0011_156276.jpg:152.Blue_headed_Vireo -> 172.Nashville_Warbler, 171.Myrtle_Warbler/Myrtle_Warbler_0094_166922.jpg:171.Myrtle_Warbler -> 172.Nashville_Warbler, 124.Le_Conte_Sparrow/Le_Conte_Sparrow_0058_795181.jpg:124.Le_Conte_Sparrow -> 172.Nashville_Warbler, 172.Nashville_Warbler/Nashville_Warbler_0123_167324.jpg:172.Nashville_Warbler -> 133.White_throated_Sparrow, 172.Nashville_Warbler/Nashville_Warbler_0118_167350.jpg:172.Nashville_Warbler -> 140.Summer_Tanager, 172.Nashville_Warbler/Nashville_Warbler_0050_167475.jpg:172.Nashville_Warbler -> 172.Nashville_Warbler, 
157.Yellow_throated_Vireo/Yellow_Throated_Vireo_0057_159570.jpg:157.Yellow_throated_Vireo -> 173.Orange_crowned_Warbler, 181.Worm_eating_Warbler/Worm_Eating_Warbler_0031_176075.jpg:181.Worm_eating_Warbler -> 173.Orange_crowned_Warbler, 166.Golden_winged_Warbler/Golden_Winged_Warbler_0024_794807.jpg:166.Golden_winged_Warbler -> 173.Orange_crowned_Warbler, 173.Orange_crowned_Warbler/Orange_Crowned_Warbler_0114_167732.jpg:173.Orange_crowned_Warbler -> 164.Cerulean_Warbler, 173.Orange_crowned_Warbler/Orange_Crowned_Warbler_0037_167687.jpg:173.Orange_crowned_Warbler -> 139.Scarlet_Tanager, 173.Orange_crowned_Warbler/Orange_Crowned_Warbler_0052_168013.jpg:173.Orange_crowned_Warbler -> 173.Orange_crowned_Warbler, 
170.Mourning_Warbler/Mourning_Warbler_0042_166493.jpg:170.Mourning_Warbler -> 174.Palm_Warbler, 192.Downy_Woodpecker/Downy_Woodpecker_0056_183913.jpg:192.Downy_Woodpecker -> 174.Palm_Warbler, 168.Kentucky_Warbler/Kentucky_Warbler_0014_165336.jpg:168.Kentucky_Warbler -> 174.Palm_Warbler, 174.Palm_Warbler/Palm_Warbler_0056_168740.jpg:174.Palm_Warbler -> 129.Song_Sparrow, 174.Palm_Warbler/Palm_Warbler_0004_168786.jpg:174.Palm_Warbler -> 182.Yellow_Warbler, 174.Palm_Warbler/Palm_Warbler_0073_169781.jpg:174.Palm_Warbler -> 182.Yellow_Warbler, 
157.Yellow_throated_Vireo/Yellow_Throated_Vireo_0012_794977.jpg:157.Yellow_throated_Vireo -> 175.Pine_Warbler, 175.Pine_Warbler/Pine_Warbler_0085_170981.jpg:175.Pine_Warbler -> 175.Pine_Warbler, 175.Pine_Warbler/Pine_Warbler_0003_171639.jpg:175.Pine_Warbler -> 175.Pine_Warbler, 175.Pine_Warbler/Pine_Warbler_0025_171110.jpg:175.Pine_Warbler -> 175.Pine_Warbler, 175.Pine_Warbler/Pine_Warbler_0108_170597.jpg:175.Pine_Warbler -> 104.American_Pipit, 175.Pine_Warbler/Pine_Warbler_0045_171150.jpg:175.Pine_Warbler -> 172.Nashville_Warbler, 
158.Bay_breasted_Warbler/Bay_Breasted_Warbler_0087_797122.jpg:158.Bay_breasted_Warbler -> 176.Prairie_Warbler, 176.Prairie_Warbler/Prairie_Warbler_0028_173123.jpg:176.Prairie_Warbler -> 176.Prairie_Warbler, 176.Prairie_Warbler/Prairie_Warbler_0028_173123.jpg:176.Prairie_Warbler -> 176.Prairie_Warbler, 176.Prairie_Warbler/Prairie_Warbler_0029_172618.jpg:176.Prairie_Warbler -> 176.Prairie_Warbler, 176.Prairie_Warbler/Prairie_Warbler_0010_172547.jpg:176.Prairie_Warbler -> 176.Prairie_Warbler, 176.Prairie_Warbler/Prairie_Warbler_0107_173080.jpg:176.Prairie_Warbler -> 177.Prothonotary_Warbler, 
182.Yellow_Warbler/Yellow_Warbler_0095_176202.jpg:182.Yellow_Warbler -> 177.Prothonotary_Warbler, 109.American_Redstart/American_Redstart_0035_103017.jpg:109.American_Redstart -> 177.Prothonotary_Warbler, 186.Cedar_Waxwing/Cedar_Waxwing_0130_178308.jpg:186.Cedar_Waxwing -> 177.Prothonotary_Warbler, 177.Prothonotary_Warbler/Prothonotary_Warbler_0083_173929.jpg:177.Prothonotary_Warbler -> 139.Scarlet_Tanager, 177.Prothonotary_Warbler/Prothonotary_Warbler_0055_173419.jpg:177.Prothonotary_Warbler -> 162.Canada_Warbler, 177.Prothonotary_Warbler/Prothonotary_Warbler_0110_173857.jpg:177.Prothonotary_Warbler -> 165.Chestnut_sided_Warbler, 
113.Baird_Sparrow/Baird_Sparrow_0028_794557.jpg:113.Baird_Sparrow -> 178.Swainson_Warbler, 178.Swainson_Warbler/Swainson_Warbler_0026_794884.jpg:178.Swainson_Warbler -> 178.Swainson_Warbler, 186.Cedar_Waxwing/Cedar_Waxwing_0107_179098.jpg:186.Cedar_Waxwing -> 178.Swainson_Warbler, 178.Swainson_Warbler/Swainson_Warbler_0045_794876.jpg:178.Swainson_Warbler -> 184.Louisiana_Waterthrush, 178.Swainson_Warbler/Swainson_Warbler_0035_174741.jpg:178.Swainson_Warbler -> 178.Swainson_Warbler, 178.Swainson_Warbler/Swainson_Warbler_0025_794881.jpg:178.Swainson_Warbler -> 160.Black_throated_Blue_Warbler, 
179.Tennessee_Warbler/Tennessee_Warbler_0088_175163.jpg:179.Tennessee_Warbler -> 114.Black_throated_Sparrow, 179.Tennessee_Warbler/Tennessee_Warbler_0096_174993.jpg:179.Tennessee_Warbler -> 119.Field_Sparrow, 179.Tennessee_Warbler/Tennessee_Warbler_0071_175084.jpg:179.Tennessee_Warbler -> 164.Cerulean_Warbler, 179.Tennessee_Warbler/Tennessee_Warbler_0022_174799.jpg:179.Tennessee_Warbler -> 111.Loggerhead_Shrike, 179.Tennessee_Warbler/Tennessee_Warbler_0015_174847.jpg:179.Tennessee_Warbler -> 163.Cape_May_Warbler, 179.Tennessee_Warbler/Tennessee_Warbler_0098_174800.jpg:179.Tennessee_Warbler -> 155.Warbling_Vireo, 
161.Blue_winged_Warbler/Blue_Winged_Warbler_0044_161760.jpg:161.Blue_winged_Warbler -> 180.Wilson_Warbler, 139.Scarlet_Tanager/Scarlet_Tanager_0038_138198.jpg:139.Scarlet_Tanager -> 180.Wilson_Warbler, 161.Blue_winged_Warbler/Blue_Winged_Warbler_0037_161999.jpg:161.Blue_winged_Warbler -> 180.Wilson_Warbler, 180.Wilson_Warbler/Wilson_Warbler_0043_175491.jpg:180.Wilson_Warbler -> 162.Canada_Warbler, 180.Wilson_Warbler/Wilson_Warbler_0072_175958.jpg:180.Wilson_Warbler -> 139.Scarlet_Tanager, 180.Wilson_Warbler/Wilson_Warbler_0018_175389.jpg:180.Wilson_Warbler -> 153.Philadelphia_Vireo, 
117.Clay_colored_Sparrow/Clay_Colored_Sparrow_0005_110911.jpg:117.Clay_colored_Sparrow -> 181.Worm_eating_Warbler, 189.Red_bellied_Woodpecker/Red_Bellied_Woodpecker_0002_180879.jpg:189.Red_bellied_Woodpecker -> 181.Worm_eating_Warbler, 162.Canada_Warbler/Canada_Warbler_0080_162392.jpg:162.Canada_Warbler -> 181.Worm_eating_Warbler, 181.Worm_eating_Warbler/Worm_Eating_Warbler_0078_795532.jpg:181.Worm_eating_Warbler -> 168.Kentucky_Warbler, 181.Worm_eating_Warbler/Worm_Eating_Warbler_0075_176045.jpg:181.Worm_eating_Warbler -> 173.Orange_crowned_Warbler, 181.Worm_eating_Warbler/Worm_Eating_Warbler_0090_795523.jpg:181.Worm_eating_Warbler -> 105.Whip_poor_Will, 
182.Yellow_Warbler/Yellow_Warbler_0016_176452.jpg:182.Yellow_Warbler -> 182.Yellow_Warbler, 112.Great_Grey_Shrike/Great_Grey_Shrike_0062_106628.jpg:112.Great_Grey_Shrike -> 182.Yellow_Warbler, 182.Yellow_Warbler/Yellow_Warbler_0031_176282.jpg:182.Yellow_Warbler -> 182.Yellow_Warbler, 182.Yellow_Warbler/Yellow_Warbler_0030_176236.jpg:182.Yellow_Warbler -> 140.Summer_Tanager, 182.Yellow_Warbler/Yellow_Warbler_0096_176586.jpg:182.Yellow_Warbler -> 157.Yellow_throated_Vireo, 182.Yellow_Warbler/Yellow_Warbler_0017_176888.jpg:182.Yellow_Warbler -> 180.Wilson_Warbler, 
127.Savannah_Sparrow/Savannah_Sparrow_0035_120099.jpg:127.Savannah_Sparrow -> 183.Northern_Waterthrush, 135.Bank_Swallow/Bank_Swallow_0062_129548.jpg:135.Bank_Swallow -> 183.Northern_Waterthrush, 135.Bank_Swallow/Bank_Swallow_0062_129548.jpg:135.Bank_Swallow -> 183.Northern_Waterthrush, 183.Northern_Waterthrush/Northern_Waterthrush_0062_177364.jpg:183.Northern_Waterthrush -> 156.White_eyed_Vireo, 183.Northern_Waterthrush/Northern_Waterthrush_0076_176986.jpg:183.Northern_Waterthrush -> 162.Canada_Warbler, 183.Northern_Waterthrush/Northern_Waterthrush_0024_177293.jpg:183.Northern_Waterthrush -> 116.Chipping_Sparrow, 
184.Louisiana_Waterthrush/Louisiana_Waterthrush_0081_795283.jpg:184.Louisiana_Waterthrush -> 184.Louisiana_Waterthrush, 115.Brewer_Sparrow/Brewer_Sparrow_0064_107502.jpg:115.Brewer_Sparrow -> 184.Louisiana_Waterthrush, 115.Brewer_Sparrow/Brewer_Sparrow_0064_107502.jpg:115.Brewer_Sparrow -> 184.Louisiana_Waterthrush, 184.Louisiana_Waterthrush/Louisiana_Waterthrush_0055_795280.jpg:184.Louisiana_Waterthrush -> 114.Black_throated_Sparrow, 184.Louisiana_Waterthrush/Louisiana_Waterthrush_0025_177403.jpg:184.Louisiana_Waterthrush -> 190.Red_cockaded_Woodpecker, 184.Louisiana_Waterthrush/Louisiana_Waterthrush_0015_177515.jpg:184.Louisiana_Waterthrush -> 114.Black_throated_Sparrow, 
185.Bohemian_Waxwing/Bohemian_Waxwing_0013_796660.jpg:185.Bohemian_Waxwing -> 185.Bohemian_Waxwing, 185.Bohemian_Waxwing/Bohemian_Waxwing_0115_177724.jpg:185.Bohemian_Waxwing -> 185.Bohemian_Waxwing, 185.Bohemian_Waxwing/Bohemian_Waxwing_0117_177858.jpg:185.Bohemian_Waxwing -> 185.Bohemian_Waxwing, 185.Bohemian_Waxwing/Bohemian_Waxwing_0094_177955.jpg:185.Bohemian_Waxwing -> 115.Brewer_Sparrow, 185.Bohemian_Waxwing/Bohemian_Waxwing_0094_177955.jpg:185.Bohemian_Waxwing -> 115.Brewer_Sparrow, 185.Bohemian_Waxwing/Bohemian_Waxwing_0117_177858.jpg:185.Bohemian_Waxwing -> 185.Bohemian_Waxwing, 
185.Bohemian_Waxwing/Bohemian_Waxwing_0092_796666.jpg:185.Bohemian_Waxwing -> 186.Cedar_Waxwing, 186.Cedar_Waxwing/Cedar_Waxwing_0019_178654.jpg:186.Cedar_Waxwing -> 186.Cedar_Waxwing, 153.Philadelphia_Vireo/Philadelphia_Vireo_0060_156555.jpg:153.Philadelphia_Vireo -> 186.Cedar_Waxwing, 186.Cedar_Waxwing/Cedar_Waxwing_0054_178141.jpg:186.Cedar_Waxwing -> 152.Blue_headed_Vireo, 186.Cedar_Waxwing/Cedar_Waxwing_0033_178737.jpg:186.Cedar_Waxwing -> 116.Chipping_Sparrow, 186.Cedar_Waxwing/Cedar_Waxwing_0058_178795.jpg:186.Cedar_Waxwing -> 185.Bohemian_Waxwing, 
187.American_Three_toed_Woodpecker/American_Three_Toed_Woodpecker_0045_796148.jpg:187.American_Three_toed_Woodpecker -> 188.Pileated_Woodpecker, 187.American_Three_toed_Woodpecker/American_Three_Toed_Woodpecker_0013_179833.jpg:187.American_Three_toed_Woodpecker -> 190.Red_cockaded_Woodpecker, 187.American_Three_toed_Woodpecker/American_Three_Toed_Woodpecker_0006_179838.jpg:187.American_Three_toed_Woodpecker -> 148.Green_tailed_Towhee, 187.American_Three_toed_Woodpecker/American_Three_Toed_Woodpecker_0042_796149.jpg:187.American_Three_toed_Woodpecker -> 192.Downy_Woodpecker, 187.American_Three_toed_Woodpecker/American_Three_Toed_Woodpecker_0031_796172.jpg:187.American_Three_toed_Woodpecker -> 169.Magnolia_Warbler, 187.American_Three_toed_Woodpecker/American_Three_Toed_Woodpecker_0036_796146.jpg:187.American_Three_toed_Woodpecker -> 190.Red_cockaded_Woodpecker, 
152.Blue_headed_Vireo/Blue_Headed_Vireo_0091_155934.jpg:152.Blue_headed_Vireo -> 188.Pileated_Woodpecker, 150.Sage_Thrasher/Sage_Thrasher_0064_155531.jpg:150.Sage_Thrasher -> 188.Pileated_Woodpecker, 121.Grasshopper_Sparrow/Grasshopper_Sparrow_0120_116021.jpg:121.Grasshopper_Sparrow -> 188.Pileated_Woodpecker, 188.Pileated_Woodpecker/Pileated_Woodpecker_0074_180306.jpg:188.Pileated_Woodpecker -> 192.Downy_Woodpecker, 188.Pileated_Woodpecker/Pileated_Woodpecker_0119_180030.jpg:188.Pileated_Woodpecker -> 189.Red_bellied_Woodpecker, 188.Pileated_Woodpecker/Pileated_Woodpecker_0123_180076.jpg:188.Pileated_Woodpecker -> 105.Whip_poor_Will, 
188.Pileated_Woodpecker/Pileated_Woodpecker_0119_180030.jpg:188.Pileated_Woodpecker -> 189.Red_bellied_Woodpecker, 189.Red_bellied_Woodpecker/Red_Bellied_Woodpecker_0106_180757.jpg:189.Red_bellied_Woodpecker -> 189.Red_bellied_Woodpecker, 189.Red_bellied_Woodpecker/Red_Bellied_Woodpecker_0073_180994.jpg:189.Red_bellied_Woodpecker -> 189.Red_bellied_Woodpecker, 189.Red_bellied_Woodpecker/Red_Bellied_Woodpecker_0056_180946.jpg:189.Red_bellied_Woodpecker -> 189.Red_bellied_Woodpecker, 189.Red_bellied_Woodpecker/Red_Bellied_Woodpecker_0010_180772.jpg:189.Red_bellied_Woodpecker -> 153.Philadelphia_Vireo, 189.Red_bellied_Woodpecker/Red_Bellied_Woodpecker_0081_182336.jpg:189.Red_bellied_Woodpecker -> 189.Red_bellied_Woodpecker, 
194.Cactus_Wren/Cactus_Wren_0004_185797.jpg:194.Cactus_Wren -> 190.Red_cockaded_Woodpecker, 198.Rock_Wren/Rock_Wren_0096_188966.jpg:198.Rock_Wren -> 190.Red_cockaded_Woodpecker, 190.Red_cockaded_Woodpecker/Red_Cockaded_Woodpecker_0048_182599.jpg:190.Red_cockaded_Woodpecker -> 190.Red_cockaded_Woodpecker, 190.Red_cockaded_Woodpecker/Red_Cockaded_Woodpecker_0001_182541.jpg:190.Red_cockaded_Woodpecker -> 105.Whip_poor_Will, 190.Red_cockaded_Woodpecker/Red_Cockaded_Woodpecker_0020_182683.jpg:190.Red_cockaded_Woodpecker -> 190.Red_cockaded_Woodpecker, 190.Red_cockaded_Woodpecker/Red_Cockaded_Woodpecker_0023_794701.jpg:190.Red_cockaded_Woodpecker -> 190.Red_cockaded_Woodpecker, 
191.Red_headed_Woodpecker/Red_Headed_Woodpecker_0067_183710.jpg:191.Red_headed_Woodpecker -> 191.Red_headed_Woodpecker, 195.Carolina_Wren/Carolina_Wren_0126_186654.jpg:195.Carolina_Wren -> 191.Red_headed_Woodpecker, 188.Pileated_Woodpecker/Pileated_Woodpecker_0088_180054.jpg:188.Pileated_Woodpecker -> 191.Red_headed_Woodpecker, 191.Red_headed_Woodpecker/Red_Headed_Woodpecker_0012_183395.jpg:191.Red_headed_Woodpecker -> 186.Cedar_Waxwing, 191.Red_headed_Woodpecker/Red_Headed_Woodpecker_0081_182811.jpg:191.Red_headed_Woodpecker -> 191.Red_headed_Woodpecker, 191.Red_headed_Woodpecker/Red_Headed_Woodpecker_0081_182811.jpg:191.Red_headed_Woodpecker -> 191.Red_headed_Woodpecker, 
138.Tree_Swallow/Tree_Swallow_0083_136800.jpg:138.Tree_Swallow -> 192.Downy_Woodpecker, 192.Downy_Woodpecker/Downy_Woodpecker_0138_184385.jpg:192.Downy_Woodpecker -> 192.Downy_Woodpecker, 122.Harris_Sparrow/Harris_Sparrow_0025_116648.jpg:122.Harris_Sparrow -> 192.Downy_Woodpecker, 192.Downy_Woodpecker/Downy_Woodpecker_0003_183933.jpg:192.Downy_Woodpecker -> 164.Cerulean_Warbler, 192.Downy_Woodpecker/Downy_Woodpecker_0031_184120.jpg:192.Downy_Woodpecker -> 192.Downy_Woodpecker, 192.Downy_Woodpecker/Downy_Woodpecker_0011_183934.jpg:192.Downy_Woodpecker -> 174.Palm_Warbler, 
162.Canada_Warbler/Canada_Warbler_0020_162354.jpg:162.Canada_Warbler -> 193.Bewick_Wren, 113.Baird_Sparrow/Baird_Sparrow_0042_794560.jpg:113.Baird_Sparrow -> 193.Bewick_Wren, 193.Bewick_Wren/Bewick_Wren_0065_185247.jpg:193.Bewick_Wren -> 193.Bewick_Wren, 193.Bewick_Wren/Bewick_Wren_0109_185170.jpg:193.Bewick_Wren -> 150.Sage_Thrasher, 193.Bewick_Wren/Bewick_Wren_0096_185139.jpg:193.Bewick_Wren -> 116.Chipping_Sparrow, 193.Bewick_Wren/Bewick_Wren_0065_185247.jpg:193.Bewick_Wren -> 193.Bewick_Wren, 
135.Bank_Swallow/Bank_Swallow_0006_129652.jpg:135.Bank_Swallow -> 194.Cactus_Wren, 194.Cactus_Wren/Cactus_Wren_0016_185582.jpg:194.Cactus_Wren -> 194.Cactus_Wren, 196.House_Wren/House_Wren_0110_187111.jpg:196.House_Wren -> 194.Cactus_Wren, 194.Cactus_Wren/Cactus_Wren_0096_185898.jpg:194.Cactus_Wren -> 125.Lincoln_Sparrow, 194.Cactus_Wren/Cactus_Wren_0095_185633.jpg:194.Cactus_Wren -> 105.Whip_poor_Will, 194.Cactus_Wren/Cactus_Wren_0002_185680.jpg:194.Cactus_Wren -> 133.White_throated_Sparrow, 
195.Carolina_Wren/Carolina_Wren_0112_186562.jpg:195.Carolina_Wren -> 195.Carolina_Wren, 195.Carolina_Wren/Carolina_Wren_0112_186562.jpg:195.Carolina_Wren -> 195.Carolina_Wren, 195.Carolina_Wren/Carolina_Wren_0112_186562.jpg:195.Carolina_Wren -> 195.Carolina_Wren, 195.Carolina_Wren/Carolina_Wren_0072_186309.jpg:195.Carolina_Wren -> 109.American_Redstart, 195.Carolina_Wren/Carolina_Wren_0113_186675.jpg:195.Carolina_Wren -> 192.Downy_Woodpecker, 195.Carolina_Wren/Carolina_Wren_0032_186566.jpg:195.Carolina_Wren -> 106.Horned_Puffin, 
102.Western_Wood_Pewee/Western_Wood_Pewee_0021_98101.jpg:102.Western_Wood_Pewee -> 196.House_Wren, 127.Savannah_Sparrow/Savannah_Sparrow_0025_119124.jpg:127.Savannah_Sparrow -> 196.House_Wren, 165.Chestnut_sided_Warbler/Chestnut_Sided_Warbler_0062_163859.jpg:165.Chestnut_sided_Warbler -> 196.House_Wren, 196.House_Wren/House_Wren_0101_187133.jpg:196.House_Wren -> 111.Loggerhead_Shrike, 196.House_Wren/House_Wren_0085_187723.jpg:196.House_Wren -> 196.House_Wren, 196.House_Wren/House_Wren_0088_187243.jpg:196.House_Wren -> 193.Bewick_Wren, 
179.Tennessee_Warbler/Tennessee_Warbler_0070_174962.jpg:179.Tennessee_Warbler -> 197.Marsh_Wren, 125.Lincoln_Sparrow/Lincoln_Sparrow_0042_117507.jpg:125.Lincoln_Sparrow -> 197.Marsh_Wren, 199.Winter_Wren/Winter_Wren_0142_190379.jpg:199.Winter_Wren -> 197.Marsh_Wren, 197.Marsh_Wren/Marsh_Wren_0033_188778.jpg:197.Marsh_Wren -> 199.Winter_Wren, 197.Marsh_Wren/Marsh_Wren_0043_188426.jpg:197.Marsh_Wren -> 115.Brewer_Sparrow, 197.Marsh_Wren/Marsh_Wren_0015_188852.jpg:197.Marsh_Wren -> 199.Winter_Wren, 
198.Rock_Wren/Rock_Wren_0063_189121.jpg:198.Rock_Wren -> 144.Common_Tern, 198.Rock_Wren/Rock_Wren_0019_188968.jpg:198.Rock_Wren -> 103.Sayornis, 198.Rock_Wren/Rock_Wren_0058_189346.jpg:198.Rock_Wren -> 104.American_Pipit, 198.Rock_Wren/Rock_Wren_0100_189426.jpg:198.Rock_Wren -> 135.Bank_Swallow, 198.Rock_Wren/Rock_Wren_0071_189213.jpg:198.Rock_Wren -> 190.Red_cockaded_Woodpecker, 198.Rock_Wren/Rock_Wren_0040_189159.jpg:198.Rock_Wren -> 148.Green_tailed_Towhee, 
169.Magnolia_Warbler/Magnolia_Warbler_0043_165774.jpg:169.Magnolia_Warbler -> 199.Winter_Wren, 196.House_Wren/House_Wren_0034_187120.jpg:196.House_Wren -> 199.Winter_Wren, 197.Marsh_Wren/Marsh_Wren_0095_188371.jpg:197.Marsh_Wren -> 199.Winter_Wren, 199.Winter_Wren/Winter_Wren_0050_189514.jpg:199.Winter_Wren -> 139.Scarlet_Tanager, 199.Winter_Wren/Winter_Wren_0030_190311.jpg:199.Winter_Wren -> 197.Marsh_Wren, 199.Winter_Wren/Winter_Wren_0038_189510.jpg:199.Winter_Wren -> 144.Common_Tern, 
176.Prairie_Warbler/Prairie_Warbler_0037_172550.jpg:176.Prairie_Warbler -> 200.Common_Yellowthroat, 153.Philadelphia_Vireo/Philadelphia_Vireo_0056_156502.jpg:153.Philadelphia_Vireo -> 200.Common_Yellowthroat, 173.Orange_crowned_Warbler/Orange_Crowned_Warbler_0032_167589.jpg:173.Orange_crowned_Warbler -> 200.Common_Yellowthroat, 200.Common_Yellowthroat/Common_Yellowthroat_0015_190556.jpg:200.Common_Yellowthroat -> 113.Baird_Sparrow, 200.Common_Yellowthroat/Common_Yellowthroat_0021_190655.jpg:200.Common_Yellowthroat -> 148.Green_tailed_Towhee, 200.Common_Yellowthroat/Common_Yellowthroat_0098_190430.jpg:200.Common_Yellowthroat -> 167.Hooded_Warbler, 
