101.White_Pelican/White_Pelican_0084_95877.jpg:101.White_Pelican -> 101.White_Pelican, 101.White_Pelican/White_Pelican_0059_96675.jpg:101.White_Pelican -> 101.White_Pelican, 101.White_Pelican/White_Pelican_0048_95764.jpg:101.White_Pelican -> 101.White_Pelican, 101.White_Pelican/White_Pelican_0015_96952.jpg:101.White_Pelican -> 101.White_Pelican, 101.White_Pelican/White_Pelican_0077_97025.jpg:101.White_Pelican -> 101.White_Pelican, 101.White_Pelican/White_Pelican_0005_95916.jpg:101.White_Pelican -> 101.White_Pelican, 
173.Orange_crowned_Warbler/Orange_Crowned_Warbler_0068_167585.jpg:173.Orange_crowned_Warbler -> 102.Western_Wood_Pewee, 132.White_crowned_Sparrow/White_Crowned_Sparrow_0002_127774.jpg:132.White_crowned_Sparrow -> 102.Western_Wood_Pewee, 127.Savannah_Sparrow/Savannah_Sparrow_0017_119171.jpg:127.Savannah_Sparrow -> 102.Western_Wood_Pewee, 102.Western_Wood_Pewee/Western_Wood_Pewee_0014_98094.jpg:102.Western_Wood_Pewee -> 180.Wilson_Warbler, 102.Western_Wood_Pewee/Western_Wood_Pewee_0051_98206.jpg:102.Western_Wood_Pewee -> 132.White_crowned_Sparrow, 102.Western_Wood_Pewee/Western_Wood_Pewee_0068_98024.jpg:102.Western_Wood_Pewee -> 102.Western_Wood_Pewee, 
114.Black_throated_Sparrow/Black_Throated_Sparrow_0056_107010.jpg:114.Black_throated_Sparrow -> 103.Sayornis, 153.Philadelphia_Vireo/Philadelphia_Vireo_0058_156558.jpg:153.Philadelphia_Vireo -> 103.Sayornis, 103.Sayornis/Sayornis_0045_98549.jpg:103.Sayornis -> 103.Sayornis, 103.Sayornis/Sayornis_0010_98611.jpg:103.Sayornis -> 103.Sayornis, 103.Sayornis/Sayornis_0098_98419.jpg:103.Sayornis -> 138.Tree_Swallow, 103.Sayornis/Sayornis_0130_98678.jpg:103.Sayornis -> 103.Sayornis, 
183.Northern_Waterthrush/Northern_Waterthrush_0043_177070.jpg:183.Northern_Waterthrush -> 104.American_Pipit, 121.Grasshopper_Sparrow/Grasshopper_Sparrow_0039_115980.jpg:121.Grasshopper_Sparrow -> 104.American_Pipit, 104.American_Pipit/American_Pipit_0031_99607.jpg:104.American_Pipit -> 104.American_Pipit, 104.American_Pipit/American_Pipit_0048_100140.jpg:104.American_Pipit -> 182.Yellow_Warbler, 104.American_Pipit/American_Pipit_0002_100023.jpg:104.American_Pipit -> 150.Sage_Thrasher, 104.American_Pipit/American_Pipit_0116_100015.jpg:104.American_Pipit -> 184.Louisiana_Waterthrush, 
194.Cactus_Wren/Cactus_Wren_0076_186067.jpg:194.Cactus_Wren -> 105.Whip_poor_Will, 105.Whip_poor_Will/Whip_Poor_Will_0005_796425.jpg:105.Whip_poor_Will -> 105.Whip_poor_Will, 105.Whip_poor_Will/Whip_Poor_Will_0040_100482.jpg:105.Whip_poor_Will -> 105.Whip_poor_Will, 105.Whip_poor_Will/Whip_Poor_Will_0035_796430.jpg:105.Whip_poor_Will -> 195.Carolina_Wren, 105.Whip_poor_Will/Whip_Poor_Will_0031_100397.jpg:105.Whip_poor_Will -> 121.Grasshopper_Sparrow, 105.Whip_poor_Will/Whip_Poor_Will_0046_796440.jpg:105.Whip_poor_Will -> 105.Whip_poor_Will, 
131.Vesper_Sparrow/Vesper_Sparrow_0011_125608.jpg:131.Vesper_Sparrow -> 106.Horned_Puffin, 144.Common_Tern/Common_Tern_0025_147728.jpg:144.Common_Tern -> 106.Horned_Puffin, 178.Swainson_Warbler/Swainson_Warbler_0021_794898.jpg:178.Swainson_Warbler -> 106.Horned_Puffin, 106.Horned_Puffin/Horned_Puffin_0084_100637.jpg:106.Horned_Puffin -> 106.Horned_Puffin, 106.Horned_Puffin/Horned_Puffin_0035_100690.jpg:106.Horned_Puffin -> 147.Least_Tern, 106.Horned_Puffin/Horned_Puffin_0084_100637.jpg:106.Horned_Puffin -> 106.Horned_Puffin, 
138.Tree_Swallow/Tree_Swallow_0029_134882.jpg:138.Tree_Swallow -> 107.Common_Raven, 142.Black_Tern/Black_Tern_0063_144731.jpg:142.Black_Tern -> 107.Common_Raven, 188.Pileated_Woodpecker/Pileated_Woodpecker_0002_180024.jpg:188.Pileated_Woodpecker -> 107.Common_Raven, 107.Common_Raven/Common_Raven_0089_101891.jpg:107.Common_Raven -> 108.White_necked_Raven, 107.Common_Raven/Common_Raven_0029_102039.jpg:107.Common_Raven -> 108.White_necked_Raven, 107.Common_Raven/Common_Raven_0023_102437.jpg:107.Common_Raven -> 108.White_necked_Raven, 
142.Black_Tern/Black_Tern_0059_144159.jpg:142.Black_Tern -> 108.White_necked_Raven, 108.White_necked_Raven/White_Necked_Raven_0042_797356.jpg:108.White_necked_Raven -> 108.White_necked_Raven, 122.Harris_Sparrow/Harris_Sparrow_0083_116588.jpg:122.Harris_Sparrow -> 108.White_necked_Raven, 108.White_necked_Raven/White_Necked_Raven_0051_797383.jpg:108.White_necked_Raven -> 108.White_necked_Raven, 108.White_necked_Raven/White_Necked_Raven_0064_797378.jpg:108.White_necked_Raven -> 108.White_necked_Raven, 108.White_necked_Raven/White_Necked_Raven_0011_797367.jpg:108.White_necked_Raven -> 108.White_necked_Raven, 
172.Nashville_Warbler/Nashville_Warbler_0020_167198.jpg:172.Nashville_Warbler -> 109.American_Redstart, 102.Western_Wood_Pewee/Western_Wood_Pewee_0050_98241.jpg:102.Western_Wood_Pewee -> 109.American_Redstart, 156.White_eyed_Vireo/White_Eyed_Vireo_0066_159477.jpg:156.White_eyed_Vireo -> 109.American_Redstart, 109.American_Redstart/American_Redstart_0044_103433.jpg:109.American_Redstart -> 181.Worm_eating_Warbler, 109.American_Redstart/American_Redstart_0066_102774.jpg:109.American_Redstart -> 163.Cape_May_Warbler, 109.American_Redstart/American_Redstart_0077_104042.jpg:109.American_Redstart -> 109.American_Redstart, 
110.Geococcyx/Geococcyx_0086_104755.jpg:110.Geococcyx -> 110.Geococcyx, 110.Geococcyx/Geococcyx_0096_104369.jpg:110.Geococcyx -> 110.Geococcyx, 178.Swainson_Warbler/Swainson_Warbler_0043_794865.jpg:178.Swainson_Warbler -> 110.Geococcyx, 110.Geococcyx/Geococcyx_0108_104350.jpg:110.Geococcyx -> 110.Geococcyx, 110.Geococcyx/Geococcyx_0105_104239.jpg:110.Geococcyx -> 172.Nashville_Warbler, 110.Geococcyx/Geococcyx_0110_104163.jpg:110.Geococcyx -> 110.Geococcyx, 
111.Loggerhead_Shrike/Loggerhead_Shrike_0033_105686.jpg:111.Loggerhead_Shrike -> 111.Loggerhead_Shrike, 114.Black_throated_Sparrow/Black_Throated_Sparrow_0046_107339.jpg:114.Black_throated_Sparrow -> 111.Loggerhead_Shrike, 138.Tree_Swallow/Tree_Swallow_0017_135062.jpg:138.Tree_Swallow -> 111.Loggerhead_Shrike, 111.Loggerhead_Shrike/Loggerhead_Shrike_0088_105663.jpg:111.Loggerhead_Shrike -> 114.Black_throated_Sparrow, 111.Loggerhead_Shrike/Loggerhead_Shrike_0084_105919.jpg:111.Loggerhead_Shrike -> 111.Loggerhead_Shrike, 111.Loggerhead_Shrike/Loggerhead_Shrike_0125_105594.jpg:111.Loggerhead_Shrike -> 111.Loggerhead_Shrike, 
160.Black_throated_Blue_Warbler/Black_Throated_Blue_Warbler_0110_161726.jpg:160.Black_throated_Blue_Warbler -> 112.Great_Grey_Shrike, 112.Great_Grey_Shrike/Great_Grey_Shrike_0025_106622.jpg:112.Great_Grey_Shrike -> 112.Great_Grey_Shrike, 112.Great_Grey_Shrike/Great_Grey_Shrike_0004_797041.jpg:112.Great_Grey_Shrike -> 112.Great_Grey_Shrike, 112.Great_Grey_Shrike/Great_Grey_Shrike_0032_797021.jpg:112.Great_Grey_Shrike -> 112.Great_Grey_Shrike, 112.Great_Grey_Shrike/Great_Grey_Shrike_0082_106650.jpg:112.Great_Grey_Shrike -> 164.Cerulean_Warbler, 112.Great_Grey_Shrike/Great_Grey_Shrike_0010_797023.jpg:112.Great_Grey_Shrike -> 153.Philadelphia_Vireo, 
148.Green_tailed_Towhee/Green_Tailed_Towhee_0036_154875.jpg:148.Green_tailed_Towhee -> 113.Baird_Sparrow, 129.Song_Sparrow/Song_Sparrow_0118_121905.jpg:129.Song_Sparrow -> 113.Baird_Sparrow, 120.Fox_Sparrow/Fox_Sparrow_0053_114780.jpg:120.Fox_Sparrow -> 113.Baird_Sparrow, 113.Baird_Sparrow/Baird_Sparrow_0030_794569.jpg:113.Baird_Sparrow -> 197.Marsh_Wren, 113.Baird_Sparrow/Baird_Sparrow_0023_794559.jpg:113.Baird_Sparrow -> 127.Savannah_Sparrow, 113.Baird_Sparrow/Baird_Sparrow_0022_794570.jpg:113.Baird_Sparrow -> 150.Sage_Thrasher, 
150.Sage_Thrasher/Sage_Thrasher_0104_155529.jpg:150.Sage_Thrasher -> 114.Black_throated_Sparrow, 150.Sage_Thrasher/Sage_Thrasher_0070_155732.jpg:150.Sage_Thrasher -> 114.Black_throated_Sparrow, 114.Black_throated_Sparrow/Black_Throated_Sparrow_0078_107298.jpg:114.Black_throated_Sparrow -> 114.Black_throated_Sparrow, 114.Black_throated_Sparrow/Black_Throated_Sparrow_0001_107233.jpg:114.Black_throated_Sparrow -> 192.Downy_Woodpecker, 114.Black_throated_Sparrow/Black_Throated_Sparrow_0059_107060.jpg:114.Black_throated_Sparrow -> 188.Pileated_Woodpecker, 114.Black_throated_Sparrow/Black_Throated_Sparrow_0007_106999.jpg:114.Black_throated_Sparrow -> 155.Warbling_Vireo, 
184.Louisiana_Waterthrush/Louisiana_Waterthrush_0073_177558.jpg:184.Louisiana_Waterthrush -> 115.Brewer_Sparrow, 194.Cactus_Wren/Cactus_Wren_0079_185560.jpg:194.Cactus_Wren -> 115.Brewer_Sparrow, 123.Henslow_Sparrow/Henslow_Sparrow_0021_116931.jpg:123.Henslow_Sparrow -> 115.Brewer_Sparrow, 115.Brewer_Sparrow/Brewer_Sparrow_0011_796708.jpg:115.Brewer_Sparrow -> 132.White_crowned_Sparrow, 115.Brewer_Sparrow/Brewer_Sparrow_0006_107463.jpg:115.Brewer_Sparrow -> 182.Yellow_Warbler, 115.Brewer_Sparrow/Brewer_Sparrow_0003_107459.jpg:115.Brewer_Sparrow -> 148.Green_tailed_Towhee, 
116.Chipping_Sparrow/Chipping_Sparrow_0071_108735.jpg:116.Chipping_Sparrow -> 116.Chipping_Sparrow, 116.Chipping_Sparrow/Chipping_Sparrow_0098_108644.jpg:116.Chipping_Sparrow -> 116.Chipping_Sparrow, 116.Chipping_Sparrow/Chipping_Sparrow_0098_108644.jpg:116.Chipping_Sparrow -> 116.Chipping_Sparrow, 116.Chipping_Sparrow/Chipping_Sparrow_0017_107552.jpg:116.Chipping_Sparrow -> 126.Nelson_Sharp_tailed_Sparrow, 116.Chipping_Sparrow/Chipping_Sparrow_0018_108295.jpg:116.Chipping_Sparrow -> 114.Black_throated_Sparrow, 116.Chipping_Sparrow/Chipping_Sparrow_0064_108204.jpg:116.Chipping_Sparrow -> 103.Sayornis, 
131.Vesper_Sparrow/Vesper_Sparrow_0028_118217.jpg:131.Vesper_Sparrow -> 117.Clay_colored_Sparrow, 119.Field_Sparrow/Field_Sparrow_0022_113838.jpg:119.Field_Sparrow -> 117.Clay_colored_Sparrow, 113.Baird_Sparrow/Baird_Sparrow_0010_794575.jpg:113.Baird_Sparrow -> 117.Clay_colored_Sparrow, 117.Clay_colored_Sparrow/Clay_Colored_Sparrow_0034_797252.jpg:117.Clay_colored_Sparrow -> 122.Harris_Sparrow, 117.Clay_colored_Sparrow/Clay_Colored_Sparrow_0041_110726.jpg:117.Clay_colored_Sparrow -> 128.Seaside_Sparrow, 117.Clay_colored_Sparrow/Clay_Colored_Sparrow_0031_110769.jpg:117.Clay_colored_Sparrow -> 126.Nelson_Sharp_tailed_Sparrow, 
172.Nashville_Warbler/Nashville_Warbler_0041_167534.jpg:172.Nashville_Warbler -> 118.House_Sparrow, 198.Rock_Wren/Rock_Wren_0059_188941.jpg:198.Rock_Wren -> 118.House_Sparrow, 148.Green_tailed_Towhee/Green_Tailed_Towhee_0109_797440.jpg:148.Green_tailed_Towhee -> 118.House_Sparrow, 118.House_Sparrow/House_Sparrow_0004_111989.jpg:118.House_Sparrow -> 119.Field_Sparrow, 118.House_Sparrow/House_Sparrow_0128_110971.jpg:118.House_Sparrow -> 118.House_Sparrow, 118.House_Sparrow/House_Sparrow_0137_111219.jpg:118.House_Sparrow -> 103.Sayornis, 
119.Field_Sparrow/Field_Sparrow_0008_113459.jpg:119.Field_Sparrow -> 119.Field_Sparrow, 115.Brewer_Sparrow/Brewer_Sparrow_0056_107458.jpg:115.Brewer_Sparrow -> 119.Field_Sparrow, 129.Song_Sparrow/Song_Sparrow_0034_121255.jpg:129.Song_Sparrow -> 119.Field_Sparrow, 119.Field_Sparrow/Field_Sparrow_0099_113872.jpg:119.Field_Sparrow -> 112.Great_Grey_Shrike, 119.Field_Sparrow/Field_Sparrow_0071_113747.jpg:119.Field_Sparrow -> 149.Brown_Thrasher, 119.Field_Sparrow/Field_Sparrow_0048_113387.jpg:119.Field_Sparrow -> 120.Fox_Sparrow, 
120.Fox_Sparrow/Fox_Sparrow_0077_114944.jpg:120.Fox_Sparrow -> 120.Fox_Sparrow, 173.Orange_crowned_Warbler/Orange_Crowned_Warbler_0009_168228.jpg:173.Orange_crowned_Warbler -> 120.Fox_Sparrow, 125.Lincoln_Sparrow/Lincoln_Sparrow_0052_117521.jpg:125.Lincoln_Sparrow -> 120.Fox_Sparrow, 120.Fox_Sparrow/Fox_Sparrow_0077_114944.jpg:120.Fox_Sparrow -> 120.Fox_Sparrow, 120.Fox_Sparrow/Fox_Sparrow_0125_114557.jpg:120.Fox_Sparrow -> 113.Baird_Sparrow, 120.Fox_Sparrow/Fox_Sparrow_0078_114582.jpg:120.Fox_Sparrow -> 153.Philadelphia_Vireo, 
131.Vesper_Sparrow/Vesper_Sparrow_0004_125787.jpg:131.Vesper_Sparrow -> 121.Grasshopper_Sparrow, 183.Northern_Waterthrush/Northern_Waterthrush_0024_177293.jpg:183.Northern_Waterthrush -> 121.Grasshopper_Sparrow, 105.Whip_poor_Will/Whip_Poor_Will_0031_100397.jpg:105.Whip_poor_Will -> 121.Grasshopper_Sparrow, 121.Grasshopper_Sparrow/Grasshopper_Sparrow_0102_116101.jpg:121.Grasshopper_Sparrow -> 173.Orange_crowned_Warbler, 121.Grasshopper_Sparrow/Grasshopper_Sparrow_0109_115750.jpg:121.Grasshopper_Sparrow -> 113.Baird_Sparrow, 121.Grasshopper_Sparrow/Grasshopper_Sparrow_0012_115849.jpg:121.Grasshopper_Sparrow -> 104.American_Pipit, 
102.Western_Wood_Pewee/Western_Wood_Pewee_0031_795038.jpg:102.Western_Wood_Pewee -> 122.Harris_Sparrow, 170.Mourning_Warbler/Mourning_Warbler_0034_795384.jpg:170.Mourning_Warbler -> 122.Harris_Sparrow, 172.Nashville_Warbler/Nashville_Warbler_0053_167403.jpg:172.Nashville_Warbler -> 122.Harris_Sparrow, 122.Harris_Sparrow/Harris_Sparrow_0010_116376.jpg:122.Harris_Sparrow -> 136.Barn_Swallow, 122.Harris_Sparrow/Harris_Sparrow_0048_116405.jpg:122.Harris_Sparrow -> 128.Seaside_Sparrow, 122.Harris_Sparrow/Harris_Sparrow_0001_116398.jpg:122.Harris_Sparrow -> 182.Yellow_Warbler, 
164.Cerulean_Warbler/Cerulean_Warbler_0063_797204.jpg:164.Cerulean_Warbler -> 123.Henslow_Sparrow, 124.Le_Conte_Sparrow/Le_Conte_Sparrow_0013_795176.jpg:124.Le_Conte_Sparrow -> 123.Henslow_Sparrow, 120.Fox_Sparrow/Fox_Sparrow_0106_114720.jpg:120.Fox_Sparrow -> 123.Henslow_Sparrow, 123.Henslow_Sparrow/Henslow_Sparrow_0070_796571.jpg:123.Henslow_Sparrow -> 149.Brown_Thrasher, 123.Henslow_Sparrow/Henslow_Sparrow_0113_116801.jpg:123.Henslow_Sparrow -> 117.Clay_colored_Sparrow, 123.Henslow_Sparrow/Henslow_Sparrow_0009_796611.jpg:123.Henslow_Sparrow -> 116.Chipping_Sparrow, 
174.Palm_Warbler/Palm_Warbler_0112_169595.jpg:174.Palm_Warbler -> 124.Le_Conte_Sparrow, 116.Chipping_Sparrow/Chipping_Sparrow_0033_109069.jpg:116.Chipping_Sparrow -> 124.Le_Conte_Sparrow, 173.Orange_crowned_Warbler/Orange_Crowned_Warbler_0088_168052.jpg:173.Orange_crowned_Warbler -> 124.Le_Conte_Sparrow, 124.Le_Conte_Sparrow/Le_Conte_Sparrow_0044_117116.jpg:124.Le_Conte_Sparrow -> 149.Brown_Thrasher, 124.Le_Conte_Sparrow/Le_Conte_Sparrow_0046_795227.jpg:124.Le_Conte_Sparrow -> 181.Worm_eating_Warbler, 124.Le_Conte_Sparrow/Le_Conte_Sparrow_0099_795182.jpg:124.Le_Conte_Sparrow -> 183.Northern_Waterthrush, 
128.Seaside_Sparrow/Seaside_Sparrow_0022_120721.jpg:128.Seaside_Sparrow -> 125.Lincoln_Sparrow, 159.Black_and_white_Warbler/Black_And_White_Warbler_0102_160073.jpg:159.Black_and_white_Warbler -> 125.Lincoln_Sparrow, 113.Baird_Sparrow/Baird_Sparrow_0016_794556.jpg:113.Baird_Sparrow -> 125.Lincoln_Sparrow, 125.Lincoln_Sparrow/Lincoln_Sparrow_0045_117547.jpg:125.Lincoln_Sparrow -> 183.Northern_Waterthrush, 125.Lincoln_Sparrow/Lincoln_Sparrow_0116_117372.jpg:125.Lincoln_Sparrow -> 119.Field_Sparrow, 125.Lincoln_Sparrow/Lincoln_Sparrow_0022_117759.jpg:125.Lincoln_Sparrow -> 183.Northern_Waterthrush, 
113.Baird_Sparrow/Baird_Sparrow_0017_794586.jpg:113.Baird_Sparrow -> 126.Nelson_Sharp_tailed_Sparrow, 121.Grasshopper_Sparrow/Grasshopper_Sparrow_0026_115915.jpg:121.Grasshopper_Sparrow -> 126.Nelson_Sharp_tailed_Sparrow, 126.Nelson_Sharp_tailed_Sparrow/Nelson_Sharp_Tailed_Sparrow_0071_796946.jpg:126.Nelson_Sharp_tailed_Sparrow -> 126.Nelson_Sharp_tailed_Sparrow, 126.Nelson_Sharp_tailed_Sparrow/Nelson_Sharp_Tailed_Sparrow_0072_118012.jpg:126.Nelson_Sharp_tailed_Sparrow -> 125.Lincoln_Sparrow, 126.Nelson_Sharp_tailed_Sparrow/Nelson_Sharp_Tailed_Sparrow_0070_796925.jpg:126.Nelson_Sharp_tailed_Sparrow -> 183.Northern_Waterthrush, 126.Nelson_Sharp_tailed_Sparrow/Nelson_Sharp_Tailed_Sparrow_0053_118069.jpg:126.Nelson_Sharp_tailed_Sparrow -> 148.Green_tailed_Towhee, 
125.Lincoln_Sparrow/Lincoln_Sparrow_0032_117747.jpg:125.Lincoln_Sparrow -> 127.Savannah_Sparrow, 125.Lincoln_Sparrow/Lincoln_Sparrow_0026_117754.jpg:125.Lincoln_Sparrow -> 127.Savannah_Sparrow, 127.Savannah_Sparrow/Savannah_Sparrow_0139_119444.jpg:127.Savannah_Sparrow -> 127.Savannah_Sparrow, 127.Savannah_Sparrow/Savannah_Sparrow_0017_119171.jpg:127.Savannah_Sparrow -> 102.Western_Wood_Pewee, 127.Savannah_Sparrow/Savannah_Sparrow_0114_119750.jpg:127.Savannah_Sparrow -> 104.American_Pipit, 127.Savannah_Sparrow/Savannah_Sparrow_0061_119783.jpg:127.Savannah_Sparrow -> 148.Green_tailed_Towhee, 
115.Brewer_Sparrow/Brewer_Sparrow_0039_107431.jpg:115.Brewer_Sparrow -> 128.Seaside_Sparrow, 183.Northern_Waterthrush/Northern_Waterthrush_0050_177331.jpg:183.Northern_Waterthrush -> 128.Seaside_Sparrow, 131.Vesper_Sparrow/Vesper_Sparrow_0037_125648.jpg:131.Vesper_Sparrow -> 128.Seaside_Sparrow, 128.Seaside_Sparrow/Seaside_Sparrow_0008_796538.jpg:128.Seaside_Sparrow -> 167.Hooded_Warbler, 128.Seaside_Sparrow/Seaside_Sparrow_0059_120794.jpg:128.Seaside_Sparrow -> 149.Brown_Thrasher, 128.Seaside_Sparrow/Seaside_Sparrow_0034_796521.jpg:128.Seaside_Sparrow -> 155.Warbling_Vireo, 
193.Bewick_Wren/Bewick_Wren_0113_185113.jpg:193.Bewick_Wren -> 129.Song_Sparrow, 148.Green_tailed_Towhee/Green_Tailed_Towhee_0077_797443.jpg:148.Green_tailed_Towhee -> 129.Song_Sparrow, 148.Green_tailed_Towhee/Green_Tailed_Towhee_0077_797443.jpg:148.Green_tailed_Towhee -> 129.Song_Sparrow, 129.Song_Sparrow/Song_Sparrow_0042_121314.jpg:129.Song_Sparrow -> 150.Sage_Thrasher, 129.Song_Sparrow/Song_Sparrow_0015_122081.jpg:129.Song_Sparrow -> 168.Kentucky_Warbler, 129.Song_Sparrow/Song_Sparrow_0077_121196.jpg:129.Song_Sparrow -> 122.Harris_Sparrow, 
129.Song_Sparrow/Song_Sparrow_0038_121666.jpg:129.Song_Sparrow -> 130.Tree_Sparrow, 116.Chipping_Sparrow/Chipping_Sparrow_0001_108638.jpg:116.Chipping_Sparrow -> 130.Tree_Sparrow, 130.Tree_Sparrow/Tree_Sparrow_0113_123613.jpg:130.Tree_Sparrow -> 130.Tree_Sparrow, 130.Tree_Sparrow/Tree_Sparrow_0035_123211.jpg:130.Tree_Sparrow -> 131.Vesper_Sparrow, 130.Tree_Sparrow/Tree_Sparrow_0018_123574.jpg:130.Tree_Sparrow -> 130.Tree_Sparrow, 130.Tree_Sparrow/Tree_Sparrow_0123_125324.jpg:130.Tree_Sparrow -> 182.Yellow_Warbler, 
115.Brewer_Sparrow/Brewer_Sparrow_0049_796705.jpg:115.Brewer_Sparrow -> 131.Vesper_Sparrow, 198.Rock_Wren/Rock_Wren_0036_189245.jpg:198.Rock_Wren -> 131.Vesper_Sparrow, 115.Brewer_Sparrow/Brewer_Sparrow_0007_796700.jpg:115.Brewer_Sparrow -> 131.Vesper_Sparrow, 131.Vesper_Sparrow/Vesper_Sparrow_0028_118217.jpg:131.Vesper_Sparrow -> 117.Clay_colored_Sparrow, 131.Vesper_Sparrow/Vesper_Sparrow_0005_125440.jpg:131.Vesper_Sparrow -> 104.American_Pipit, 131.Vesper_Sparrow/Vesper_Sparrow_0002_125454.jpg:131.Vesper_Sparrow -> 123.Henslow_Sparrow, 
130.Tree_Sparrow/Tree_Sparrow_0074_124408.jpg:130.Tree_Sparrow -> 132.White_crowned_Sparrow, 132.White_crowned_Sparrow/White_Crowned_Sparrow_0119_126932.jpg:132.White_crowned_Sparrow -> 132.White_crowned_Sparrow, 115.Brewer_Sparrow/Brewer_Sparrow_0019_107452.jpg:115.Brewer_Sparrow -> 132.White_crowned_Sparrow, 132.White_crowned_Sparrow/White_Crowned_Sparrow_0033_127728.jpg:132.White_crowned_Sparrow -> 132.White_crowned_Sparrow, 132.White_crowned_Sparrow/White_Crowned_Sparrow_0072_127080.jpg:132.White_crowned_Sparrow -> 132.White_crowned_Sparrow, 132.White_crowned_Sparrow/White_Crowned_Sparrow_0093_126531.jpg:132.White_crowned_Sparrow -> 110.Geococcyx, 
133.White_throated_Sparrow/White_Throated_Sparrow_0112_129101.jpg:133.White_throated_Sparrow -> 133.White_throated_Sparrow, 129.Song_Sparrow/Song_Sparrow_0108_121327.jpg:129.Song_Sparrow -> 133.White_throated_Sparrow, 193.Bewick_Wren/Bewick_Wren_0025_184932.jpg:193.Bewick_Wren -> 133.White_throated_Sparrow, 133.White_throated_Sparrow/White_Throated_Sparrow_0007_128918.jpg:133.White_throated_Sparrow -> 179.Tennessee_Warbler, 133.White_throated_Sparrow/White_Throated_Sparrow_0061_128902.jpg:133.White_throated_Sparrow -> 119.Field_Sparrow, 133.White_throated_Sparrow/White_Throated_Sparrow_0028_129118.jpg:133.White_throated_Sparrow -> 124.Le_Conte_Sparrow, 
134.Cape_Glossy_Starling/Cape_Glossy_Starling_0017_129337.jpg:134.Cape_Glossy_Starling -> 134.Cape_Glossy_Starling, 138.Tree_Swallow/Tree_Swallow_0082_135006.jpg:138.Tree_Swallow -> 134.Cape_Glossy_Starling, 184.Louisiana_Waterthrush/Louisiana_Waterthrush_0023_795269.jpg:184.Louisiana_Waterthrush -> 134.Cape_Glossy_Starling, 134.Cape_Glossy_Starling/Cape_Glossy_Starling_0039_129469.jpg:134.Cape_Glossy_Starling -> 134.Cape_Glossy_Starling, 134.Cape_Glossy_Starling/Cape_Glossy_Starling_0074_129294.jpg:134.Cape_Glossy_Starling -> 134.Cape_Glossy_Starling, 134.Cape_Glossy_Starling/Cape_Glossy_Starling_0082_129216.jpg:134.Cape_Glossy_Starling -> 119.Field_Sparrow, 
146.Forsters_Tern/Forsters_Tern_0027_151456.jpg:146.Forsters_Tern -> 135.Bank_Swallow, 146.Forsters_Tern/Forsters_Tern_0027_151456.jpg:146.Forsters_Tern -> 135.Bank_Swallow, 146.Forsters_Tern/Forsters_Tern_0027_151456.jpg:146.Forsters_Tern -> 135.Bank_Swallow, 135.Bank_Swallow/Bank_Swallow_0062_129548.jpg:135.Bank_Swallow -> 142.Black_Tern, 135.Bank_Swallow/Bank_Swallow_0054_129743.jpg:135.Bank_Swallow -> 135.Bank_Swallow, 135.Bank_Swallow/Bank_Swallow_0001_129516.jpg:135.Bank_Swallow -> 118.House_Sparrow, 
179.Tennessee_Warbler/Tennessee_Warbler_0022_174799.jpg:179.Tennessee_Warbler -> 136.Barn_Swallow, 180.Wilson_Warbler/Wilson_Warbler_0083_175253.jpg:180.Wilson_Warbler -> 136.Barn_Swallow, 122.Harris_Sparrow/Harris_Sparrow_0075_116404.jpg:122.Harris_Sparrow -> 136.Barn_Swallow, 136.Barn_Swallow/Barn_Swallow_0002_130551.jpg:136.Barn_Swallow -> 162.Canada_Warbler, 136.Barn_Swallow/Barn_Swallow_0014_130403.jpg:136.Barn_Swallow -> 136.Barn_Swallow, 136.Barn_Swallow/Barn_Swallow_0045_130244.jpg:136.Barn_Swallow -> 188.Pileated_Woodpecker, 
175.Pine_Warbler/Pine_Warbler_0104_171668.jpg:175.Pine_Warbler -> 137.Cliff_Swallow, 108.White_necked_Raven/White_Necked_Raven_0053_797360.jpg:108.White_necked_Raven -> 137.Cliff_Swallow, 193.Bewick_Wren/Bewick_Wren_0005_184699.jpg:193.Bewick_Wren -> 137.Cliff_Swallow, 137.Cliff_Swallow/Cliff_Swallow_0087_133294.jpg:137.Cliff_Swallow -> 169.Magnolia_Warbler, 137.Cliff_Swallow/Cliff_Swallow_0055_133624.jpg:137.Cliff_Swallow -> 137.Cliff_Swallow, 137.Cliff_Swallow/Cliff_Swallow_0015_133176.jpg:137.Cliff_Swallow -> 137.Cliff_Swallow, 
136.Barn_Swallow/Barn_Swallow_0093_130121.jpg:136.Barn_Swallow -> 138.Tree_Swallow, 114.Black_throated_Sparrow/Black_Throated_Sparrow_0057_107036.jpg:114.Black_throated_Sparrow -> 138.Tree_Swallow, 138.Tree_Swallow/Tree_Swallow_0100_137493.jpg:138.Tree_Swallow -> 138.Tree_Swallow, 138.Tree_Swallow/Tree_Swallow_0008_135352.jpg:138.Tree_Swallow -> 138.Tree_Swallow, 138.Tree_Swallow/Tree_Swallow_0082_135006.jpg:138.Tree_Swallow -> 134.Cape_Glossy_Starling, 138.Tree_Swallow/Tree_Swallow_0102_135061.jpg:138.Tree_Swallow -> 138.Tree_Swallow, 
186.Cedar_Waxwing/Cedar_Waxwing_0030_178202.jpg:186.Cedar_Waxwing -> 139.Scarlet_Tanager, 185.Bohemian_Waxwing/Bohemian_Waxwing_0001_796680.jpg:185.Bohemian_Waxwing -> 139.Scarlet_Tanager, 162.Canada_Warbler/Canada_Warbler_0076_162393.jpg:162.Canada_Warbler -> 139.Scarlet_Tanager, 139.Scarlet_Tanager/Scarlet_Tanager_0092_138688.jpg:139.Scarlet_Tanager -> 140.Summer_Tanager, 139.Scarlet_Tanager/Scarlet_Tanager_0132_138001.jpg:139.Scarlet_Tanager -> 140.Summer_Tanager, 139.Scarlet_Tanager/Scarlet_Tanager_0040_137885.jpg:139.Scarlet_Tanager -> 139.Scarlet_Tanager, 
109.American_Redstart/American_Redstart_0078_103268.jpg:109.American_Redstart -> 140.Summer_Tanager, 139.Scarlet_Tanager/Scarlet_Tanager_0053_138940.jpg:139.Scarlet_Tanager -> 140.Summer_Tanager, 174.Palm_Warbler/Palm_Warbler_0056_168740.jpg:174.Palm_Warbler -> 140.Summer_Tanager, 140.Summer_Tanager/Summer_Tanager_0106_139801.jpg:140.Summer_Tanager -> 140.Summer_Tanager, 140.Summer_Tanager/Summer_Tanager_0038_139371.jpg:140.Summer_Tanager -> 109.American_Redstart, 140.Summer_Tanager/Summer_Tanager_0080_140110.jpg:140.Summer_Tanager -> 140.Summer_Tanager, 
141.Artic_Tern/Artic_Tern_0138_142527.jpg:141.Artic_Tern -> 141.Artic_Tern, 144.Common_Tern/Common_Tern_0077_149196.jpg:144.Common_Tern -> 141.Artic_Tern, 106.Horned_Puffin/Horned_Puffin_0069_101018.jpg:106.Horned_Puffin -> 141.Artic_Tern, 141.Artic_Tern/Artic_Tern_0101_141075.jpg:141.Artic_Tern -> 106.Horned_Puffin, 141.Artic_Tern/Artic_Tern_0021_143477.jpg:141.Artic_Tern -> 106.Horned_Puffin, 141.Artic_Tern/Artic_Tern_0014_141716.jpg:141.Artic_Tern -> 142.Black_Tern, 
142.Black_Tern/Black_Tern_0077_144117.jpg:142.Black_Tern -> 142.Black_Tern, 145.Elegant_Tern/Elegant_Tern_0046_150905.jpg:145.Elegant_Tern -> 142.Black_Tern, 143.Caspian_Tern/Caspian_Tern_0029_147589.jpg:143.Caspian_Tern -> 142.Black_Tern, 142.Black_Tern/Black_Tern_0089_144174.jpg:142.Black_Tern -> 142.Black_Tern, 142.Black_Tern/Black_Tern_0010_144341.jpg:142.Black_Tern -> 145.Elegant_Tern, 142.Black_Tern/Black_Tern_0025_144503.jpg:142.Black_Tern -> 106.Horned_Puffin, 
187.American_Three_toed_Woodpecker/American_Three_Toed_Woodpecker_0049_796191.jpg:187.American_Three_toed_Woodpecker -> 143.Caspian_Tern, 146.Forsters_Tern/Forsters_Tern_0034_152667.jpg:146.Forsters_Tern -> 143.Caspian_Tern, 146.Forsters_Tern/Forsters_Tern_0049_151631.jpg:146.Forsters_Tern -> 143.Caspian_Tern, 143.Caspian_Tern/Caspian_Tern_0062_145981.jpg:143.Caspian_Tern -> 145.Elegant_Tern, 143.Caspian_Tern/Caspian_Tern_0059_145582.jpg:143.Caspian_Tern -> 143.Caspian_Tern, 143.Caspian_Tern/Caspian_Tern_0048_145672.jpg:143.Caspian_Tern -> 106.Horned_Puffin, 
145.Elegant_Tern/Elegant_Tern_0073_150925.jpg:145.Elegant_Tern -> 144.Common_Tern, 145.Elegant_Tern/Elegant_Tern_0073_150925.jpg:145.Elegant_Tern -> 144.Common_Tern, 144.Common_Tern/Common_Tern_0057_149749.jpg:144.Common_Tern -> 144.Common_Tern, 144.Common_Tern/Common_Tern_0055_149486.jpg:144.Common_Tern -> 143.Caspian_Tern, 144.Common_Tern/Common_Tern_0033_148675.jpg:144.Common_Tern -> 141.Artic_Tern, 144.Common_Tern/Common_Tern_0004_148977.jpg:144.Common_Tern -> 147.Least_Tern, 
146.Forsters_Tern/Forsters_Tern_0126_151257.jpg:146.Forsters_Tern -> 145.Elegant_Tern, 146.Forsters_Tern/Forsters_Tern_0116_151688.jpg:146.Forsters_Tern -> 145.Elegant_Tern, 146.Forsters_Tern/Forsters_Tern_0071_152142.jpg:146.Forsters_Tern -> 145.Elegant_Tern, 145.Elegant_Tern/Elegant_Tern_0009_150954.jpg:145.Elegant_Tern -> 143.Caspian_Tern, 145.Elegant_Tern/Elegant_Tern_0070_147548.jpg:145.Elegant_Tern -> 143.Caspian_Tern, 145.Elegant_Tern/Elegant_Tern_0046_150905.jpg:145.Elegant_Tern -> 142.Black_Tern, 
146.Forsters_Tern/Forsters_Tern_0016_152463.jpg:146.Forsters_Tern -> 147.Least_Tern, 146.Forsters_Tern/Forsters_Tern_0034_152667.jpg:146.Forsters_Tern -> 143.Caspian_Tern, 146.Forsters_Tern/Forsters_Tern_0089_152372.jpg:146.Forsters_Tern -> 163.Cape_May_Warbler, 146.Forsters_Tern/Forsters_Tern_0086_152738.jpg:146.Forsters_Tern -> 145.Elegant_Tern, 146.Forsters_Tern/Forsters_Tern_0091_151895.jpg:146.Forsters_Tern -> 101.White_Pelican, 146.Forsters_Tern/Forsters_Tern_0041_149586.jpg:146.Forsters_Tern -> 144.Common_Tern, 
147.Least_Tern/Least_Tern_0100_153461.jpg:147.Least_Tern -> 147.Least_Tern, 147.Least_Tern/Least_Tern_0075_153691.jpg:147.Least_Tern -> 147.Least_Tern, 141.Artic_Tern/Artic_Tern_0083_141579.jpg:141.Artic_Tern -> 147.Least_Tern, 147.Least_Tern/Least_Tern_0128_153732.jpg:147.Least_Tern -> 145.Elegant_Tern, 147.Least_Tern/Least_Tern_0037_153637.jpg:147.Least_Tern -> 106.Horned_Puffin, 147.Least_Tern/Least_Tern_0034_153963.jpg:147.Least_Tern -> 145.Elegant_Tern, 
167.Hooded_Warbler/Hooded_Warbler_0101_164806.jpg:167.Hooded_Warbler -> 148.Green_tailed_Towhee, 150.Sage_Thrasher/Sage_Thrasher_0003_155479.jpg:150.Sage_Thrasher -> 148.Green_tailed_Towhee, 115.Brewer_Sparrow/Brewer_Sparrow_0047_107428.jpg:115.Brewer_Sparrow -> 148.Green_tailed_Towhee, 148.Green_tailed_Towhee/Green_Tailed_Towhee_0039_154802.jpg:148.Green_tailed_Towhee -> 130.Tree_Sparrow, 148.Green_tailed_Towhee/Green_Tailed_Towhee_0012_797435.jpg:148.Green_tailed_Towhee -> 140.Summer_Tanager, 148.Green_tailed_Towhee/Green_Tailed_Towhee_0044_154934.jpg:148.Green_tailed_Towhee -> 163.Cape_May_Warbler, 
195.Carolina_Wren/Carolina_Wren_0083_186324.jpg:195.Carolina_Wren -> 149.Brown_Thrasher, 128.Seaside_Sparrow/Seaside_Sparrow_0012_120732.jpg:128.Seaside_Sparrow -> 149.Brown_Thrasher, 178.Swainson_Warbler/Swainson_Warbler_0038_794882.jpg:178.Swainson_Warbler -> 149.Brown_Thrasher, 149.Brown_Thrasher/Brown_Thrasher_0015_155165.jpg:149.Brown_Thrasher -> 109.American_Redstart, 149.Brown_Thrasher/Brown_Thrasher_0052_155254.jpg:149.Brown_Thrasher -> 103.Sayornis, 149.Brown_Thrasher/Brown_Thrasher_0105_155187.jpg:149.Brown_Thrasher -> 167.Hooded_Warbler, 
150.Sage_Thrasher/Sage_Thrasher_0024_796463.jpg:150.Sage_Thrasher -> 150.Sage_Thrasher, 129.Song_Sparrow/Song_Sparrow_0110_120872.jpg:129.Song_Sparrow -> 150.Sage_Thrasher, 102.Western_Wood_Pewee/Western_Wood_Pewee_0001_98045.jpg:102.Western_Wood_Pewee -> 150.Sage_Thrasher, 150.Sage_Thrasher/Sage_Thrasher_0036_796444.jpg:150.Sage_Thrasher -> 104.American_Pipit, 150.Sage_Thrasher/Sage_Thrasher_0064_155531.jpg:150.Sage_Thrasher -> 153.Philadelphia_Vireo, 150.Sage_Thrasher/Sage_Thrasher_0009_155463.jpg:150.Sage_Thrasher -> 164.Cerulean_Warbler, 
192.Downy_Woodpecker/Downy_Woodpecker_0073_184430.jpg:192.Downy_Woodpecker -> 151.Black_capped_Vireo, 151.Black_capped_Vireo/Black_Capped_Vireo_0006_797491.jpg:151.Black_capped_Vireo -> 151.Black_capped_Vireo, 160.Black_throated_Blue_Warbler/Black_Throated_Blue_Warbler_0001_161189.jpg:160.Black_throated_Blue_Warbler -> 151.Black_capped_Vireo, 151.Black_capped_Vireo/Black_Capped_Vireo_0047_155743.jpg:151.Black_capped_Vireo -> 130.Tree_Sparrow, 151.Black_capped_Vireo/Black_Capped_Vireo_0030_155861.jpg:151.Black_capped_Vireo -> 155.Warbling_Vireo, 151.Black_capped_Vireo/Black_Capped_Vireo_0051_797456.jpg:151.Black_capped_Vireo -> 104.American_Pipit, 
200.Common_Yellowthroat/Common_Yellowthroat_0029_190403.jpg:200.Common_Yellowthroat -> 152.Blue_headed_Vireo, 185.Bohemian_Waxwing/Bohemian_Waxwing_0013_796660.jpg:185.Bohemian_Waxwing -> 152.Blue_headed_Vireo, 153.Philadelphia_Vireo/Philadelphia_Vireo_0001_156554.jpg:153.Philadelphia_Vireo -> 152.Blue_headed_Vireo, 152.Blue_headed_Vireo/Blue_Headed_Vireo_0009_155953.jpg:152.Blue_headed_Vireo -> 160.Black_throated_Blue_Warbler, 152.Blue_headed_Vireo/Blue_Headed_Vireo_0012_156434.jpg:152.Blue_headed_Vireo -> 151.Black_capped_Vireo, 152.Blue_headed_Vireo/Blue_Headed_Vireo_0079_156086.jpg:152.Blue_headed_Vireo -> 103.Sayornis, 
185.Bohemian_Waxwing/Bohemian_Waxwing_0030_177635.jpg:185.Bohemian_Waxwing -> 153.Philadelphia_Vireo, 155.Warbling_Vireo/Warbling_Vireo_0081_158344.jpg:155.Warbling_Vireo -> 153.Philadelphia_Vireo, 153.Philadelphia_Vireo/Philadelphia_Vireo_0067_156584.jpg:153.Philadelphia_Vireo -> 153.Philadelphia_Vireo, 153.Philadelphia_Vireo/Philadelphia_Vireo_0046_794798.jpg:153.Philadelphia_Vireo -> 173.Orange_crowned_Warbler, 153.Philadelphia_Vireo/Philadelphia_Vireo_0062_794777.jpg:153.Philadelphia_Vireo -> 103.Sayornis, 153.Philadelphia_Vireo/Philadelphia_Vireo_0055_156575.jpg:153.Philadelphia_Vireo -> 153.Philadelphia_Vireo, 
172.Nashville_Warbler/Nashville_Warbler_0115_167039.jpg:172.Nashville_Warbler -> 154.Red_eyed_Vireo, 167.Hooded_Warbler/Hooded_Warbler_0068_164872.jpg:167.Hooded_Warbler -> 154.Red_eyed_Vireo, 125.Lincoln_Sparrow/Lincoln_Sparrow_0088_117634.jpg:125.Lincoln_Sparrow -> 154.Red_eyed_Vireo, 154.Red_eyed_Vireo/Red_Eyed_Vireo_0016_156971.jpg:154.Red_eyed_Vireo -> 180.Wilson_Warbler, 154.Red_eyed_Vireo/Red_Eyed_Vireo_0138_156798.jpg:154.Red_eyed_Vireo -> 155.Warbling_Vireo, 154.Red_eyed_Vireo/Red_Eyed_Vireo_0056_156968.jpg:154.Red_eyed_Vireo -> 179.Tennessee_Warbler, 
164.Cerulean_Warbler/Cerulean_Warbler_0035_163269.jpg:164.Cerulean_Warbler -> 155.Warbling_Vireo, 185.Bohemian_Waxwing/Bohemian_Waxwing_0006_796651.jpg:185.Bohemian_Waxwing -> 155.Warbling_Vireo, 152.Blue_headed_Vireo/Blue_Headed_Vireo_0017_156063.jpg:152.Blue_headed_Vireo -> 155.Warbling_Vireo, 155.Warbling_Vireo/Warbling_Vireo_0054_158321.jpg:155.Warbling_Vireo -> 155.Warbling_Vireo, 155.Warbling_Vireo/Warbling_Vireo_0054_158321.jpg:155.Warbling_Vireo -> 155.Warbling_Vireo, 155.Warbling_Vireo/Warbling_Vireo_0006_158467.jpg:155.Warbling_Vireo -> 155.Warbling_Vireo, 
165.Chestnut_sided_Warbler/Chestnut_Sided_Warbler_0087_164221.jpg:165.Chestnut_sided_Warbler -> 156.White_eyed_Vireo, 153.Philadelphia_Vireo/Philadelphia_Vireo_0039_794794.jpg:153.Philadelphia_Vireo -> 156.White_eyed_Vireo, 115.Brewer_Sparrow/Brewer_Sparrow_0042_796721.jpg:115.Brewer_Sparrow -> 156.White_eyed_Vireo, 156.White_eyed_Vireo/White_Eyed_Vireo_0090_158958.jpg:156.White_eyed_Vireo -> 181.Worm_eating_Warbler, 156.White_eyed_Vireo/White_Eyed_Vireo_0051_159033.jpg:156.White_eyed_Vireo -> 173.Orange_crowned_Warbler, 156.White_eyed_Vireo/White_Eyed_Vireo_0080_159087.jpg:156.White_eyed_Vireo -> 171.Myrtle_Warbler, 
157.Yellow_throated_Vireo/Yellow_Throated_Vireo_0070_159602.jpg:157.Yellow_throated_Vireo -> 195.Carolina_Wren, 157.Yellow_throated_Vireo/Yellow_Throated_Vireo_0076_794984.jpg:157.Yellow_throated_Vireo -> 175.Pine_Warbler, 157.Yellow_throated_Vireo/Yellow_Throated_Vireo_0085_159580.jpg:157.Yellow_throated_Vireo -> 114.Black_throated_Sparrow, 157.Yellow_throated_Vireo/Yellow_Throated_Vireo_0026_159686.jpg:157.Yellow_throated_Vireo -> 167.Hooded_Warbler, 157.Yellow_throated_Vireo/Yellow_Throated_Vireo_0078_159694.jpg:157.Yellow_throated_Vireo -> 175.Pine_Warbler, 157.Yellow_throated_Vireo/Yellow_Throated_Vireo_0010_795000.jpg:157.Yellow_throated_Vireo -> 167.Hooded_Warbler, 
157.Yellow_throated_Vireo/Yellow_Throated_Vireo_0032_159632.jpg:157.Yellow_throated_Vireo -> 158.Bay_breasted_Warbler, 176.Prairie_Warbler/Prairie_Warbler_0125_172536.jpg:176.Prairie_Warbler -> 158.Bay_breasted_Warbler, 153.Philadelphia_Vireo/Philadelphia_Vireo_0022_156546.jpg:153.Philadelphia_Vireo -> 158.Bay_breasted_Warbler, 158.Bay_breasted_Warbler/Bay_Breasted_Warbler_0055_159740.jpg:158.Bay_breasted_Warbler -> 148.Green_tailed_Towhee, 158.Bay_breasted_Warbler/Bay_Breasted_Warbler_0016_797134.jpg:158.Bay_breasted_Warbler -> 119.Field_Sparrow, 158.Bay_breasted_Warbler/Bay_Breasted_Warbler_0020_159737.jpg:158.Bay_breasted_Warbler -> 162.Canada_Warbler, 
159.Black_and_white_Warbler/Black_And_White_Warbler_0085_160110.jpg:159.Black_and_white_Warbler -> 195.Carolina_Wren, 159.Black_and_white_Warbler/Black_And_White_Warbler_0002_160376.jpg:159.Black_and_white_Warbler -> 180.Wilson_Warbler, 159.Black_and_white_Warbler/Black_And_White_Warbler_0018_160438.jpg:159.Black_and_white_Warbler -> 190.Red_cockaded_Woodpecker, 159.Black_and_white_Warbler/Black_And_White_Warbler_0048_160287.jpg:159.Black_and_white_Warbler -> 183.Northern_Waterthrush, 159.Black_and_white_Warbler/Black_And_White_Warbler_0060_160764.jpg:159.Black_and_white_Warbler -> 115.Brewer_Sparrow, 159.Black_and_white_Warbler/Black_And_White_Warbler_0076_160173.jpg:159.Black_and_white_Warbler -> 149.Brown_Thrasher, 
185.Bohemian_Waxwing/Bohemian_Waxwing_0002_177986.jpg:185.Bohemian_Waxwing -> 160.Black_throated_Blue_Warbler, 183.Northern_Waterthrush/Northern_Waterthrush_0033_177214.jpg:183.Northern_Waterthrush -> 160.Black_throated_Blue_Warbler, 120.Fox_Sparrow/Fox_Sparrow_0062_115056.jpg:120.Fox_Sparrow -> 160.Black_throated_Blue_Warbler, 160.Black_throated_Blue_Warbler/Black_Throated_Blue_Warbler_0004_161404.jpg:160.Black_throated_Blue_Warbler -> 164.Cerulean_Warbler, 160.Black_throated_Blue_Warbler/Black_Throated_Blue_Warbler_0009_161534.jpg:160.Black_throated_Blue_Warbler -> 170.Mourning_Warbler, 160.Black_throated_Blue_Warbler/Black_Throated_Blue_Warbler_0036_161517.jpg:160.Black_throated_Blue_Warbler -> 153.Philadelphia_Vireo, 
189.Red_bellied_Woodpecker/Red_Bellied_Woodpecker_0057_182154.jpg:189.Red_bellied_Woodpecker -> 161.Blue_winged_Warbler, 175.Pine_Warbler/Pine_Warbler_0050_159442.jpg:175.Pine_Warbler -> 161.Blue_winged_Warbler, 185.Bohemian_Waxwing/Bohemian_Waxwing_0062_796683.jpg:185.Bohemian_Waxwing -> 161.Blue_winged_Warbler, 161.Blue_winged_Warbler/Blue_Winged_Warbler_0060_161888.jpg:161.Blue_winged_Warbler -> 139.Scarlet_Tanager, 161.Blue_winged_Warbler/Blue_Winged_Warbler_0028_161787.jpg:161.Blue_winged_Warbler -> 177.Prothonotary_Warbler, 161.Blue_winged_Warbler/Blue_Winged_Warbler_0036_161758.jpg:161.Blue_winged_Warbler -> 180.Wilson_Warbler, 
200.Common_Yellowthroat/Common_Yellowthroat_0037_190698.jpg:200.Common_Yellowthroat -> 162.Canada_Warbler, 180.Wilson_Warbler/Wilson_Warbler_0054_175285.jpg:180.Wilson_Warbler -> 162.Canada_Warbler, 162.Canada_Warbler/Canada_Warbler_0042_162448.jpg:162.Canada_Warbler -> 162.Canada_Warbler, 162.Canada_Warbler/Canada_Warbler_0048_162326.jpg:162.Canada_Warbler -> 162.Canada_Warbler, 162.Canada_Warbler/Canada_Warbler_0021_162325.jpg:162.Canada_Warbler -> 164.Cerulean_Warbler, 162.Canada_Warbler/Canada_Warbler_0047_162439.jpg:162.Canada_Warbler -> 118.House_Sparrow, 
172.Nashville_Warbler/Nashville_Warbler_0120_167149.jpg:172.Nashville_Warbler -> 163.Cape_May_Warbler, 179.Tennessee_Warbler/Tennessee_Warbler_0019_174786.jpg:179.Tennessee_Warbler -> 163.Cape_May_Warbler, 163.Cape_May_Warbler/Cape_May_Warbler_0100_162923.jpg:163.Cape_May_Warbler -> 163.Cape_May_Warbler, 163.Cape_May_Warbler/Cape_May_Warbler_0005_163197.jpg:163.Cape_May_Warbler -> 167.Hooded_Warbler, 163.Cape_May_Warbler/Cape_May_Warbler_0033_162657.jpg:163.Cape_May_Warbler -> 170.Mourning_Warbler, 163.Cape_May_Warbler/Cape_May_Warbler_0046_163167.jpg:163.Cape_May_Warbler -> 149.Brown_Thrasher, 
138.Tree_Swallow/Tree_Swallow_0056_135079.jpg:138.Tree_Swallow -> 164.Cerulean_Warbler, 165.Chestnut_sided_Warbler/Chestnut_Sided_Warbler_0036_163622.jpg:165.Chestnut_sided_Warbler -> 164.Cerulean_Warbler, 156.White_eyed_Vireo/White_Eyed_Vireo_0071_159072.jpg:156.White_eyed_Vireo -> 164.Cerulean_Warbler, 164.Cerulean_Warbler/Cerulean_Warbler_0076_163294.jpg:164.Cerulean_Warbler -> 130.Tree_Sparrow, 164.Cerulean_Warbler/Cerulean_Warbler_0057_163227.jpg:164.Cerulean_Warbler -> 160.Black_throated_Blue_Warbler, 164.Cerulean_Warbler/Cerulean_Warbler_0038_797230.jpg:164.Cerulean_Warbler -> 103.Sayornis, 
165.Chestnut_sided_Warbler/Chestnut_Sided_Warbler_0117_164066.jpg:165.Chestnut_sided_Warbler -> 165.Chestnut_sided_Warbler, 171.Myrtle_Warbler/Myrtle_Warbler_0087_166783.jpg:171.Myrtle_Warbler -> 165.Chestnut_sided_Warbler, 165.Chestnut_sided_Warbler/Chestnut_Sided_Warbler_0044_163975.jpg:165.Chestnut_sided_Warbler -> 165.Chestnut_sided_Warbler, 165.Chestnut_sided_Warbler/Chestnut_Sided_Warbler_0030_163847.jpg:165.Chestnut_sided_Warbler -> 166.Golden_winged_Warbler, 165.Chestnut_sided_Warbler/Chestnut_Sided_Warbler_0087_164221.jpg:165.Chestnut_sided_Warbler -> 156.White_eyed_Vireo, 165.Chestnut_sided_Warbler/Chestnut_Sided_Warbler_0004_164279.jpg:165.Chestnut_sided_Warbler -> 165.Chestnut_sided_Warbler, 
186.Cedar_Waxwing/Cedar_Waxwing_0033_178737.jpg:186.Cedar_Waxwing -> 166.Golden_winged_Warbler, 166.Golden_winged_Warbler/Golden_Winged_Warbler_0075_794848.jpg:166.Golden_winged_Warbler -> 166.Golden_winged_Warbler, 170.Mourning_Warbler/Mourning_Warbler_0041_795358.jpg:170.Mourning_Warbler -> 166.Golden_winged_Warbler, 166.Golden_winged_Warbler/Golden_Winged_Warbler_0013_794837.jpg:166.Golden_winged_Warbler -> 104.American_Pipit, 166.Golden_winged_Warbler/Golden_Winged_Warbler_0056_794845.jpg:166.Golden_winged_Warbler -> 167.Hooded_Warbler, 166.Golden_winged_Warbler/Golden_Winged_Warbler_0032_794849.jpg:166.Golden_winged_Warbler -> 156.White_eyed_Vireo, 
166.Golden_winged_Warbler/Golden_Winged_Warbler_0056_794845.jpg:166.Golden_winged_Warbler -> 167.Hooded_Warbler, 174.Palm_Warbler/Palm_Warbler_0089_168968.jpg:174.Palm_Warbler -> 167.Hooded_Warbler, 121.Grasshopper_Sparrow/Grasshopper_Sparrow_0069_116332.jpg:121.Grasshopper_Sparrow -> 167.Hooded_Warbler, 167.Hooded_Warbler/Hooded_Warbler_0011_164801.jpg:167.Hooded_Warbler -> 109.American_Redstart, 167.Hooded_Warbler/Hooded_Warbler_0053_164631.jpg:167.Hooded_Warbler -> 139.Scarlet_Tanager, 167.Hooded_Warbler/Hooded_Warbler_0089_164640.jpg:167.Hooded_Warbler -> 175.Pine_Warbler, 
109.American_Redstart/American_Redstart_0085_103155.jpg:109.American_Redstart -> 168.Kentucky_Warbler, 149.Brown_Thrasher/Brown_Thrasher_0046_155154.jpg:149.Brown_Thrasher -> 168.Kentucky_Warbler, 168.Kentucky_Warbler/Kentucky_Warbler_0058_165441.jpg:168.Kentucky_Warbler -> 168.Kentucky_Warbler, 168.Kentucky_Warbler/Kentucky_Warbler_0015_795867.jpg:168.Kentucky_Warbler -> 168.Kentucky_Warbler, 168.Kentucky_Warbler/Kentucky_Warbler_0027_795917.jpg:168.Kentucky_Warbler -> 181.Worm_eating_Warbler, 168.Kentucky_Warbler/Kentucky_Warbler_0071_165342.jpg:168.Kentucky_Warbler -> 151.Black_capped_Vireo, 
185.Bohemian_Waxwing/Bohemian_Waxwing_0121_796658.jpg:185.Bohemian_Waxwing -> 169.Magnolia_Warbler, 169.Magnolia_Warbler/Magnolia_Warbler_0077_165674.jpg:169.Magnolia_Warbler -> 169.Magnolia_Warbler, 181.Worm_eating_Warbler/Worm_Eating_Warbler_0015_795570.jpg:181.Worm_eating_Warbler -> 169.Magnolia_Warbler, 169.Magnolia_Warbler/Magnolia_Warbler_0053_165682.jpg:169.Magnolia_Warbler -> 182.Yellow_Warbler, 169.Magnolia_Warbler/Magnolia_Warbler_0034_166097.jpg:169.Magnolia_Warbler -> 162.Canada_Warbler, 169.Magnolia_Warbler/Magnolia_Warbler_0004_165535.jpg:169.Magnolia_Warbler -> 113.Baird_Sparrow, 
172.Nashville_Warbler/Nashville_Warbler_0004_167146.jpg:172.Nashville_Warbler -> 170.Mourning_Warbler, 149.Brown_Thrasher/Brown_Thrasher_0009_155221.jpg:149.Brown_Thrasher -> 170.Mourning_Warbler, 170.Mourning_Warbler/Mourning_Warbler_0045_166575.jpg:170.Mourning_Warbler -> 170.Mourning_Warbler, 170.Mourning_Warbler/Mourning_Warbler_0033_166489.jpg:170.Mourning_Warbler -> 158.Bay_breasted_Warbler, 170.Mourning_Warbler/Mourning_Warbler_0012_166515.jpg:170.Mourning_Warbler -> 170.Mourning_Warbler, 170.Mourning_Warbler/Mourning_Warbler_0060_795355.jpg:170.Mourning_Warbler -> 162.Canada_Warbler, 
170.Mourning_Warbler/Mourning_Warbler_0078_795377.jpg:170.Mourning_Warbler -> 171.Myrtle_Warbler, 162.Canada_Warbler/Canada_Warbler_0005_162389.jpg:162.Canada_Warbler -> 171.Myrtle_Warbler, 104.American_Pipit/American_Pipit_0089_100260.jpg:104.American_Pipit -> 171.Myrtle_Warbler, 171.Myrtle_Warbler/Myrtle_Warbler_0088_166639.jpg:171.Myrtle_Warbler -> 155.Warbling_Vireo, 171.Myrtle_Warbler/Myrtle_Warbler_0084_166747.jpg:171.Myrtle_Warbler -> 169.Magnolia_Warbler, 171.Myrtle_Warbler/Myrtle_Warbler_0088_166639.jpg:171.Myrtle_Warbler -> 155.Warbling_Vireo, 
161.Blue_winged_Warbler/Blue_Winged_Warbler_0041_161802.jpg:161.Blue_winged_Warbler -> 172.Nashville_Warbler, 170.Mourning_Warbler/Mourning_Warbler_0006_166595.jpg:170.Mourning_Warbler -> 172.Nashville_Warbler, 126.Nelson_Sharp_tailed_Sparrow/Nelson_Sharp_Tailed_Sparrow_0049_118033.jpg:126.Nelson_Sharp_tailed_Sparrow -> 172.Nashville_Warbler, 172.Nashville_Warbler/Nashville_Warbler_0105_167452.jpg:172.Nashville_Warbler -> 149.Brown_Thrasher, 172.Nashville_Warbler/Nashville_Warbler_0018_167191.jpg:172.Nashville_Warbler -> 173.Orange_crowned_Warbler, 172.Nashville_Warbler/Nashville_Warbler_0076_167389.jpg:172.Nashville_Warbler -> 182.Yellow_Warbler, 
173.Orange_crowned_Warbler/Orange_Crowned_Warbler_0057_168424.jpg:173.Orange_crowned_Warbler -> 173.Orange_crowned_Warbler, 171.Myrtle_Warbler/Myrtle_Warbler_0089_166896.jpg:171.Myrtle_Warbler -> 173.Orange_crowned_Warbler, 132.White_crowned_Sparrow/White_Crowned_Sparrow_0001_127115.jpg:132.White_crowned_Sparrow -> 173.Orange_crowned_Warbler, 173.Orange_crowned_Warbler/Orange_Crowned_Warbler_0009_168228.jpg:173.Orange_crowned_Warbler -> 120.Fox_Sparrow, 173.Orange_crowned_Warbler/Orange_Crowned_Warbler_0088_168052.jpg:173.Orange_crowned_Warbler -> 124.Le_Conte_Sparrow, 173.Orange_crowned_Warbler/Orange_Crowned_Warbler_0067_167588.jpg:173.Orange_crowned_Warbler -> 116.Chipping_Sparrow, 
174.Palm_Warbler/Palm_Warbler_0055_170219.jpg:174.Palm_Warbler -> 120.Fox_Sparrow, 174.Palm_Warbler/Palm_Warbler_0012_170857.jpg:174.Palm_Warbler -> 130.Tree_Sparrow, 174.Palm_Warbler/Palm_Warbler_0086_169676.jpg:174.Palm_Warbler -> 123.Henslow_Sparrow, 174.Palm_Warbler/Palm_Warbler_0004_168786.jpg:174.Palm_Warbler -> 182.Yellow_Warbler, 174.Palm_Warbler/Palm_Warbler_0003_170474.jpg:174.Palm_Warbler -> 122.Harris_Sparrow, 174.Palm_Warbler/Palm_Warbler_0067_169318.jpg:174.Palm_Warbler -> 118.House_Sparrow, 
140.Summer_Tanager/Summer_Tanager_0052_139804.jpg:140.Summer_Tanager -> 175.Pine_Warbler, 175.Pine_Warbler/Pine_Warbler_0022_172197.jpg:175.Pine_Warbler -> 175.Pine_Warbler, 182.Yellow_Warbler/Yellow_Warbler_0035_176360.jpg:182.Yellow_Warbler -> 175.Pine_Warbler, 175.Pine_Warbler/Pine_Warbler_0007_171523.jpg:175.Pine_Warbler -> 130.Tree_Sparrow, 175.Pine_Warbler/Pine_Warbler_0103_171922.jpg:175.Pine_Warbler -> 175.Pine_Warbler, 175.Pine_Warbler/Pine_Warbler_0083_171117.jpg:175.Pine_Warbler -> 163.Cape_May_Warbler, 
176.Prairie_Warbler/Prairie_Warbler_0007_173081.jpg:176.Prairie_Warbler -> 176.Prairie_Warbler, 176.Prairie_Warbler/Prairie_Warbler_0007_173081.jpg:176.Prairie_Warbler -> 176.Prairie_Warbler, 197.Marsh_Wren/Marsh_Wren_0044_188270.jpg:197.Marsh_Wren -> 176.Prairie_Warbler, 176.Prairie_Warbler/Prairie_Warbler_0051_172585.jpg:176.Prairie_Warbler -> 109.American_Redstart, 176.Prairie_Warbler/Prairie_Warbler_0079_172735.jpg:176.Prairie_Warbler -> 170.Mourning_Warbler, 176.Prairie_Warbler/Prairie_Warbler_0082_172783.jpg:176.Prairie_Warbler -> 115.Brewer_Sparrow, 
139.Scarlet_Tanager/Scarlet_Tanager_0097_137717.jpg:139.Scarlet_Tanager -> 177.Prothonotary_Warbler, 139.Scarlet_Tanager/Scarlet_Tanager_0090_137703.jpg:139.Scarlet_Tanager -> 177.Prothonotary_Warbler, 157.Yellow_throated_Vireo/Yellow_Throated_Vireo_0050_794979.jpg:157.Yellow_throated_Vireo -> 177.Prothonotary_Warbler, 177.Prothonotary_Warbler/Prothonotary_Warbler_0098_173913.jpg:177.Prothonotary_Warbler -> 175.Pine_Warbler, 177.Prothonotary_Warbler/Prothonotary_Warbler_0090_174183.jpg:177.Prothonotary_Warbler -> 153.Philadelphia_Vireo, 177.Prothonotary_Warbler/Prothonotary_Warbler_0059_173434.jpg:177.Prothonotary_Warbler -> 167.Hooded_Warbler, 
133.White_throated_Sparrow/White_Throated_Sparrow_0132_128833.jpg:133.White_throated_Sparrow -> 178.Swainson_Warbler, 162.Canada_Warbler/Canada_Warbler_0122_162219.jpg:162.Canada_Warbler -> 178.Swainson_Warbler, 160.Black_throated_Blue_Warbler/Black_Throated_Blue_Warbler_0086_161716.jpg:160.Black_throated_Blue_Warbler -> 178.Swainson_Warbler, 178.Swainson_Warbler/Swainson_Warbler_0023_174717.jpg:178.Swainson_Warbler -> 179.Tennessee_Warbler, 178.Swainson_Warbler/Swainson_Warbler_0055_794899.jpg:178.Swainson_Warbler -> 178.Swainson_Warbler, 178.Swainson_Warbler/Swainson_Warbler_0034_794890.jpg:178.Swainson_Warbler -> 137.Cliff_Swallow, 
169.Magnolia_Warbler/Magnolia_Warbler_0102_165884.jpg:169.Magnolia_Warbler -> 179.Tennessee_Warbler, 196.House_Wren/House_Wren_0072_187899.jpg:196.House_Wren -> 179.Tennessee_Warbler, 152.Blue_headed_Vireo/Blue_Headed_Vireo_0020_155994.jpg:152.Blue_headed_Vireo -> 179.Tennessee_Warbler, 179.Tennessee_Warbler/Tennessee_Warbler_0100_175168.jpg:179.Tennessee_Warbler -> 179.Tennessee_Warbler, 179.Tennessee_Warbler/Tennessee_Warbler_0054_174914.jpg:179.Tennessee_Warbler -> 164.Cerulean_Warbler, 179.Tennessee_Warbler/Tennessee_Warbler_0088_175163.jpg:179.Tennessee_Warbler -> 150.Sage_Thrasher, 
153.Philadelphia_Vireo/Philadelphia_Vireo_0003_156565.jpg:153.Philadelphia_Vireo -> 180.Wilson_Warbler, 139.Scarlet_Tanager/Scarlet_Tanager_0012_138410.jpg:139.Scarlet_Tanager -> 180.Wilson_Warbler, 156.White_eyed_Vireo/White_Eyed_Vireo_0134_158889.jpg:156.White_eyed_Vireo -> 180.Wilson_Warbler, 180.Wilson_Warbler/Wilson_Warbler_0114_175295.jpg:180.Wilson_Warbler -> 180.Wilson_Warbler, 180.Wilson_Warbler/Wilson_Warbler_0102_175769.jpg:180.Wilson_Warbler -> 167.Hooded_Warbler, 180.Wilson_Warbler/Wilson_Warbler_0045_175623.jpg:180.Wilson_Warbler -> 180.Wilson_Warbler, 
119.Field_Sparrow/Field_Sparrow_0105_113822.jpg:119.Field_Sparrow -> 181.Worm_eating_Warbler, 178.Swainson_Warbler/Swainson_Warbler_0028_794896.jpg:178.Swainson_Warbler -> 181.Worm_eating_Warbler, 104.American_Pipit/American_Pipit_0015_99932.jpg:104.American_Pipit -> 181.Worm_eating_Warbler, 181.Worm_eating_Warbler/Worm_Eating_Warbler_0015_795570.jpg:181.Worm_eating_Warbler -> 169.Magnolia_Warbler, 181.Worm_eating_Warbler/Worm_Eating_Warbler_0062_795568.jpg:181.Worm_eating_Warbler -> 115.Brewer_Sparrow, 181.Worm_eating_Warbler/Worm_Eating_Warbler_0042_795571.jpg:181.Worm_eating_Warbler -> 181.Worm_eating_Warbler, 
179.Tennessee_Warbler/Tennessee_Warbler_0042_175092.jpg:179.Tennessee_Warbler -> 182.Yellow_Warbler, 163.Cape_May_Warbler/Cape_May_Warbler_0032_162659.jpg:163.Cape_May_Warbler -> 182.Yellow_Warbler, 173.Orange_crowned_Warbler/Orange_Crowned_Warbler_0081_167647.jpg:173.Orange_crowned_Warbler -> 182.Yellow_Warbler, 182.Yellow_Warbler/Yellow_Warbler_0095_176202.jpg:182.Yellow_Warbler -> 167.Hooded_Warbler, 182.Yellow_Warbler/Yellow_Warbler_0097_176538.jpg:182.Yellow_Warbler -> 162.Canada_Warbler, 182.Yellow_Warbler/Yellow_Warbler_0088_176336.jpg:182.Yellow_Warbler -> 140.Summer_Tanager, 
133.White_throated_Sparrow/White_Throated_Sparrow_0030_129076.jpg:133.White_throated_Sparrow -> 183.Northern_Waterthrush, 105.Whip_poor_Will/Whip_Poor_Will_0025_796434.jpg:105.Whip_poor_Will -> 183.Northern_Waterthrush, 125.Lincoln_Sparrow/Lincoln_Sparrow_0022_117759.jpg:125.Lincoln_Sparrow -> 183.Northern_Waterthrush, 183.Northern_Waterthrush/Northern_Waterthrush_0036_177274.jpg:183.Northern_Waterthrush -> 183.Northern_Waterthrush, 183.Northern_Waterthrush/Northern_Waterthrush_0068_177273.jpg:183.Northern_Waterthrush -> 197.Marsh_Wren, 183.Northern_Waterthrush/Northern_Waterthrush_0020_177149.jpg:183.Northern_Waterthrush -> 103.Sayornis, 
183.Northern_Waterthrush/Northern_Waterthrush_0104_177137.jpg:183.Northern_Waterthrush -> 184.Louisiana_Waterthrush, 184.Louisiana_Waterthrush/Louisiana_Waterthrush_0060_177583.jpg:184.Louisiana_Waterthrush -> 184.Louisiana_Waterthrush, 184.Louisiana_Waterthrush/Louisiana_Waterthrush_0054_176977.jpg:184.Louisiana_Waterthrush -> 184.Louisiana_Waterthrush, 184.Louisiana_Waterthrush/Louisiana_Waterthrush_0001_795271.jpg:184.Louisiana_Waterthrush -> 196.House_Wren, 184.Louisiana_Waterthrush/Louisiana_Waterthrush_0023_795269.jpg:184.Louisiana_Waterthrush -> 134.Cape_Glossy_Starling, 184.Louisiana_Waterthrush/Louisiana_Waterthrush_0047_177523.jpg:184.Louisiana_Waterthrush -> 183.Northern_Waterthrush, 
189.Red_bellied_Woodpecker/Red_Bellied_Woodpecker_0044_181122.jpg:189.Red_bellied_Woodpecker -> 185.Bohemian_Waxwing, 186.Cedar_Waxwing/Cedar_Waxwing_0016_178629.jpg:186.Cedar_Waxwing -> 185.Bohemian_Waxwing, 186.Cedar_Waxwing/Cedar_Waxwing_0006_179394.jpg:186.Cedar_Waxwing -> 185.Bohemian_Waxwing, 185.Bohemian_Waxwing/Bohemian_Waxwing_0006_796651.jpg:185.Bohemian_Waxwing -> 155.Warbling_Vireo, 185.Bohemian_Waxwing/Bohemian_Waxwing_0114_177621.jpg:185.Bohemian_Waxwing -> 190.Red_cockaded_Woodpecker, 185.Bohemian_Waxwing/Bohemian_Waxwing_0022_177642.jpg:185.Bohemian_Waxwing -> 111.Loggerhead_Shrike, 
126.Nelson_Sharp_tailed_Sparrow/Nelson_Sharp_Tailed_Sparrow_0061_796907.jpg:126.Nelson_Sharp_tailed_Sparrow -> 186.Cedar_Waxwing, 157.Yellow_throated_Vireo/Yellow_Throated_Vireo_0031_159712.jpg:157.Yellow_throated_Vireo -> 186.Cedar_Waxwing, 105.Whip_poor_Will/Whip_Poor_Will_0047_796412.jpg:105.Whip_poor_Will -> 186.Cedar_Waxwing, 186.Cedar_Waxwing/Cedar_Waxwing_0013_178830.jpg:186.Cedar_Waxwing -> 156.White_eyed_Vireo, 186.Cedar_Waxwing/Cedar_Waxwing_0070_179007.jpg:186.Cedar_Waxwing -> 161.Blue_winged_Warbler, 186.Cedar_Waxwing/Cedar_Waxwing_0077_178191.jpg:186.Cedar_Waxwing -> 153.Philadelphia_Vireo, 
194.Cactus_Wren/Cactus_Wren_0008_186083.jpg:194.Cactus_Wren -> 187.American_Three_toed_Woodpecker, 192.Downy_Woodpecker/Downy_Woodpecker_0124_184364.jpg:192.Downy_Woodpecker -> 187.American_Three_toed_Woodpecker, 178.Swainson_Warbler/Swainson_Warbler_0029_794883.jpg:178.Swainson_Warbler -> 187.American_Three_toed_Woodpecker, 187.American_Three_toed_Woodpecker/American_Three_Toed_Woodpecker_0041_796150.jpg:187.American_Three_toed_Woodpecker -> 192.Downy_Woodpecker, 187.American_Three_toed_Woodpecker/American_Three_Toed_Woodpecker_0043_796187.jpg:187.American_Three_toed_Woodpecker -> 186.Cedar_Waxwing, 187.American_Three_toed_Woodpecker/American_Three_Toed_Woodpecker_0043_796187.jpg:187.American_Three_toed_Woodpecker -> 186.Cedar_Waxwing, 
188.Pileated_Woodpecker/Pileated_Woodpecker_0075_180480.jpg:188.Pileated_Woodpecker -> 188.Pileated_Woodpecker, 191.Red_headed_Woodpecker/Red_Headed_Woodpecker_0032_182815.jpg:191.Red_headed_Woodpecker -> 188.Pileated_Woodpecker, 188.Pileated_Woodpecker/Pileated_Woodpecker_0075_180480.jpg:188.Pileated_Woodpecker -> 188.Pileated_Woodpecker, 188.Pileated_Woodpecker/Pileated_Woodpecker_0072_180006.jpg:188.Pileated_Woodpecker -> 168.Kentucky_Warbler, 188.Pileated_Woodpecker/Pileated_Woodpecker_0072_180006.jpg:188.Pileated_Woodpecker -> 168.Kentucky_Warbler, 188.Pileated_Woodpecker/Pileated_Woodpecker_0008_180400.jpg:188.Pileated_Woodpecker -> 188.Pileated_Woodpecker, 
189.Red_bellied_Woodpecker/Red_Bellied_Woodpecker_0068_180949.jpg:189.Red_bellied_Woodpecker -> 189.Red_bellied_Woodpecker, 167.Hooded_Warbler/Hooded_Warbler_0096_164739.jpg:167.Hooded_Warbler -> 189.Red_bellied_Woodpecker, 189.Red_bellied_Woodpecker/Red_Bellied_Woodpecker_0056_180946.jpg:189.Red_bellied_Woodpecker -> 189.Red_bellied_Woodpecker, 189.Red_bellied_Woodpecker/Red_Bellied_Woodpecker_0007_182242.jpg:189.Red_bellied_Woodpecker -> 150.Sage_Thrasher, 189.Red_bellied_Woodpecker/Red_Bellied_Woodpecker_0074_180936.jpg:189.Red_bellied_Woodpecker -> 189.Red_bellied_Woodpecker, 189.Red_bellied_Woodpecker/Red_Bellied_Woodpecker_0120_181420.jpg:189.Red_bellied_Woodpecker -> 194.Cactus_Wren, 
190.Red_cockaded_Woodpecker/Red_Cockaded_Woodpecker_0055_182520.jpg:190.Red_cockaded_Woodpecker -> 190.Red_cockaded_Woodpecker, 187.American_Three_toed_Woodpecker/American_Three_Toed_Woodpecker_0039_796168.jpg:187.American_Three_toed_Woodpecker -> 190.Red_cockaded_Woodpecker, 137.Cliff_Swallow/Cliff_Swallow_0036_133168.jpg:137.Cliff_Swallow -> 190.Red_cockaded_Woodpecker, 190.Red_cockaded_Woodpecker/Red_Cockaded_Woodpecker_0035_182435.jpg:190.Red_cockaded_Woodpecker -> 190.Red_cockaded_Woodpecker, 190.Red_cockaded_Woodpecker/Red_Cockaded_Woodpecker_0035_182435.jpg:190.Red_cockaded_Woodpecker -> 190.Red_cockaded_Woodpecker, 190.Red_cockaded_Woodpecker/Red_Cockaded_Woodpecker_0016_182493.jpg:190.Red_cockaded_Woodpecker -> 190.Red_cockaded_Woodpecker, 
134.Cape_Glossy_Starling/Cape_Glossy_Starling_0099_129412.jpg:134.Cape_Glossy_Starling -> 191.Red_headed_Woodpecker, 191.Red_headed_Woodpecker/Red_Headed_Woodpecker_0057_183234.jpg:191.Red_headed_Woodpecker -> 191.Red_headed_Woodpecker, 189.Red_bellied_Woodpecker/Red_Bellied_Woodpecker_0015_182320.jpg:189.Red_bellied_Woodpecker -> 191.Red_headed_Woodpecker, 191.Red_headed_Woodpecker/Red_Headed_Woodpecker_0016_183007.jpg:191.Red_headed_Woodpecker -> 191.Red_headed_Woodpecker, 191.Red_headed_Woodpecker/Red_Headed_Woodpecker_0066_183322.jpg:191.Red_headed_Woodpecker -> 162.Canada_Warbler, 191.Red_headed_Woodpecker/Red_Headed_Woodpecker_0031_183096.jpg:191.Red_headed_Woodpecker -> 185.Bohemian_Waxwing, 
188.Pileated_Woodpecker/Pileated_Woodpecker_0125_179971.jpg:188.Pileated_Woodpecker -> 192.Downy_Woodpecker, 138.Tree_Swallow/Tree_Swallow_0044_135984.jpg:138.Tree_Swallow -> 192.Downy_Woodpecker, 188.Pileated_Woodpecker/Pileated_Woodpecker_0105_180246.jpg:188.Pileated_Woodpecker -> 192.Downy_Woodpecker, 192.Downy_Woodpecker/Downy_Woodpecker_0001_184484.jpg:192.Downy_Woodpecker -> 188.Pileated_Woodpecker, 192.Downy_Woodpecker/Downy_Woodpecker_0120_183926.jpg:192.Downy_Woodpecker -> 192.Downy_Woodpecker, 192.Downy_Woodpecker/Downy_Woodpecker_0044_184170.jpg:192.Downy_Woodpecker -> 188.Pileated_Woodpecker, 
181.Worm_eating_Warbler/Worm_Eating_Warbler_0090_795523.jpg:181.Worm_eating_Warbler -> 193.Bewick_Wren, 159.Black_and_white_Warbler/Black_And_White_Warbler_0078_160365.jpg:159.Black_and_white_Warbler -> 193.Bewick_Wren, 181.Worm_eating_Warbler/Worm_Eating_Warbler_0090_795523.jpg:181.Worm_eating_Warbler -> 193.Bewick_Wren, 193.Bewick_Wren/Bewick_Wren_0139_184839.jpg:193.Bewick_Wren -> 124.Le_Conte_Sparrow, 193.Bewick_Wren/Bewick_Wren_0073_185049.jpg:193.Bewick_Wren -> 121.Grasshopper_Sparrow, 193.Bewick_Wren/Bewick_Wren_0047_184707.jpg:193.Bewick_Wren -> 155.Warbling_Vireo, 
148.Green_tailed_Towhee/Green_Tailed_Towhee_0074_154915.jpg:148.Green_tailed_Towhee -> 194.Cactus_Wren, 128.Seaside_Sparrow/Seaside_Sparrow_0045_120696.jpg:128.Seaside_Sparrow -> 194.Cactus_Wren, 194.Cactus_Wren/Cactus_Wren_0101_185627.jpg:194.Cactus_Wren -> 194.Cactus_Wren, 194.Cactus_Wren/Cactus_Wren_0098_185637.jpg:194.Cactus_Wren -> 194.Cactus_Wren, 194.Cactus_Wren/Cactus_Wren_0089_186023.jpg:194.Cactus_Wren -> 194.Cactus_Wren, 194.Cactus_Wren/Cactus_Wren_0028_185795.jpg:194.Cactus_Wren -> 110.Geococcyx, 
149.Brown_Thrasher/Brown_Thrasher_0020_155223.jpg:149.Brown_Thrasher -> 195.Carolina_Wren, 136.Barn_Swallow/Barn_Swallow_0065_131555.jpg:136.Barn_Swallow -> 195.Carolina_Wren, 137.Cliff_Swallow/Cliff_Swallow_0085_134338.jpg:137.Cliff_Swallow -> 195.Carolina_Wren, 195.Carolina_Wren/Carolina_Wren_0013_187086.jpg:195.Carolina_Wren -> 176.Prairie_Warbler, 195.Carolina_Wren/Carolina_Wren_0078_186570.jpg:195.Carolina_Wren -> 105.Whip_poor_Will, 195.Carolina_Wren/Carolina_Wren_0049_186129.jpg:195.Carolina_Wren -> 195.Carolina_Wren, 
188.Pileated_Woodpecker/Pileated_Woodpecker_0119_180030.jpg:188.Pileated_Woodpecker -> 196.House_Wren, 195.Carolina_Wren/Carolina_Wren_0045_186165.jpg:195.Carolina_Wren -> 196.House_Wren, 188.Pileated_Woodpecker/Pileated_Woodpecker_0119_180030.jpg:188.Pileated_Woodpecker -> 196.House_Wren, 196.House_Wren/House_Wren_0064_187489.jpg:196.House_Wren -> 163.Cape_May_Warbler, 196.House_Wren/House_Wren_0016_188006.jpg:196.House_Wren -> 120.Fox_Sparrow, 196.House_Wren/House_Wren_0107_187230.jpg:196.House_Wren -> 178.Swainson_Warbler, 
122.Harris_Sparrow/Harris_Sparrow_0086_116373.jpg:122.Harris_Sparrow -> 197.Marsh_Wren, 141.Artic_Tern/Artic_Tern_0092_141849.jpg:141.Artic_Tern -> 197.Marsh_Wren, 197.Marsh_Wren/Marsh_Wren_0008_188533.jpg:197.Marsh_Wren -> 197.Marsh_Wren, 197.Marsh_Wren/Marsh_Wren_0055_188123.jpg:197.Marsh_Wren -> 102.Western_Wood_Pewee, 197.Marsh_Wren/Marsh_Wren_0036_188374.jpg:197.Marsh_Wren -> 115.Brewer_Sparrow, 197.Marsh_Wren/Marsh_Wren_0058_188107.jpg:197.Marsh_Wren -> 121.Grasshopper_Sparrow, 
143.Caspian_Tern/Caspian_Tern_0114_145612.jpg:143.Caspian_Tern -> 198.Rock_Wren, 198.Rock_Wren/Rock_Wren_0004_189046.jpg:198.Rock_Wren -> 198.Rock_Wren, 178.Swainson_Warbler/Swainson_Warbler_0042_794895.jpg:178.Swainson_Warbler -> 198.Rock_Wren, 198.Rock_Wren/Rock_Wren_0122_189042.jpg:198.Rock_Wren -> 196.House_Wren, 198.Rock_Wren/Rock_Wren_0109_189094.jpg:198.Rock_Wren -> 142.Black_Tern, 198.Rock_Wren/Rock_Wren_0038_189328.jpg:198.Rock_Wren -> 113.Baird_Sparrow, 
199.Winter_Wren/Winter_Wren_0112_189507.jpg:199.Winter_Wren -> 199.Winter_Wren, 173.Orange_crowned_Warbler/Orange_Crowned_Warbler_0080_167960.jpg:173.Orange_crowned_Warbler -> 199.Winter_Wren, 173.Orange_crowned_Warbler/Orange_Crowned_Warbler_0080_167960.jpg:173.Orange_crowned_Warbler -> 199.Winter_Wren, 199.Winter_Wren/Winter_Wren_0050_189514.jpg:199.Winter_Wren -> 180.Wilson_Warbler, 199.Winter_Wren/Winter_Wren_0056_189508.jpg:199.Winter_Wren -> 172.Nashville_Warbler, 199.Winter_Wren/Winter_Wren_0119_189545.jpg:199.Winter_Wren -> 125.Lincoln_Sparrow, 
200.Common_Yellowthroat/Common_Yellowthroat_0003_190521.jpg:200.Common_Yellowthroat -> 169.Magnolia_Warbler, 200.Common_Yellowthroat/Common_Yellowthroat_0040_190427.jpg:200.Common_Yellowthroat -> 129.Song_Sparrow, 200.Common_Yellowthroat/Common_Yellowthroat_0016_190986.jpg:200.Common_Yellowthroat -> 168.Kentucky_Warbler, 200.Common_Yellowthroat/Common_Yellowthroat_0087_190414.jpg:200.Common_Yellowthroat -> 168.Kentucky_Warbler, 200.Common_Yellowthroat/Common_Yellowthroat_0027_190869.jpg:200.Common_Yellowthroat -> 180.Wilson_Warbler, 200.Common_Yellowthroat/Common_Yellowthroat_0010_190572.jpg:200.Common_Yellowthroat -> 168.Kentucky_Warbler, 
