101.White_Pelican/White_Pelican_0026_95832.jpg:101.White_Pelican -> 101.White_Pelican, 145.Elegant_Tern/Elegant_Tern_0068_150526.jpg:145.Elegant_Tern -> 101.White_Pelican, 101.White_Pelican/White_Pelican_0068_95635.jpg:101.White_Pelican -> 101.White_Pelican, 101.White_Pelican/White_Pelican_0009_97340.jpg:101.White_Pelican -> 101.White_Pelican, 101.White_Pelican/White_Pelican_0046_96888.jpg:101.White_Pelican -> 101.White_Pelican, 101.White_Pelican/White_Pelican_0086_95538.jpg:101.White_Pelican -> 101.White_Pelican, 
160.Black_throated_Blue_Warbler/Black_Throated_Blue_Warbler_0113_161407.jpg:160.Black_throated_Blue_Warbler -> 102.Western_Wood_Pewee, 192.Downy_Woodpecker/Downy_Woodpecker_0037_183968.jpg:192.Downy_Woodpecker -> 102.Western_Wood_Pewee, 171.Myrtle_Warbler/Myrtle_Warbler_0028_166905.jpg:171.Myrtle_Warbler -> 102.Western_Wood_Pewee, 102.Western_Wood_Pewee/Western_Wood_Pewee_0072_98035.jpg:102.Western_Wood_Pewee -> 142.Black_Tern, 102.Western_Wood_Pewee/Western_Wood_Pewee_0072_98035.jpg:102.Western_Wood_Pewee -> 142.Black_Tern, 102.Western_Wood_Pewee/Western_Wood_Pewee_0013_98268.jpg:102.Western_Wood_Pewee -> 102.Western_Wood_Pewee, 
173.Orange_crowned_Warbler/Orange_Crowned_Warbler_0097_168004.jpg:173.Orange_crowned_Warbler -> 103.Sayornis, 175.Pine_Warbler/Pine_Warbler_0005_171548.jpg:175.Pine_Warbler -> 103.Sayornis, 160.Black_throated_Blue_Warbler/Black_Throated_Blue_Warbler_0106_161523.jpg:160.Black_throated_Blue_Warbler -> 103.Sayornis, 103.Sayornis/Sayornis_0019_98636.jpg:103.Sayornis -> 199.Winter_Wren, 103.Sayornis/Sayornis_0133_99129.jpg:103.Sayornis -> 160.Black_throated_Blue_Warbler, 103.Sayornis/Sayornis_0042_98874.jpg:103.Sayornis -> 102.Western_Wood_Pewee, 
104.American_Pipit/American_Pipit_0082_99867.jpg:104.American_Pipit -> 104.American_Pipit, 165.Chestnut_sided_Warbler/Chestnut_Sided_Warbler_0121_164125.jpg:165.Chestnut_sided_Warbler -> 104.American_Pipit, 115.Brewer_Sparrow/Brewer_Sparrow_0004_107496.jpg:115.Brewer_Sparrow -> 104.American_Pipit, 104.American_Pipit/American_Pipit_0022_100227.jpg:104.American_Pipit -> 104.American_Pipit, 104.American_Pipit/American_Pipit_0066_99961.jpg:104.American_Pipit -> 117.Clay_colored_Sparrow, 104.American_Pipit/American_Pipit_0114_100380.jpg:104.American_Pipit -> 104.American_Pipit, 
198.Rock_Wren/Rock_Wren_0073_188952.jpg:198.Rock_Wren -> 105.Whip_poor_Will, 110.Geococcyx/Geococcyx_0024_104243.jpg:110.Geococcyx -> 105.Whip_poor_Will, 105.Whip_poor_Will/Whip_Poor_Will_0008_796420.jpg:105.Whip_poor_Will -> 105.Whip_poor_Will, 105.Whip_poor_Will/Whip_Poor_Will_0021_796426.jpg:105.Whip_poor_Will -> 105.Whip_poor_Will, 105.Whip_poor_Will/Whip_Poor_Will_0047_796412.jpg:105.Whip_poor_Will -> 187.American_Three_toed_Woodpecker, 105.Whip_poor_Will/Whip_Poor_Will_0029_796432.jpg:105.Whip_poor_Will -> 105.Whip_poor_Will, 
143.Caspian_Tern/Caspian_Tern_0111_145995.jpg:143.Caspian_Tern -> 106.Horned_Puffin, 141.Artic_Tern/Artic_Tern_0035_143366.jpg:141.Artic_Tern -> 106.Horned_Puffin, 147.Least_Tern/Least_Tern_0006_153921.jpg:147.Least_Tern -> 106.Horned_Puffin, 106.Horned_Puffin/Horned_Puffin_0010_100771.jpg:106.Horned_Puffin -> 106.Horned_Puffin, 106.Horned_Puffin/Horned_Puffin_0065_100625.jpg:106.Horned_Puffin -> 144.Common_Tern, 106.Horned_Puffin/Horned_Puffin_0016_100993.jpg:106.Horned_Puffin -> 106.Horned_Puffin, 
107.Common_Raven/Common_Raven_0093_102058.jpg:107.Common_Raven -> 107.Common_Raven, 108.White_necked_Raven/White_Necked_Raven_0057_797358.jpg:108.White_necked_Raven -> 107.Common_Raven, 108.White_necked_Raven/White_Necked_Raven_0049_102713.jpg:108.White_necked_Raven -> 107.Common_Raven, 107.Common_Raven/Common_Raven_0010_101390.jpg:107.Common_Raven -> 108.White_necked_Raven, 107.Common_Raven/Common_Raven_0093_102058.jpg:107.Common_Raven -> 107.Common_Raven, 107.Common_Raven/Common_Raven_0082_102306.jpg:107.Common_Raven -> 108.White_necked_Raven, 
107.Common_Raven/Common_Raven_0010_101390.jpg:107.Common_Raven -> 108.White_necked_Raven, 114.Black_throated_Sparrow/Black_Throated_Sparrow_0090_107295.jpg:114.Black_throated_Sparrow -> 108.White_necked_Raven, 108.White_necked_Raven/White_Necked_Raven_0040_797386.jpg:108.White_necked_Raven -> 108.White_necked_Raven, 108.White_necked_Raven/White_Necked_Raven_0049_102713.jpg:108.White_necked_Raven -> 107.Common_Raven, 108.White_necked_Raven/White_Necked_Raven_0058_102729.jpg:108.White_necked_Raven -> 107.Common_Raven, 108.White_necked_Raven/White_Necked_Raven_0025_797346.jpg:108.White_necked_Raven -> 107.Common_Raven, 
157.Yellow_throated_Vireo/Yellow_Throated_Vireo_0007_794972.jpg:157.Yellow_throated_Vireo -> 109.American_Redstart, 109.American_Redstart/American_Redstart_0048_104021.jpg:109.American_Redstart -> 109.American_Redstart, 109.American_Redstart/American_Redstart_0031_102890.jpg:109.American_Redstart -> 109.American_Redstart, 109.American_Redstart/American_Redstart_0013_103677.jpg:109.American_Redstart -> 178.Swainson_Warbler, 109.American_Redstart/American_Redstart_0089_103187.jpg:109.American_Redstart -> 112.Great_Grey_Shrike, 109.American_Redstart/American_Redstart_0038_103278.jpg:109.American_Redstart -> 139.Scarlet_Tanager, 
194.Cactus_Wren/Cactus_Wren_0116_185927.jpg:194.Cactus_Wren -> 110.Geococcyx, 113.Baird_Sparrow/Baird_Sparrow_0041_794582.jpg:113.Baird_Sparrow -> 110.Geococcyx, 183.Northern_Waterthrush/Northern_Waterthrush_0009_177078.jpg:183.Northern_Waterthrush -> 110.Geococcyx, 110.Geococcyx/Geococcyx_0136_104144.jpg:110.Geococcyx -> 142.Black_Tern, 110.Geococcyx/Geococcyx_0084_104574.jpg:110.Geococcyx -> 138.Tree_Swallow, 110.Geococcyx/Geococcyx_0107_104534.jpg:110.Geococcyx -> 106.Horned_Puffin, 
143.Caspian_Tern/Caspian_Tern_0041_144964.jpg:143.Caspian_Tern -> 111.Loggerhead_Shrike, 199.Winter_Wren/Winter_Wren_0128_190093.jpg:199.Winter_Wren -> 111.Loggerhead_Shrike, 131.Vesper_Sparrow/Vesper_Sparrow_0086_125776.jpg:131.Vesper_Sparrow -> 111.Loggerhead_Shrike, 111.Loggerhead_Shrike/Loggerhead_Shrike_0018_26407.jpg:111.Loggerhead_Shrike -> 111.Loggerhead_Shrike, 111.Loggerhead_Shrike/Loggerhead_Shrike_0109_105710.jpg:111.Loggerhead_Shrike -> 111.Loggerhead_Shrike, 111.Loggerhead_Shrike/Loggerhead_Shrike_0064_106225.jpg:111.Loggerhead_Shrike -> 156.White_eyed_Vireo, 
156.White_eyed_Vireo/White_Eyed_Vireo_0102_159420.jpg:156.White_eyed_Vireo -> 112.Great_Grey_Shrike, 112.Great_Grey_Shrike/Great_Grey_Shrike_0049_797025.jpg:112.Great_Grey_Shrike -> 112.Great_Grey_Shrike, 149.Brown_Thrasher/Brown_Thrasher_0001_155380.jpg:149.Brown_Thrasher -> 112.Great_Grey_Shrike, 112.Great_Grey_Shrike/Great_Grey_Shrike_0085_797037.jpg:112.Great_Grey_Shrike -> 111.Loggerhead_Shrike, 112.Great_Grey_Shrike/Great_Grey_Shrike_0080_106850.jpg:112.Great_Grey_Shrike -> 147.Least_Tern, 112.Great_Grey_Shrike/Great_Grey_Shrike_0063_797042.jpg:112.Great_Grey_Shrike -> 111.Loggerhead_Shrike, 
116.Chipping_Sparrow/Chipping_Sparrow_0016_109051.jpg:116.Chipping_Sparrow -> 113.Baird_Sparrow, 102.Western_Wood_Pewee/Western_Wood_Pewee_0069_98299.jpg:102.Western_Wood_Pewee -> 113.Baird_Sparrow, 128.Seaside_Sparrow/Seaside_Sparrow_0026_120798.jpg:128.Seaside_Sparrow -> 113.Baird_Sparrow, 113.Baird_Sparrow/Baird_Sparrow_0045_794571.jpg:113.Baird_Sparrow -> 113.Baird_Sparrow, 113.Baird_Sparrow/Baird_Sparrow_0038_794592.jpg:113.Baird_Sparrow -> 127.Savannah_Sparrow, 113.Baird_Sparrow/Baird_Sparrow_0006_794579.jpg:113.Baird_Sparrow -> 123.Henslow_Sparrow, 
112.Great_Grey_Shrike/Great_Grey_Shrike_0045_797047.jpg:112.Great_Grey_Shrike -> 114.Black_throated_Sparrow, 193.Bewick_Wren/Bewick_Wren_0127_184756.jpg:193.Bewick_Wren -> 114.Black_throated_Sparrow, 131.Vesper_Sparrow/Vesper_Sparrow_0009_125713.jpg:131.Vesper_Sparrow -> 114.Black_throated_Sparrow, 114.Black_throated_Sparrow/Black_Throated_Sparrow_0039_107259.jpg:114.Black_throated_Sparrow -> 103.Sayornis, 114.Black_throated_Sparrow/Black_Throated_Sparrow_0011_107115.jpg:114.Black_throated_Sparrow -> 155.Warbling_Vireo, 114.Black_throated_Sparrow/Black_Throated_Sparrow_0059_107060.jpg:114.Black_throated_Sparrow -> 192.Downy_Woodpecker, 
181.Worm_eating_Warbler/Worm_Eating_Warbler_0026_176096.jpg:181.Worm_eating_Warbler -> 115.Brewer_Sparrow, 120.Fox_Sparrow/Fox_Sparrow_0135_115251.jpg:120.Fox_Sparrow -> 115.Brewer_Sparrow, 117.Clay_colored_Sparrow/Clay_Colored_Sparrow_0022_110518.jpg:117.Clay_colored_Sparrow -> 115.Brewer_Sparrow, 115.Brewer_Sparrow/Brewer_Sparrow_0037_107442.jpg:115.Brewer_Sparrow -> 173.Orange_crowned_Warbler, 115.Brewer_Sparrow/Brewer_Sparrow_0061_107438.jpg:115.Brewer_Sparrow -> 123.Henslow_Sparrow, 115.Brewer_Sparrow/Brewer_Sparrow_0046_796696.jpg:115.Brewer_Sparrow -> 156.White_eyed_Vireo, 
122.Harris_Sparrow/Harris_Sparrow_0085_116534.jpg:122.Harris_Sparrow -> 116.Chipping_Sparrow, 184.Louisiana_Waterthrush/Louisiana_Waterthrush_0026_177503.jpg:184.Louisiana_Waterthrush -> 116.Chipping_Sparrow, 115.Brewer_Sparrow/Brewer_Sparrow_0053_796694.jpg:115.Brewer_Sparrow -> 116.Chipping_Sparrow, 116.Chipping_Sparrow/Chipping_Sparrow_0001_108638.jpg:116.Chipping_Sparrow -> 116.Chipping_Sparrow, 116.Chipping_Sparrow/Chipping_Sparrow_0035_110138.jpg:116.Chipping_Sparrow -> 124.Le_Conte_Sparrow, 116.Chipping_Sparrow/Chipping_Sparrow_0109_108162.jpg:116.Chipping_Sparrow -> 186.Cedar_Waxwing, 
150.Sage_Thrasher/Sage_Thrasher_0019_107436.jpg:150.Sage_Thrasher -> 117.Clay_colored_Sparrow, 163.Cape_May_Warbler/Cape_May_Warbler_0073_162993.jpg:163.Cape_May_Warbler -> 117.Clay_colored_Sparrow, 172.Nashville_Warbler/Nashville_Warbler_0126_167274.jpg:172.Nashville_Warbler -> 117.Clay_colored_Sparrow, 117.Clay_colored_Sparrow/Clay_Colored_Sparrow_0046_110728.jpg:117.Clay_colored_Sparrow -> 123.Henslow_Sparrow, 117.Clay_colored_Sparrow/Clay_Colored_Sparrow_0038_110799.jpg:117.Clay_colored_Sparrow -> 115.Brewer_Sparrow, 117.Clay_colored_Sparrow/Clay_Colored_Sparrow_0056_110848.jpg:117.Clay_colored_Sparrow -> 128.Seaside_Sparrow, 
128.Seaside_Sparrow/Seaside_Sparrow_0001_120720.jpg:128.Seaside_Sparrow -> 118.House_Sparrow, 133.White_throated_Sparrow/White_Throated_Sparrow_0107_129046.jpg:133.White_throated_Sparrow -> 118.House_Sparrow, 128.Seaside_Sparrow/Seaside_Sparrow_0069_120700.jpg:128.Seaside_Sparrow -> 118.House_Sparrow, 118.House_Sparrow/House_Sparrow_0111_112968.jpg:118.House_Sparrow -> 179.Tennessee_Warbler, 118.House_Sparrow/House_Sparrow_0005_111967.jpg:118.House_Sparrow -> 117.Clay_colored_Sparrow, 118.House_Sparrow/House_Sparrow_0125_111130.jpg:118.House_Sparrow -> 118.House_Sparrow, 
174.Palm_Warbler/Palm_Warbler_0040_169922.jpg:174.Palm_Warbler -> 119.Field_Sparrow, 119.Field_Sparrow/Field_Sparrow_0125_113869.jpg:119.Field_Sparrow -> 119.Field_Sparrow, 116.Chipping_Sparrow/Chipping_Sparrow_0032_108882.jpg:116.Chipping_Sparrow -> 119.Field_Sparrow, 119.Field_Sparrow/Field_Sparrow_0127_114087.jpg:119.Field_Sparrow -> 179.Tennessee_Warbler, 119.Field_Sparrow/Field_Sparrow_0123_113847.jpg:119.Field_Sparrow -> 119.Field_Sparrow, 119.Field_Sparrow/Field_Sparrow_0035_113479.jpg:119.Field_Sparrow -> 117.Clay_colored_Sparrow, 
184.Louisiana_Waterthrush/Louisiana_Waterthrush_0062_177285.jpg:184.Louisiana_Waterthrush -> 120.Fox_Sparrow, 184.Louisiana_Waterthrush/Louisiana_Waterthrush_0062_177285.jpg:184.Louisiana_Waterthrush -> 120.Fox_Sparrow, 120.Fox_Sparrow/Fox_Sparrow_0062_115056.jpg:120.Fox_Sparrow -> 120.Fox_Sparrow, 120.Fox_Sparrow/Fox_Sparrow_0054_114541.jpg:120.Fox_Sparrow -> 149.Brown_Thrasher, 120.Fox_Sparrow/Fox_Sparrow_0099_115399.jpg:120.Fox_Sparrow -> 150.Sage_Thrasher, 120.Fox_Sparrow/Fox_Sparrow_0083_114496.jpg:120.Fox_Sparrow -> 149.Brown_Thrasher, 
132.White_crowned_Sparrow/White_Crowned_Sparrow_0109_128529.jpg:132.White_crowned_Sparrow -> 121.Grasshopper_Sparrow, 121.Grasshopper_Sparrow/Grasshopper_Sparrow_0009_115984.jpg:121.Grasshopper_Sparrow -> 121.Grasshopper_Sparrow, 121.Grasshopper_Sparrow/Grasshopper_Sparrow_0015_116352.jpg:121.Grasshopper_Sparrow -> 121.Grasshopper_Sparrow, 121.Grasshopper_Sparrow/Grasshopper_Sparrow_0064_116106.jpg:121.Grasshopper_Sparrow -> 128.Seaside_Sparrow, 121.Grasshopper_Sparrow/Grasshopper_Sparrow_0108_115894.jpg:121.Grasshopper_Sparrow -> 128.Seaside_Sparrow, 121.Grasshopper_Sparrow/Grasshopper_Sparrow_0009_115984.jpg:121.Grasshopper_Sparrow -> 121.Grasshopper_Sparrow, 
159.Black_and_white_Warbler/Black_And_White_Warbler_0051_160603.jpg:159.Black_and_white_Warbler -> 122.Harris_Sparrow, 200.Common_Yellowthroat/Common_Yellowthroat_0090_190503.jpg:200.Common_Yellowthroat -> 122.Harris_Sparrow, 172.Nashville_Warbler/Nashville_Warbler_0060_167347.jpg:172.Nashville_Warbler -> 122.Harris_Sparrow, 122.Harris_Sparrow/Harris_Sparrow_0087_116490.jpg:122.Harris_Sparrow -> 125.Lincoln_Sparrow, 122.Harris_Sparrow/Harris_Sparrow_0057_116374.jpg:122.Harris_Sparrow -> 115.Brewer_Sparrow, 122.Harris_Sparrow/Harris_Sparrow_0006_116364.jpg:122.Harris_Sparrow -> 196.House_Wren, 
125.Lincoln_Sparrow/Lincoln_Sparrow_0069_117812.jpg:125.Lincoln_Sparrow -> 123.Henslow_Sparrow, 129.Song_Sparrow/Song_Sparrow_0029_120989.jpg:129.Song_Sparrow -> 123.Henslow_Sparrow, 125.Lincoln_Sparrow/Lincoln_Sparrow_0010_117263.jpg:125.Lincoln_Sparrow -> 123.Henslow_Sparrow, 123.Henslow_Sparrow/Henslow_Sparrow_0064_796573.jpg:123.Henslow_Sparrow -> 124.Le_Conte_Sparrow, 123.Henslow_Sparrow/Henslow_Sparrow_0041_796572.jpg:123.Henslow_Sparrow -> 123.Henslow_Sparrow, 123.Henslow_Sparrow/Henslow_Sparrow_0010_796600.jpg:123.Henslow_Sparrow -> 104.American_Pipit, 
117.Clay_colored_Sparrow/Clay_Colored_Sparrow_0034_797252.jpg:117.Clay_colored_Sparrow -> 124.Le_Conte_Sparrow, 122.Harris_Sparrow/Harris_Sparrow_0056_116532.jpg:122.Harris_Sparrow -> 124.Le_Conte_Sparrow, 133.White_throated_Sparrow/White_Throated_Sparrow_0031_128808.jpg:133.White_throated_Sparrow -> 124.Le_Conte_Sparrow, 124.Le_Conte_Sparrow/Le_Conte_Sparrow_0067_117146.jpg:124.Le_Conte_Sparrow -> 194.Cactus_Wren, 124.Le_Conte_Sparrow/Le_Conte_Sparrow_0023_795156.jpg:124.Le_Conte_Sparrow -> 175.Pine_Warbler, 124.Le_Conte_Sparrow/Le_Conte_Sparrow_0089_795154.jpg:124.Le_Conte_Sparrow -> 123.Henslow_Sparrow, 
129.Song_Sparrow/Song_Sparrow_0020_121490.jpg:129.Song_Sparrow -> 125.Lincoln_Sparrow, 124.Le_Conte_Sparrow/Le_Conte_Sparrow_0058_795181.jpg:124.Le_Conte_Sparrow -> 125.Lincoln_Sparrow, 119.Field_Sparrow/Field_Sparrow_0101_113762.jpg:119.Field_Sparrow -> 125.Lincoln_Sparrow, 125.Lincoln_Sparrow/Lincoln_Sparrow_0110_117264.jpg:125.Lincoln_Sparrow -> 115.Brewer_Sparrow, 125.Lincoln_Sparrow/Lincoln_Sparrow_0045_117547.jpg:125.Lincoln_Sparrow -> 125.Lincoln_Sparrow, 125.Lincoln_Sparrow/Lincoln_Sparrow_0045_117547.jpg:125.Lincoln_Sparrow -> 125.Lincoln_Sparrow, 
173.Orange_crowned_Warbler/Orange_Crowned_Warbler_0007_167545.jpg:173.Orange_crowned_Warbler -> 126.Nelson_Sharp_tailed_Sparrow, 124.Le_Conte_Sparrow/Le_Conte_Sparrow_0073_117127.jpg:124.Le_Conte_Sparrow -> 126.Nelson_Sharp_tailed_Sparrow, 126.Nelson_Sharp_tailed_Sparrow/Nelson_Sharp_Tailed_Sparrow_0070_796925.jpg:126.Nelson_Sharp_tailed_Sparrow -> 126.Nelson_Sharp_tailed_Sparrow, 126.Nelson_Sharp_tailed_Sparrow/Nelson_Sharp_Tailed_Sparrow_0047_117991.jpg:126.Nelson_Sharp_tailed_Sparrow -> 149.Brown_Thrasher, 126.Nelson_Sharp_tailed_Sparrow/Nelson_Sharp_Tailed_Sparrow_0054_796936.jpg:126.Nelson_Sharp_tailed_Sparrow -> 119.Field_Sparrow, 126.Nelson_Sharp_tailed_Sparrow/Nelson_Sharp_Tailed_Sparrow_0006_796909.jpg:126.Nelson_Sharp_tailed_Sparrow -> 115.Brewer_Sparrow, 
131.Vesper_Sparrow/Vesper_Sparrow_0087_125712.jpg:131.Vesper_Sparrow -> 127.Savannah_Sparrow, 131.Vesper_Sparrow/Vesper_Sparrow_0028_118217.jpg:131.Vesper_Sparrow -> 127.Savannah_Sparrow, 132.White_crowned_Sparrow/White_Crowned_Sparrow_0127_126923.jpg:132.White_crowned_Sparrow -> 127.Savannah_Sparrow, 127.Savannah_Sparrow/Savannah_Sparrow_0005_119735.jpg:127.Savannah_Sparrow -> 127.Savannah_Sparrow, 127.Savannah_Sparrow/Savannah_Sparrow_0080_118120.jpg:127.Savannah_Sparrow -> 115.Brewer_Sparrow, 127.Savannah_Sparrow/Savannah_Sparrow_0028_119982.jpg:127.Savannah_Sparrow -> 127.Savannah_Sparrow, 
199.Winter_Wren/Winter_Wren_0142_190379.jpg:199.Winter_Wren -> 128.Seaside_Sparrow, 194.Cactus_Wren/Cactus_Wren_0042_185514.jpg:194.Cactus_Wren -> 128.Seaside_Sparrow, 128.Seaside_Sparrow/Seaside_Sparrow_0070_796540.jpg:128.Seaside_Sparrow -> 128.Seaside_Sparrow, 128.Seaside_Sparrow/Seaside_Sparrow_0037_796531.jpg:128.Seaside_Sparrow -> 126.Nelson_Sharp_tailed_Sparrow, 128.Seaside_Sparrow/Seaside_Sparrow_0062_796503.jpg:128.Seaside_Sparrow -> 115.Brewer_Sparrow, 128.Seaside_Sparrow/Seaside_Sparrow_0066_120791.jpg:128.Seaside_Sparrow -> 166.Golden_winged_Warbler, 
129.Song_Sparrow/Song_Sparrow_0037_121078.jpg:129.Song_Sparrow -> 129.Song_Sparrow, 133.White_throated_Sparrow/White_Throated_Sparrow_0007_128918.jpg:133.White_throated_Sparrow -> 129.Song_Sparrow, 118.House_Sparrow/House_Sparrow_0052_112252.jpg:118.House_Sparrow -> 129.Song_Sparrow, 129.Song_Sparrow/Song_Sparrow_0055_121158.jpg:129.Song_Sparrow -> 186.Cedar_Waxwing, 129.Song_Sparrow/Song_Sparrow_0058_121832.jpg:129.Song_Sparrow -> 128.Seaside_Sparrow, 129.Song_Sparrow/Song_Sparrow_0107_120990.jpg:129.Song_Sparrow -> 127.Savannah_Sparrow, 
130.Tree_Sparrow/Tree_Sparrow_0018_123574.jpg:130.Tree_Sparrow -> 130.Tree_Sparrow, 171.Myrtle_Warbler/Myrtle_Warbler_0039_166709.jpg:171.Myrtle_Warbler -> 130.Tree_Sparrow, 130.Tree_Sparrow/Tree_Sparrow_0035_123211.jpg:130.Tree_Sparrow -> 130.Tree_Sparrow, 130.Tree_Sparrow/Tree_Sparrow_0076_123669.jpg:130.Tree_Sparrow -> 117.Clay_colored_Sparrow, 130.Tree_Sparrow/Tree_Sparrow_0018_123574.jpg:130.Tree_Sparrow -> 130.Tree_Sparrow, 130.Tree_Sparrow/Tree_Sparrow_0090_110145.jpg:130.Tree_Sparrow -> 115.Brewer_Sparrow, 
131.Vesper_Sparrow/Vesper_Sparrow_0041_125458.jpg:131.Vesper_Sparrow -> 119.Field_Sparrow, 131.Vesper_Sparrow/Vesper_Sparrow_0055_125611.jpg:131.Vesper_Sparrow -> 114.Black_throated_Sparrow, 131.Vesper_Sparrow/Vesper_Sparrow_0057_125649.jpg:131.Vesper_Sparrow -> 184.Louisiana_Waterthrush, 131.Vesper_Sparrow/Vesper_Sparrow_0087_125712.jpg:131.Vesper_Sparrow -> 127.Savannah_Sparrow, 131.Vesper_Sparrow/Vesper_Sparrow_0058_125661.jpg:131.Vesper_Sparrow -> 104.American_Pipit, 131.Vesper_Sparrow/Vesper_Sparrow_0084_125532.jpg:131.Vesper_Sparrow -> 123.Henslow_Sparrow, 
135.Bank_Swallow/Bank_Swallow_0050_129780.jpg:135.Bank_Swallow -> 132.White_crowned_Sparrow, 130.Tree_Sparrow/Tree_Sparrow_0060_123743.jpg:130.Tree_Sparrow -> 132.White_crowned_Sparrow, 173.Orange_crowned_Warbler/Orange_Crowned_Warbler_0048_167610.jpg:173.Orange_crowned_Warbler -> 132.White_crowned_Sparrow, 132.White_crowned_Sparrow/White_Crowned_Sparrow_0090_125864.jpg:132.White_crowned_Sparrow -> 124.Le_Conte_Sparrow, 132.White_crowned_Sparrow/White_Crowned_Sparrow_0085_127194.jpg:132.White_crowned_Sparrow -> 127.Savannah_Sparrow, 132.White_crowned_Sparrow/White_Crowned_Sparrow_0127_126923.jpg:132.White_crowned_Sparrow -> 127.Savannah_Sparrow, 
133.White_throated_Sparrow/White_Throated_Sparrow_0098_129089.jpg:133.White_throated_Sparrow -> 163.Cape_May_Warbler, 133.White_throated_Sparrow/White_Throated_Sparrow_0125_128832.jpg:133.White_throated_Sparrow -> 116.Chipping_Sparrow, 133.White_throated_Sparrow/White_Throated_Sparrow_0069_128951.jpg:133.White_throated_Sparrow -> 126.Nelson_Sharp_tailed_Sparrow, 133.White_throated_Sparrow/White_Throated_Sparrow_0109_129066.jpg:133.White_throated_Sparrow -> 110.Geococcyx, 133.White_throated_Sparrow/White_Throated_Sparrow_0097_128967.jpg:133.White_throated_Sparrow -> 124.Le_Conte_Sparrow, 133.White_throated_Sparrow/White_Throated_Sparrow_0047_129014.jpg:133.White_throated_Sparrow -> 122.Harris_Sparrow, 
138.Tree_Swallow/Tree_Swallow_0023_135345.jpg:138.Tree_Swallow -> 134.Cape_Glossy_Starling, 138.Tree_Swallow/Tree_Swallow_0046_135770.jpg:138.Tree_Swallow -> 134.Cape_Glossy_Starling, 134.Cape_Glossy_Starling/Cape_Glossy_Starling_0042_129385.jpg:134.Cape_Glossy_Starling -> 134.Cape_Glossy_Starling, 134.Cape_Glossy_Starling/Cape_Glossy_Starling_0054_129440.jpg:134.Cape_Glossy_Starling -> 134.Cape_Glossy_Starling, 134.Cape_Glossy_Starling/Cape_Glossy_Starling_0062_129254.jpg:134.Cape_Glossy_Starling -> 134.Cape_Glossy_Starling, 134.Cape_Glossy_Starling/Cape_Glossy_Starling_0043_129358.jpg:134.Cape_Glossy_Starling -> 134.Cape_Glossy_Starling, 
135.Bank_Swallow/Bank_Swallow_0043_129685.jpg:135.Bank_Swallow -> 135.Bank_Swallow, 159.Black_and_white_Warbler/Black_And_White_Warbler_0095_160406.jpg:159.Black_and_white_Warbler -> 135.Bank_Swallow, 193.Bewick_Wren/Bewick_Wren_0065_185247.jpg:193.Bewick_Wren -> 135.Bank_Swallow, 135.Bank_Swallow/Bank_Swallow_0014_129668.jpg:135.Bank_Swallow -> 164.Cerulean_Warbler, 135.Bank_Swallow/Bank_Swallow_0028_129754.jpg:135.Bank_Swallow -> 106.Horned_Puffin, 135.Bank_Swallow/Bank_Swallow_0067_129959.jpg:135.Bank_Swallow -> 149.Brown_Thrasher, 
191.Red_headed_Woodpecker/Red_Headed_Woodpecker_0065_182863.jpg:191.Red_headed_Woodpecker -> 136.Barn_Swallow, 161.Blue_winged_Warbler/Blue_Winged_Warbler_0066_162062.jpg:161.Blue_winged_Warbler -> 136.Barn_Swallow, 139.Scarlet_Tanager/Scarlet_Tanager_0063_138227.jpg:139.Scarlet_Tanager -> 136.Barn_Swallow, 136.Barn_Swallow/Barn_Swallow_0076_130757.jpg:136.Barn_Swallow -> 177.Prothonotary_Warbler, 136.Barn_Swallow/Barn_Swallow_0054_131146.jpg:136.Barn_Swallow -> 138.Tree_Swallow, 136.Barn_Swallow/Barn_Swallow_0063_132572.jpg:136.Barn_Swallow -> 106.Horned_Puffin, 
137.Cliff_Swallow/Cliff_Swallow_0100_133665.jpg:137.Cliff_Swallow -> 137.Cliff_Swallow, 195.Carolina_Wren/Carolina_Wren_0062_186390.jpg:195.Carolina_Wren -> 137.Cliff_Swallow, 185.Bohemian_Waxwing/Bohemian_Waxwing_0084_796639.jpg:185.Bohemian_Waxwing -> 137.Cliff_Swallow, 137.Cliff_Swallow/Cliff_Swallow_0075_134516.jpg:137.Cliff_Swallow -> 150.Sage_Thrasher, 137.Cliff_Swallow/Cliff_Swallow_0088_134188.jpg:137.Cliff_Swallow -> 197.Marsh_Wren, 137.Cliff_Swallow/Cliff_Swallow_0085_134338.jpg:137.Cliff_Swallow -> 191.Red_headed_Woodpecker, 
138.Tree_Swallow/Tree_Swallow_0092_136236.jpg:138.Tree_Swallow -> 138.Tree_Swallow, 138.Tree_Swallow/Tree_Swallow_0115_135832.jpg:138.Tree_Swallow -> 138.Tree_Swallow, 138.Tree_Swallow/Tree_Swallow_0060_134961.jpg:138.Tree_Swallow -> 138.Tree_Swallow, 138.Tree_Swallow/Tree_Swallow_0098_134916.jpg:138.Tree_Swallow -> 138.Tree_Swallow, 138.Tree_Swallow/Tree_Swallow_0041_136439.jpg:138.Tree_Swallow -> 134.Cape_Glossy_Starling, 138.Tree_Swallow/Tree_Swallow_0042_136401.jpg:138.Tree_Swallow -> 171.Myrtle_Warbler, 
157.Yellow_throated_Vireo/Yellow_Throated_Vireo_0050_794979.jpg:157.Yellow_throated_Vireo -> 139.Scarlet_Tanager, 139.Scarlet_Tanager/Scarlet_Tanager_0086_138272.jpg:139.Scarlet_Tanager -> 139.Scarlet_Tanager, 139.Scarlet_Tanager/Scarlet_Tanager_0135_137699.jpg:139.Scarlet_Tanager -> 139.Scarlet_Tanager, 139.Scarlet_Tanager/Scarlet_Tanager_0054_138210.jpg:139.Scarlet_Tanager -> 139.Scarlet_Tanager, 139.Scarlet_Tanager/Scarlet_Tanager_0063_138227.jpg:139.Scarlet_Tanager -> 136.Barn_Swallow, 139.Scarlet_Tanager/Scarlet_Tanager_0055_138186.jpg:139.Scarlet_Tanager -> 161.Blue_winged_Warbler, 
139.Scarlet_Tanager/Scarlet_Tanager_0016_138008.jpg:139.Scarlet_Tanager -> 140.Summer_Tanager, 167.Hooded_Warbler/Hooded_Warbler_0036_164779.jpg:167.Hooded_Warbler -> 140.Summer_Tanager, 139.Scarlet_Tanager/Scarlet_Tanager_0099_137783.jpg:139.Scarlet_Tanager -> 140.Summer_Tanager, 140.Summer_Tanager/Summer_Tanager_0073_139379.jpg:140.Summer_Tanager -> 182.Yellow_Warbler, 140.Summer_Tanager/Summer_Tanager_0010_139948.jpg:140.Summer_Tanager -> 182.Yellow_Warbler, 140.Summer_Tanager/Summer_Tanager_0080_140110.jpg:140.Summer_Tanager -> 136.Barn_Swallow, 
147.Least_Tern/Least_Tern_0028_153781.jpg:147.Least_Tern -> 141.Artic_Tern, 106.Horned_Puffin/Horned_Puffin_0011_100621.jpg:106.Horned_Puffin -> 141.Artic_Tern, 106.Horned_Puffin/Horned_Puffin_0011_100621.jpg:106.Horned_Puffin -> 141.Artic_Tern, 141.Artic_Tern/Artic_Tern_0111_143101.jpg:141.Artic_Tern -> 142.Black_Tern, 141.Artic_Tern/Artic_Tern_0019_141922.jpg:141.Artic_Tern -> 106.Horned_Puffin, 141.Artic_Tern/Artic_Tern_0093_141880.jpg:141.Artic_Tern -> 144.Common_Tern, 
137.Cliff_Swallow/Cliff_Swallow_0055_133624.jpg:137.Cliff_Swallow -> 142.Black_Tern, 106.Horned_Puffin/Horned_Puffin_0025_100942.jpg:106.Horned_Puffin -> 142.Black_Tern, 107.Common_Raven/Common_Raven_0024_101394.jpg:107.Common_Raven -> 142.Black_Tern, 142.Black_Tern/Black_Tern_0064_143990.jpg:142.Black_Tern -> 138.Tree_Swallow, 142.Black_Tern/Black_Tern_0089_144174.jpg:142.Black_Tern -> 143.Caspian_Tern, 142.Black_Tern/Black_Tern_0012_144091.jpg:142.Black_Tern -> 142.Black_Tern, 
108.White_necked_Raven/White_Necked_Raven_0023_797371.jpg:108.White_necked_Raven -> 143.Caspian_Tern, 146.Forsters_Tern/Forsters_Tern_0002_151622.jpg:146.Forsters_Tern -> 143.Caspian_Tern, 145.Elegant_Tern/Elegant_Tern_0072_150911.jpg:145.Elegant_Tern -> 143.Caspian_Tern, 143.Caspian_Tern/Caspian_Tern_0014_145640.jpg:143.Caspian_Tern -> 143.Caspian_Tern, 143.Caspian_Tern/Caspian_Tern_0114_145612.jpg:143.Caspian_Tern -> 147.Least_Tern, 143.Caspian_Tern/Caspian_Tern_0055_146014.jpg:143.Caspian_Tern -> 142.Black_Tern, 
141.Artic_Tern/Artic_Tern_0093_141880.jpg:141.Artic_Tern -> 144.Common_Tern, 145.Elegant_Tern/Elegant_Tern_0064_150822.jpg:145.Elegant_Tern -> 144.Common_Tern, 101.White_Pelican/White_Pelican_0034_97466.jpg:101.White_Pelican -> 144.Common_Tern, 144.Common_Tern/Common_Tern_0076_148391.jpg:144.Common_Tern -> 142.Black_Tern, 144.Common_Tern/Common_Tern_0118_148201.jpg:144.Common_Tern -> 143.Caspian_Tern, 144.Common_Tern/Common_Tern_0037_148048.jpg:144.Common_Tern -> 144.Common_Tern, 
143.Caspian_Tern/Caspian_Tern_0060_146007.jpg:143.Caspian_Tern -> 145.Elegant_Tern, 141.Artic_Tern/Artic_Tern_0122_142448.jpg:141.Artic_Tern -> 145.Elegant_Tern, 147.Least_Tern/Least_Tern_0068_153738.jpg:147.Least_Tern -> 145.Elegant_Tern, 145.Elegant_Tern/Elegant_Tern_0028_151019.jpg:145.Elegant_Tern -> 143.Caspian_Tern, 145.Elegant_Tern/Elegant_Tern_0099_150682.jpg:145.Elegant_Tern -> 145.Elegant_Tern, 145.Elegant_Tern/Elegant_Tern_0023_150654.jpg:145.Elegant_Tern -> 145.Elegant_Tern, 
184.Louisiana_Waterthrush/Louisiana_Waterthrush_0094_795264.jpg:184.Louisiana_Waterthrush -> 146.Forsters_Tern, 103.Sayornis/Sayornis_0012_98881.jpg:103.Sayornis -> 146.Forsters_Tern, 146.Forsters_Tern/Forsters_Tern_0095_152067.jpg:146.Forsters_Tern -> 146.Forsters_Tern, 146.Forsters_Tern/Forsters_Tern_0082_151937.jpg:146.Forsters_Tern -> 144.Common_Tern, 146.Forsters_Tern/Forsters_Tern_0010_151243.jpg:146.Forsters_Tern -> 143.Caspian_Tern, 146.Forsters_Tern/Forsters_Tern_0077_152255.jpg:146.Forsters_Tern -> 106.Horned_Puffin, 
112.Great_Grey_Shrike/Great_Grey_Shrike_0080_106850.jpg:112.Great_Grey_Shrike -> 147.Least_Tern, 146.Forsters_Tern/Forsters_Tern_0059_151269.jpg:146.Forsters_Tern -> 147.Least_Tern, 185.Bohemian_Waxwing/Bohemian_Waxwing_0026_177845.jpg:185.Bohemian_Waxwing -> 147.Least_Tern, 147.Least_Tern/Least_Tern_0109_154127.jpg:147.Least_Tern -> 137.Cliff_Swallow, 147.Least_Tern/Least_Tern_0113_153415.jpg:147.Least_Tern -> 143.Caspian_Tern, 147.Least_Tern/Least_Tern_0020_153458.jpg:147.Least_Tern -> 141.Artic_Tern, 
133.White_throated_Sparrow/White_Throated_Sparrow_0016_129158.jpg:133.White_throated_Sparrow -> 148.Green_tailed_Towhee, 114.Black_throated_Sparrow/Black_Throated_Sparrow_0065_107087.jpg:114.Black_throated_Sparrow -> 148.Green_tailed_Towhee, 120.Fox_Sparrow/Fox_Sparrow_0136_115278.jpg:120.Fox_Sparrow -> 148.Green_tailed_Towhee, 148.Green_tailed_Towhee/Green_Tailed_Towhee_0022_154892.jpg:148.Green_tailed_Towhee -> 148.Green_tailed_Towhee, 148.Green_tailed_Towhee/Green_Tailed_Towhee_0003_797414.jpg:148.Green_tailed_Towhee -> 172.Nashville_Warbler, 148.Green_tailed_Towhee/Green_Tailed_Towhee_0109_797440.jpg:148.Green_tailed_Towhee -> 172.Nashville_Warbler, 
117.Clay_colored_Sparrow/Clay_Colored_Sparrow_0044_110942.jpg:117.Clay_colored_Sparrow -> 149.Brown_Thrasher, 131.Vesper_Sparrow/Vesper_Sparrow_0044_125470.jpg:131.Vesper_Sparrow -> 149.Brown_Thrasher, 120.Fox_Sparrow/Fox_Sparrow_0078_114582.jpg:120.Fox_Sparrow -> 149.Brown_Thrasher, 149.Brown_Thrasher/Brown_Thrasher_0024_155363.jpg:149.Brown_Thrasher -> 173.Orange_crowned_Warbler, 149.Brown_Thrasher/Brown_Thrasher_0063_155127.jpg:149.Brown_Thrasher -> 164.Cerulean_Warbler, 149.Brown_Thrasher/Brown_Thrasher_0019_155216.jpg:149.Brown_Thrasher -> 124.Le_Conte_Sparrow, 
150.Sage_Thrasher/Sage_Thrasher_0062_796462.jpg:150.Sage_Thrasher -> 150.Sage_Thrasher, 192.Downy_Woodpecker/Downy_Woodpecker_0124_184364.jpg:192.Downy_Woodpecker -> 150.Sage_Thrasher, 198.Rock_Wren/Rock_Wren_0035_188998.jpg:198.Rock_Wren -> 150.Sage_Thrasher, 150.Sage_Thrasher/Sage_Thrasher_0023_796458.jpg:150.Sage_Thrasher -> 149.Brown_Thrasher, 150.Sage_Thrasher/Sage_Thrasher_0061_155462.jpg:150.Sage_Thrasher -> 173.Orange_crowned_Warbler, 150.Sage_Thrasher/Sage_Thrasher_0043_155574.jpg:150.Sage_Thrasher -> 183.Northern_Waterthrush, 
170.Mourning_Warbler/Mourning_Warbler_0048_166596.jpg:170.Mourning_Warbler -> 151.Black_capped_Vireo, 114.Black_throated_Sparrow/Black_Throated_Sparrow_0069_107116.jpg:114.Black_throated_Sparrow -> 151.Black_capped_Vireo, 130.Tree_Sparrow/Tree_Sparrow_0113_123613.jpg:130.Tree_Sparrow -> 151.Black_capped_Vireo, 151.Black_capped_Vireo/Black_Capped_Vireo_0047_155743.jpg:151.Black_capped_Vireo -> 117.Clay_colored_Sparrow, 151.Black_capped_Vireo/Black_Capped_Vireo_0002_797466.jpg:151.Black_capped_Vireo -> 108.White_necked_Raven, 151.Black_capped_Vireo/Black_Capped_Vireo_0044_155819.jpg:151.Black_capped_Vireo -> 119.Field_Sparrow, 
179.Tennessee_Warbler/Tennessee_Warbler_0030_172338.jpg:179.Tennessee_Warbler -> 152.Blue_headed_Vireo, 149.Brown_Thrasher/Brown_Thrasher_0013_155329.jpg:149.Brown_Thrasher -> 152.Blue_headed_Vireo, 134.Cape_Glossy_Starling/Cape_Glossy_Starling_0094_129368.jpg:134.Cape_Glossy_Starling -> 152.Blue_headed_Vireo, 152.Blue_headed_Vireo/Blue_Headed_Vireo_0111_156258.jpg:152.Blue_headed_Vireo -> 119.Field_Sparrow, 152.Blue_headed_Vireo/Blue_Headed_Vireo_0089_156062.jpg:152.Blue_headed_Vireo -> 115.Brewer_Sparrow, 152.Blue_headed_Vireo/Blue_Headed_Vireo_0075_156181.jpg:152.Blue_headed_Vireo -> 159.Black_and_white_Warbler, 
153.Philadelphia_Vireo/Philadelphia_Vireo_0037_794770.jpg:153.Philadelphia_Vireo -> 153.Philadelphia_Vireo, 132.White_crowned_Sparrow/White_Crowned_Sparrow_0114_127027.jpg:132.White_crowned_Sparrow -> 153.Philadelphia_Vireo, 129.Song_Sparrow/Song_Sparrow_0090_121057.jpg:129.Song_Sparrow -> 153.Philadelphia_Vireo, 153.Philadelphia_Vireo/Philadelphia_Vireo_0007_156617.jpg:153.Philadelphia_Vireo -> 178.Swainson_Warbler, 153.Philadelphia_Vireo/Philadelphia_Vireo_0015_794778.jpg:153.Philadelphia_Vireo -> 122.Harris_Sparrow, 153.Philadelphia_Vireo/Philadelphia_Vireo_0028_156510.jpg:153.Philadelphia_Vireo -> 153.Philadelphia_Vireo, 
186.Cedar_Waxwing/Cedar_Waxwing_0013_178830.jpg:186.Cedar_Waxwing -> 154.Red_eyed_Vireo, 116.Chipping_Sparrow/Chipping_Sparrow_0039_107864.jpg:116.Chipping_Sparrow -> 154.Red_eyed_Vireo, 153.Philadelphia_Vireo/Philadelphia_Vireo_0063_794781.jpg:153.Philadelphia_Vireo -> 154.Red_eyed_Vireo, 154.Red_eyed_Vireo/Red_Eyed_Vireo_0025_157173.jpg:154.Red_eyed_Vireo -> 154.Red_eyed_Vireo, 154.Red_eyed_Vireo/Red_Eyed_Vireo_0111_157030.jpg:154.Red_eyed_Vireo -> 164.Cerulean_Warbler, 154.Red_eyed_Vireo/Red_Eyed_Vireo_0071_156967.jpg:154.Red_eyed_Vireo -> 154.Red_eyed_Vireo, 
150.Sage_Thrasher/Sage_Thrasher_0024_796463.jpg:150.Sage_Thrasher -> 155.Warbling_Vireo, 155.Warbling_Vireo/Warbling_Vireo_0077_158427.jpg:155.Warbling_Vireo -> 155.Warbling_Vireo, 118.House_Sparrow/House_Sparrow_0106_111564.jpg:118.House_Sparrow -> 155.Warbling_Vireo, 155.Warbling_Vireo/Warbling_Vireo_0083_158284.jpg:155.Warbling_Vireo -> 115.Brewer_Sparrow, 155.Warbling_Vireo/Warbling_Vireo_0073_158315.jpg:155.Warbling_Vireo -> 132.White_crowned_Sparrow, 155.Warbling_Vireo/Warbling_Vireo_0002_158319.jpg:155.Warbling_Vireo -> 179.Tennessee_Warbler, 
159.Black_and_white_Warbler/Black_And_White_Warbler_0081_110906.jpg:159.Black_and_white_Warbler -> 156.White_eyed_Vireo, 119.Field_Sparrow/Field_Sparrow_0128_113587.jpg:119.Field_Sparrow -> 156.White_eyed_Vireo, 115.Brewer_Sparrow/Brewer_Sparrow_0046_796696.jpg:115.Brewer_Sparrow -> 156.White_eyed_Vireo, 156.White_eyed_Vireo/White_Eyed_Vireo_0061_159042.jpg:156.White_eyed_Vireo -> 112.Great_Grey_Shrike, 156.White_eyed_Vireo/White_Eyed_Vireo_0066_159477.jpg:156.White_eyed_Vireo -> 156.White_eyed_Vireo, 156.White_eyed_Vireo/White_Eyed_Vireo_0085_159119.jpg:156.White_eyed_Vireo -> 156.White_eyed_Vireo, 
157.Yellow_throated_Vireo/Yellow_Throated_Vireo_0021_794971.jpg:157.Yellow_throated_Vireo -> 103.Sayornis, 157.Yellow_throated_Vireo/Yellow_Throated_Vireo_0042_159655.jpg:157.Yellow_throated_Vireo -> 175.Pine_Warbler, 157.Yellow_throated_Vireo/Yellow_Throated_Vireo_0064_794992.jpg:157.Yellow_throated_Vireo -> 175.Pine_Warbler, 157.Yellow_throated_Vireo/Yellow_Throated_Vireo_0010_795000.jpg:157.Yellow_throated_Vireo -> 182.Yellow_Warbler, 157.Yellow_throated_Vireo/Yellow_Throated_Vireo_0071_159707.jpg:157.Yellow_throated_Vireo -> 128.Seaside_Sparrow, 157.Yellow_throated_Vireo/Yellow_Throated_Vireo_0043_159628.jpg:157.Yellow_throated_Vireo -> 148.Green_tailed_Towhee, 
200.Common_Yellowthroat/Common_Yellowthroat_0077_190990.jpg:200.Common_Yellowthroat -> 158.Bay_breasted_Warbler, 172.Nashville_Warbler/Nashville_Warbler_0109_167428.jpg:172.Nashville_Warbler -> 158.Bay_breasted_Warbler, 158.Bay_breasted_Warbler/Bay_Breasted_Warbler_0087_797122.jpg:158.Bay_breasted_Warbler -> 158.Bay_breasted_Warbler, 158.Bay_breasted_Warbler/Bay_Breasted_Warbler_0011_159736.jpg:158.Bay_breasted_Warbler -> 119.Field_Sparrow, 158.Bay_breasted_Warbler/Bay_Breasted_Warbler_0093_159764.jpg:158.Bay_breasted_Warbler -> 158.Bay_breasted_Warbler, 158.Bay_breasted_Warbler/Bay_Breasted_Warbler_0005_159739.jpg:158.Bay_breasted_Warbler -> 193.Bewick_Wren, 
192.Downy_Woodpecker/Downy_Woodpecker_0090_183964.jpg:192.Downy_Woodpecker -> 159.Black_and_white_Warbler, 152.Blue_headed_Vireo/Blue_Headed_Vireo_0075_156181.jpg:152.Blue_headed_Vireo -> 159.Black_and_white_Warbler, 166.Golden_winged_Warbler/Golden_Winged_Warbler_0050_164589.jpg:166.Golden_winged_Warbler -> 159.Black_and_white_Warbler, 159.Black_and_white_Warbler/Black_And_White_Warbler_0072_160353.jpg:159.Black_and_white_Warbler -> 103.Sayornis, 159.Black_and_white_Warbler/Black_And_White_Warbler_0031_160773.jpg:159.Black_and_white_Warbler -> 197.Marsh_Wren, 159.Black_and_white_Warbler/Black_And_White_Warbler_0119_160898.jpg:159.Black_and_white_Warbler -> 115.Brewer_Sparrow, 
164.Cerulean_Warbler/Cerulean_Warbler_0045_797217.jpg:164.Cerulean_Warbler -> 160.Black_throated_Blue_Warbler, 164.Cerulean_Warbler/Cerulean_Warbler_0082_797180.jpg:164.Cerulean_Warbler -> 160.Black_throated_Blue_Warbler, 160.Black_throated_Blue_Warbler/Black_Throated_Blue_Warbler_0100_161622.jpg:160.Black_throated_Blue_Warbler -> 160.Black_throated_Blue_Warbler, 160.Black_throated_Blue_Warbler/Black_Throated_Blue_Warbler_0113_161407.jpg:160.Black_throated_Blue_Warbler -> 102.Western_Wood_Pewee, 160.Black_throated_Blue_Warbler/Black_Throated_Blue_Warbler_0119_161416.jpg:160.Black_throated_Blue_Warbler -> 111.Loggerhead_Shrike, 160.Black_throated_Blue_Warbler/Black_Throated_Blue_Warbler_0110_161726.jpg:160.Black_throated_Blue_Warbler -> 111.Loggerhead_Shrike, 
161.Blue_winged_Warbler/Blue_Winged_Warbler_0021_161858.jpg:161.Blue_winged_Warbler -> 161.Blue_winged_Warbler, 139.Scarlet_Tanager/Scarlet_Tanager_0092_138688.jpg:139.Scarlet_Tanager -> 161.Blue_winged_Warbler, 177.Prothonotary_Warbler/Prothonotary_Warbler_0105_174097.jpg:177.Prothonotary_Warbler -> 161.Blue_winged_Warbler, 161.Blue_winged_Warbler/Blue_Winged_Warbler_0012_162086.jpg:161.Blue_winged_Warbler -> 175.Pine_Warbler, 161.Blue_winged_Warbler/Blue_Winged_Warbler_0004_162005.jpg:161.Blue_winged_Warbler -> 159.Black_and_white_Warbler, 161.Blue_winged_Warbler/Blue_Winged_Warbler_0050_162057.jpg:161.Blue_winged_Warbler -> 167.Hooded_Warbler, 
182.Yellow_Warbler/Yellow_Warbler_0069_176346.jpg:182.Yellow_Warbler -> 162.Canada_Warbler, 172.Nashville_Warbler/Nashville_Warbler_0121_167078.jpg:172.Nashville_Warbler -> 162.Canada_Warbler, 162.Canada_Warbler/Canada_Warbler_0087_162342.jpg:162.Canada_Warbler -> 162.Canada_Warbler, 162.Canada_Warbler/Canada_Warbler_0087_162342.jpg:162.Canada_Warbler -> 162.Canada_Warbler, 162.Canada_Warbler/Canada_Warbler_0042_162448.jpg:162.Canada_Warbler -> 140.Summer_Tanager, 162.Canada_Warbler/Canada_Warbler_0085_162385.jpg:162.Canada_Warbler -> 136.Barn_Swallow, 
163.Cape_May_Warbler/Cape_May_Warbler_0101_163169.jpg:163.Cape_May_Warbler -> 163.Cape_May_Warbler, 163.Cape_May_Warbler/Cape_May_Warbler_0104_162958.jpg:163.Cape_May_Warbler -> 163.Cape_May_Warbler, 122.Harris_Sparrow/Harris_Sparrow_0075_116404.jpg:122.Harris_Sparrow -> 163.Cape_May_Warbler, 163.Cape_May_Warbler/Cape_May_Warbler_0076_163075.jpg:163.Cape_May_Warbler -> 163.Cape_May_Warbler, 163.Cape_May_Warbler/Cape_May_Warbler_0129_163157.jpg:163.Cape_May_Warbler -> 117.Clay_colored_Sparrow, 163.Cape_May_Warbler/Cape_May_Warbler_0077_162979.jpg:163.Cape_May_Warbler -> 151.Black_capped_Vireo, 
199.Winter_Wren/Winter_Wren_0033_189635.jpg:199.Winter_Wren -> 164.Cerulean_Warbler, 186.Cedar_Waxwing/Cedar_Waxwing_0011_179149.jpg:186.Cedar_Waxwing -> 164.Cerulean_Warbler, 164.Cerulean_Warbler/Cerulean_Warbler_0094_797200.jpg:164.Cerulean_Warbler -> 164.Cerulean_Warbler, 164.Cerulean_Warbler/Cerulean_Warbler_0051_163244.jpg:164.Cerulean_Warbler -> 160.Black_throated_Blue_Warbler, 164.Cerulean_Warbler/Cerulean_Warbler_0028_163302.jpg:164.Cerulean_Warbler -> 160.Black_throated_Blue_Warbler, 164.Cerulean_Warbler/Cerulean_Warbler_0010_797210.jpg:164.Cerulean_Warbler -> 159.Black_and_white_Warbler, 
195.Carolina_Wren/Carolina_Wren_0033_186848.jpg:195.Carolina_Wren -> 165.Chestnut_sided_Warbler, 118.House_Sparrow/House_Sparrow_0104_113105.jpg:118.House_Sparrow -> 165.Chestnut_sided_Warbler, 116.Chipping_Sparrow/Chipping_Sparrow_0025_108653.jpg:116.Chipping_Sparrow -> 165.Chestnut_sided_Warbler, 165.Chestnut_sided_Warbler/Chestnut_Sided_Warbler_0104_163638.jpg:165.Chestnut_sided_Warbler -> 166.Golden_winged_Warbler, 165.Chestnut_sided_Warbler/Chestnut_Sided_Warbler_0086_164024.jpg:165.Chestnut_sided_Warbler -> 193.Bewick_Wren, 165.Chestnut_sided_Warbler/Chestnut_Sided_Warbler_0035_163587.jpg:165.Chestnut_sided_Warbler -> 158.Bay_breasted_Warbler, 
157.Yellow_throated_Vireo/Yellow_Throated_Vireo_0082_159597.jpg:157.Yellow_throated_Vireo -> 166.Golden_winged_Warbler, 169.Magnolia_Warbler/Magnolia_Warbler_0064_165471.jpg:169.Magnolia_Warbler -> 166.Golden_winged_Warbler, 180.Wilson_Warbler/Wilson_Warbler_0108_175179.jpg:180.Wilson_Warbler -> 166.Golden_winged_Warbler, 166.Golden_winged_Warbler/Golden_Winged_Warbler_0012_164496.jpg:166.Golden_winged_Warbler -> 166.Golden_winged_Warbler, 166.Golden_winged_Warbler/Golden_Winged_Warbler_0092_164465.jpg:166.Golden_winged_Warbler -> 156.White_eyed_Vireo, 166.Golden_winged_Warbler/Golden_Winged_Warbler_0039_794818.jpg:166.Golden_winged_Warbler -> 166.Golden_winged_Warbler, 
186.Cedar_Waxwing/Cedar_Waxwing_0060_178190.jpg:186.Cedar_Waxwing -> 167.Hooded_Warbler, 192.Downy_Woodpecker/Downy_Woodpecker_0091_184537.jpg:192.Downy_Woodpecker -> 167.Hooded_Warbler, 157.Yellow_throated_Vireo/Yellow_Throated_Vireo_0072_794969.jpg:157.Yellow_throated_Vireo -> 167.Hooded_Warbler, 167.Hooded_Warbler/Hooded_Warbler_0039_164928.jpg:167.Hooded_Warbler -> 176.Prairie_Warbler, 167.Hooded_Warbler/Hooded_Warbler_0011_164801.jpg:167.Hooded_Warbler -> 139.Scarlet_Tanager, 167.Hooded_Warbler/Hooded_Warbler_0033_165213.jpg:167.Hooded_Warbler -> 117.Clay_colored_Sparrow, 
170.Mourning_Warbler/Mourning_Warbler_0050_795343.jpg:170.Mourning_Warbler -> 168.Kentucky_Warbler, 168.Kentucky_Warbler/Kentucky_Warbler_0079_165339.jpg:168.Kentucky_Warbler -> 168.Kentucky_Warbler, 168.Kentucky_Warbler/Kentucky_Warbler_0069_165318.jpg:168.Kentucky_Warbler -> 168.Kentucky_Warbler, 168.Kentucky_Warbler/Kentucky_Warbler_0043_165240.jpg:168.Kentucky_Warbler -> 162.Canada_Warbler, 168.Kentucky_Warbler/Kentucky_Warbler_0038_795909.jpg:168.Kentucky_Warbler -> 168.Kentucky_Warbler, 168.Kentucky_Warbler/Kentucky_Warbler_0020_795903.jpg:168.Kentucky_Warbler -> 162.Canada_Warbler, 
168.Kentucky_Warbler/Kentucky_Warbler_0040_795868.jpg:168.Kentucky_Warbler -> 169.Magnolia_Warbler, 200.Common_Yellowthroat/Common_Yellowthroat_0025_190547.jpg:200.Common_Yellowthroat -> 169.Magnolia_Warbler, 198.Rock_Wren/Rock_Wren_0066_189034.jpg:198.Rock_Wren -> 169.Magnolia_Warbler, 169.Magnolia_Warbler/Magnolia_Warbler_0032_165960.jpg:169.Magnolia_Warbler -> 153.Philadelphia_Vireo, 169.Magnolia_Warbler/Magnolia_Warbler_0067_165484.jpg:169.Magnolia_Warbler -> 168.Kentucky_Warbler, 169.Magnolia_Warbler/Magnolia_Warbler_0043_165774.jpg:169.Magnolia_Warbler -> 167.Hooded_Warbler, 
183.Northern_Waterthrush/Northern_Waterthrush_0014_177305.jpg:183.Northern_Waterthrush -> 170.Mourning_Warbler, 170.Mourning_Warbler/Mourning_Warbler_0052_166537.jpg:170.Mourning_Warbler -> 170.Mourning_Warbler, 186.Cedar_Waxwing/Cedar_Waxwing_0083_178743.jpg:186.Cedar_Waxwing -> 170.Mourning_Warbler, 170.Mourning_Warbler/Mourning_Warbler_0012_166515.jpg:170.Mourning_Warbler -> 119.Field_Sparrow, 170.Mourning_Warbler/Mourning_Warbler_0057_795342.jpg:170.Mourning_Warbler -> 148.Green_tailed_Towhee, 170.Mourning_Warbler/Mourning_Warbler_0082_166574.jpg:170.Mourning_Warbler -> 167.Hooded_Warbler, 
173.Orange_crowned_Warbler/Orange_Crowned_Warbler_0051_168002.jpg:173.Orange_crowned_Warbler -> 171.Myrtle_Warbler, 129.Song_Sparrow/Song_Sparrow_0126_120901.jpg:129.Song_Sparrow -> 171.Myrtle_Warbler, 119.Field_Sparrow/Field_Sparrow_0043_113607.jpg:119.Field_Sparrow -> 171.Myrtle_Warbler, 171.Myrtle_Warbler/Myrtle_Warbler_0063_93378.jpg:171.Myrtle_Warbler -> 188.Pileated_Woodpecker, 171.Myrtle_Warbler/Myrtle_Warbler_0043_166708.jpg:171.Myrtle_Warbler -> 163.Cape_May_Warbler, 171.Myrtle_Warbler/Myrtle_Warbler_0009_166752.jpg:171.Myrtle_Warbler -> 181.Worm_eating_Warbler, 
130.Tree_Sparrow/Tree_Sparrow_0043_124034.jpg:130.Tree_Sparrow -> 172.Nashville_Warbler, 156.White_eyed_Vireo/White_Eyed_Vireo_0090_158958.jpg:156.White_eyed_Vireo -> 172.Nashville_Warbler, 177.Prothonotary_Warbler/Prothonotary_Warbler_0066_174318.jpg:177.Prothonotary_Warbler -> 172.Nashville_Warbler, 172.Nashville_Warbler/Nashville_Warbler_0015_167429.jpg:172.Nashville_Warbler -> 117.Clay_colored_Sparrow, 172.Nashville_Warbler/Nashville_Warbler_0126_167274.jpg:172.Nashville_Warbler -> 117.Clay_colored_Sparrow, 172.Nashville_Warbler/Nashville_Warbler_0040_167454.jpg:172.Nashville_Warbler -> 122.Harris_Sparrow, 
176.Prairie_Warbler/Prairie_Warbler_0062_172755.jpg:176.Prairie_Warbler -> 173.Orange_crowned_Warbler, 170.Mourning_Warbler/Mourning_Warbler_0020_166440.jpg:170.Mourning_Warbler -> 173.Orange_crowned_Warbler, 176.Prairie_Warbler/Prairie_Warbler_0062_172755.jpg:176.Prairie_Warbler -> 173.Orange_crowned_Warbler, 173.Orange_crowned_Warbler/Orange_Crowned_Warbler_0111_168040.jpg:173.Orange_crowned_Warbler -> 176.Prairie_Warbler, 173.Orange_crowned_Warbler/Orange_Crowned_Warbler_0117_167987.jpg:173.Orange_crowned_Warbler -> 173.Orange_crowned_Warbler, 173.Orange_crowned_Warbler/Orange_Crowned_Warbler_0009_168228.jpg:173.Orange_crowned_Warbler -> 119.Field_Sparrow, 
126.Nelson_Sharp_tailed_Sparrow/Nelson_Sharp_Tailed_Sparrow_0057_796949.jpg:126.Nelson_Sharp_tailed_Sparrow -> 174.Palm_Warbler, 184.Louisiana_Waterthrush/Louisiana_Waterthrush_0046_177604.jpg:184.Louisiana_Waterthrush -> 174.Palm_Warbler, 125.Lincoln_Sparrow/Lincoln_Sparrow_0063_117509.jpg:125.Lincoln_Sparrow -> 174.Palm_Warbler, 174.Palm_Warbler/Palm_Warbler_0081_169256.jpg:174.Palm_Warbler -> 149.Brown_Thrasher, 174.Palm_Warbler/Palm_Warbler_0068_170243.jpg:174.Palm_Warbler -> 119.Field_Sparrow, 174.Palm_Warbler/Palm_Warbler_0075_168751.jpg:174.Palm_Warbler -> 117.Clay_colored_Sparrow, 
124.Le_Conte_Sparrow/Le_Conte_Sparrow_0023_795156.jpg:124.Le_Conte_Sparrow -> 175.Pine_Warbler, 180.Wilson_Warbler/Wilson_Warbler_0100_175726.jpg:180.Wilson_Warbler -> 175.Pine_Warbler, 175.Pine_Warbler/Pine_Warbler_0037_171649.jpg:175.Pine_Warbler -> 175.Pine_Warbler, 175.Pine_Warbler/Pine_Warbler_0078_171374.jpg:175.Pine_Warbler -> 181.Worm_eating_Warbler, 175.Pine_Warbler/Pine_Warbler_0035_98396.jpg:175.Pine_Warbler -> 119.Field_Sparrow, 175.Pine_Warbler/Pine_Warbler_0141_171263.jpg:175.Pine_Warbler -> 175.Pine_Warbler, 
175.Pine_Warbler/Pine_Warbler_0111_171040.jpg:175.Pine_Warbler -> 176.Prairie_Warbler, 168.Kentucky_Warbler/Kentucky_Warbler_0068_795893.jpg:168.Kentucky_Warbler -> 176.Prairie_Warbler, 163.Cape_May_Warbler/Cape_May_Warbler_0117_163079.jpg:163.Cape_May_Warbler -> 176.Prairie_Warbler, 176.Prairie_Warbler/Prairie_Warbler_0009_173022.jpg:176.Prairie_Warbler -> 139.Scarlet_Tanager, 176.Prairie_Warbler/Prairie_Warbler_0071_173140.jpg:176.Prairie_Warbler -> 158.Bay_breasted_Warbler, 176.Prairie_Warbler/Prairie_Warbler_0115_172689.jpg:176.Prairie_Warbler -> 163.Cape_May_Warbler, 
177.Prothonotary_Warbler/Prothonotary_Warbler_0031_174578.jpg:177.Prothonotary_Warbler -> 177.Prothonotary_Warbler, 197.Marsh_Wren/Marsh_Wren_0028_188797.jpg:197.Marsh_Wren -> 177.Prothonotary_Warbler, 182.Yellow_Warbler/Yellow_Warbler_0090_176366.jpg:182.Yellow_Warbler -> 177.Prothonotary_Warbler, 177.Prothonotary_Warbler/Prothonotary_Warbler_0090_174183.jpg:177.Prothonotary_Warbler -> 175.Pine_Warbler, 177.Prothonotary_Warbler/Prothonotary_Warbler_0081_173510.jpg:177.Prothonotary_Warbler -> 172.Nashville_Warbler, 177.Prothonotary_Warbler/Prothonotary_Warbler_0047_174340.jpg:177.Prothonotary_Warbler -> 156.White_eyed_Vireo, 
181.Worm_eating_Warbler/Worm_Eating_Warbler_0062_795568.jpg:181.Worm_eating_Warbler -> 178.Swainson_Warbler, 103.Sayornis/Sayornis_0045_98549.jpg:103.Sayornis -> 178.Swainson_Warbler, 199.Winter_Wren/Winter_Wren_0026_189816.jpg:199.Winter_Wren -> 178.Swainson_Warbler, 178.Swainson_Warbler/Swainson_Warbler_0039_794859.jpg:178.Swainson_Warbler -> 178.Swainson_Warbler, 178.Swainson_Warbler/Swainson_Warbler_0034_794890.jpg:178.Swainson_Warbler -> 197.Marsh_Wren, 178.Swainson_Warbler/Swainson_Warbler_0048_794887.jpg:178.Swainson_Warbler -> 128.Seaside_Sparrow, 
130.Tree_Sparrow/Tree_Sparrow_0024_123805.jpg:130.Tree_Sparrow -> 179.Tennessee_Warbler, 179.Tennessee_Warbler/Tennessee_Warbler_0071_175084.jpg:179.Tennessee_Warbler -> 179.Tennessee_Warbler, 132.White_crowned_Sparrow/White_Crowned_Sparrow_0071_127922.jpg:132.White_crowned_Sparrow -> 179.Tennessee_Warbler, 179.Tennessee_Warbler/Tennessee_Warbler_0071_175084.jpg:179.Tennessee_Warbler -> 179.Tennessee_Warbler, 179.Tennessee_Warbler/Tennessee_Warbler_0041_174900.jpg:179.Tennessee_Warbler -> 158.Bay_breasted_Warbler, 179.Tennessee_Warbler/Tennessee_Warbler_0039_174883.jpg:179.Tennessee_Warbler -> 153.Philadelphia_Vireo, 
162.Canada_Warbler/Canada_Warbler_0094_26880.jpg:162.Canada_Warbler -> 180.Wilson_Warbler, 168.Kentucky_Warbler/Kentucky_Warbler_0015_795867.jpg:168.Kentucky_Warbler -> 180.Wilson_Warbler, 168.Kentucky_Warbler/Kentucky_Warbler_0057_165349.jpg:168.Kentucky_Warbler -> 180.Wilson_Warbler, 180.Wilson_Warbler/Wilson_Warbler_0100_175726.jpg:180.Wilson_Warbler -> 175.Pine_Warbler, 180.Wilson_Warbler/Wilson_Warbler_0080_175770.jpg:180.Wilson_Warbler -> 161.Blue_winged_Warbler, 180.Wilson_Warbler/Wilson_Warbler_0056_175269.jpg:180.Wilson_Warbler -> 172.Nashville_Warbler, 
193.Bewick_Wren/Bewick_Wren_0139_184839.jpg:193.Bewick_Wren -> 181.Worm_eating_Warbler, 186.Cedar_Waxwing/Cedar_Waxwing_0026_178878.jpg:186.Cedar_Waxwing -> 181.Worm_eating_Warbler, 160.Black_throated_Blue_Warbler/Black_Throated_Blue_Warbler_0126_161724.jpg:160.Black_throated_Blue_Warbler -> 181.Worm_eating_Warbler, 181.Worm_eating_Warbler/Worm_Eating_Warbler_0021_795545.jpg:181.Worm_eating_Warbler -> 158.Bay_breasted_Warbler, 181.Worm_eating_Warbler/Worm_Eating_Warbler_0042_795571.jpg:181.Worm_eating_Warbler -> 117.Clay_colored_Sparrow, 181.Worm_eating_Warbler/Worm_Eating_Warbler_0067_795520.jpg:181.Worm_eating_Warbler -> 148.Green_tailed_Towhee, 
182.Yellow_Warbler/Yellow_Warbler_0112_176301.jpg:182.Yellow_Warbler -> 182.Yellow_Warbler, 157.Yellow_throated_Vireo/Yellow_Throated_Vireo_0022_795012.jpg:157.Yellow_throated_Vireo -> 182.Yellow_Warbler, 182.Yellow_Warbler/Yellow_Warbler_0112_176301.jpg:182.Yellow_Warbler -> 182.Yellow_Warbler, 182.Yellow_Warbler/Yellow_Warbler_0018_176674.jpg:182.Yellow_Warbler -> 166.Golden_winged_Warbler, 182.Yellow_Warbler/Yellow_Warbler_0044_176367.jpg:182.Yellow_Warbler -> 140.Summer_Tanager, 182.Yellow_Warbler/Yellow_Warbler_0096_176586.jpg:182.Yellow_Warbler -> 158.Bay_breasted_Warbler, 
150.Sage_Thrasher/Sage_Thrasher_0043_155574.jpg:150.Sage_Thrasher -> 183.Northern_Waterthrush, 193.Bewick_Wren/Bewick_Wren_0135_185251.jpg:193.Bewick_Wren -> 183.Northern_Waterthrush, 183.Northern_Waterthrush/Northern_Waterthrush_0043_177070.jpg:183.Northern_Waterthrush -> 183.Northern_Waterthrush, 183.Northern_Waterthrush/Northern_Waterthrush_0076_176986.jpg:183.Northern_Waterthrush -> 170.Mourning_Warbler, 183.Northern_Waterthrush/Northern_Waterthrush_0066_177110.jpg:183.Northern_Waterthrush -> 123.Henslow_Sparrow, 183.Northern_Waterthrush/Northern_Waterthrush_0097_177045.jpg:183.Northern_Waterthrush -> 111.Loggerhead_Shrike, 
128.Seaside_Sparrow/Seaside_Sparrow_0042_796528.jpg:128.Seaside_Sparrow -> 184.Louisiana_Waterthrush, 131.Vesper_Sparrow/Vesper_Sparrow_0057_125649.jpg:131.Vesper_Sparrow -> 184.Louisiana_Waterthrush, 118.House_Sparrow/House_Sparrow_0145_112703.jpg:118.House_Sparrow -> 184.Louisiana_Waterthrush, 184.Louisiana_Waterthrush/Louisiana_Waterthrush_0068_177462.jpg:184.Louisiana_Waterthrush -> 178.Swainson_Warbler, 184.Louisiana_Waterthrush/Louisiana_Waterthrush_0022_177397.jpg:184.Louisiana_Waterthrush -> 146.Forsters_Tern, 184.Louisiana_Waterthrush/Louisiana_Waterthrush_0007_795258.jpg:184.Louisiana_Waterthrush -> 104.American_Pipit, 
186.Cedar_Waxwing/Cedar_Waxwing_0101_179707.jpg:186.Cedar_Waxwing -> 185.Bohemian_Waxwing, 192.Downy_Woodpecker/Downy_Woodpecker_0101_184139.jpg:192.Downy_Woodpecker -> 185.Bohemian_Waxwing, 144.Common_Tern/Common_Tern_0094_148309.jpg:144.Common_Tern -> 185.Bohemian_Waxwing, 185.Bohemian_Waxwing/Bohemian_Waxwing_0068_796682.jpg:185.Bohemian_Waxwing -> 185.Bohemian_Waxwing, 185.Bohemian_Waxwing/Bohemian_Waxwing_0122_796654.jpg:185.Bohemian_Waxwing -> 186.Cedar_Waxwing, 185.Bohemian_Waxwing/Bohemian_Waxwing_0101_796653.jpg:185.Bohemian_Waxwing -> 185.Bohemian_Waxwing, 
185.Bohemian_Waxwing/Bohemian_Waxwing_0122_796654.jpg:185.Bohemian_Waxwing -> 186.Cedar_Waxwing, 157.Yellow_throated_Vireo/Yellow_Throated_Vireo_0031_159712.jpg:157.Yellow_throated_Vireo -> 186.Cedar_Waxwing, 186.Cedar_Waxwing/Cedar_Waxwing_0024_178230.jpg:186.Cedar_Waxwing -> 186.Cedar_Waxwing, 186.Cedar_Waxwing/Cedar_Waxwing_0125_178921.jpg:186.Cedar_Waxwing -> 186.Cedar_Waxwing, 186.Cedar_Waxwing/Cedar_Waxwing_0065_179017.jpg:186.Cedar_Waxwing -> 192.Downy_Woodpecker, 186.Cedar_Waxwing/Cedar_Waxwing_0016_178629.jpg:186.Cedar_Waxwing -> 167.Hooded_Warbler, 
150.Sage_Thrasher/Sage_Thrasher_0095_796446.jpg:150.Sage_Thrasher -> 187.American_Three_toed_Woodpecker, 187.American_Three_toed_Woodpecker/American_Three_Toed_Woodpecker_0003_179891.jpg:187.American_Three_toed_Woodpecker -> 187.American_Three_toed_Woodpecker, 105.Whip_poor_Will/Whip_Poor_Will_0047_796412.jpg:105.Whip_poor_Will -> 187.American_Three_toed_Woodpecker, 187.American_Three_toed_Woodpecker/American_Three_Toed_Woodpecker_0024_179876.jpg:187.American_Three_toed_Woodpecker -> 108.White_necked_Raven, 187.American_Three_toed_Woodpecker/American_Three_Toed_Woodpecker_0015_179827.jpg:187.American_Three_toed_Woodpecker -> 198.Rock_Wren, 187.American_Three_toed_Woodpecker/American_Three_Toed_Woodpecker_0030_796144.jpg:187.American_Three_toed_Woodpecker -> 190.Red_cockaded_Woodpecker, 
188.Pileated_Woodpecker/Pileated_Woodpecker_0088_180054.jpg:188.Pileated_Woodpecker -> 188.Pileated_Woodpecker, 188.Pileated_Woodpecker/Pileated_Woodpecker_0079_180388.jpg:188.Pileated_Woodpecker -> 188.Pileated_Woodpecker, 188.Pileated_Woodpecker/Pileated_Woodpecker_0009_180460.jpg:188.Pileated_Woodpecker -> 188.Pileated_Woodpecker, 188.Pileated_Woodpecker/Pileated_Woodpecker_0011_180519.jpg:188.Pileated_Woodpecker -> 108.White_necked_Raven, 188.Pileated_Woodpecker/Pileated_Woodpecker_0057_180612.jpg:188.Pileated_Woodpecker -> 190.Red_cockaded_Woodpecker, 188.Pileated_Woodpecker/Pileated_Woodpecker_0106_180446.jpg:188.Pileated_Woodpecker -> 190.Red_cockaded_Woodpecker, 
159.Black_and_white_Warbler/Black_And_White_Warbler_0047_160547.jpg:159.Black_and_white_Warbler -> 189.Red_bellied_Woodpecker, 200.Common_Yellowthroat/Common_Yellowthroat_0059_190584.jpg:200.Common_Yellowthroat -> 189.Red_bellied_Woodpecker, 116.Chipping_Sparrow/Chipping_Sparrow_0008_107810.jpg:116.Chipping_Sparrow -> 189.Red_bellied_Woodpecker, 189.Red_bellied_Woodpecker/Red_Bellied_Woodpecker_0073_180994.jpg:189.Red_bellied_Woodpecker -> 189.Red_bellied_Woodpecker, 189.Red_bellied_Woodpecker/Red_Bellied_Woodpecker_0092_182235.jpg:189.Red_bellied_Woodpecker -> 115.Brewer_Sparrow, 189.Red_bellied_Woodpecker/Red_Bellied_Woodpecker_0069_181248.jpg:189.Red_bellied_Woodpecker -> 194.Cactus_Wren, 
190.Red_cockaded_Woodpecker/Red_Cockaded_Woodpecker_0054_794699.jpg:190.Red_cockaded_Woodpecker -> 190.Red_cockaded_Woodpecker, 194.Cactus_Wren/Cactus_Wren_0092_185951.jpg:194.Cactus_Wren -> 190.Red_cockaded_Woodpecker, 189.Red_bellied_Woodpecker/Red_Bellied_Woodpecker_0017_181131.jpg:189.Red_bellied_Woodpecker -> 190.Red_cockaded_Woodpecker, 190.Red_cockaded_Woodpecker/Red_Cockaded_Woodpecker_0018_794705.jpg:190.Red_cockaded_Woodpecker -> 190.Red_cockaded_Woodpecker, 190.Red_cockaded_Woodpecker/Red_Cockaded_Woodpecker_0013_794740.jpg:190.Red_cockaded_Woodpecker -> 190.Red_cockaded_Woodpecker, 190.Red_cockaded_Woodpecker/Red_Cockaded_Woodpecker_0061_794728.jpg:190.Red_cockaded_Woodpecker -> 142.Black_Tern, 
167.Hooded_Warbler/Hooded_Warbler_0133_165016.jpg:167.Hooded_Warbler -> 191.Red_headed_Woodpecker, 191.Red_headed_Woodpecker/Red_Headed_Woodpecker_0017_183777.jpg:191.Red_headed_Woodpecker -> 191.Red_headed_Woodpecker, 185.Bohemian_Waxwing/Bohemian_Waxwing_0038_796632.jpg:185.Bohemian_Waxwing -> 191.Red_headed_Woodpecker, 191.Red_headed_Woodpecker/Red_Headed_Woodpecker_0109_183385.jpg:191.Red_headed_Woodpecker -> 139.Scarlet_Tanager, 191.Red_headed_Woodpecker/Red_Headed_Woodpecker_0034_182806.jpg:191.Red_headed_Woodpecker -> 188.Pileated_Woodpecker, 191.Red_headed_Woodpecker/Red_Headed_Woodpecker_0051_182724.jpg:191.Red_headed_Woodpecker -> 145.Elegant_Tern, 
192.Downy_Woodpecker/Downy_Woodpecker_0027_183940.jpg:192.Downy_Woodpecker -> 192.Downy_Woodpecker, 192.Downy_Woodpecker/Downy_Woodpecker_0006_184538.jpg:192.Downy_Woodpecker -> 192.Downy_Woodpecker, 192.Downy_Woodpecker/Downy_Woodpecker_0113_184413.jpg:192.Downy_Woodpecker -> 192.Downy_Woodpecker, 192.Downy_Woodpecker/Downy_Woodpecker_0042_184144.jpg:192.Downy_Woodpecker -> 102.Western_Wood_Pewee, 192.Downy_Woodpecker/Downy_Woodpecker_0007_184051.jpg:192.Downy_Woodpecker -> 138.Tree_Swallow, 192.Downy_Woodpecker/Downy_Woodpecker_0080_184240.jpg:192.Downy_Woodpecker -> 187.American_Three_toed_Woodpecker, 
120.Fox_Sparrow/Fox_Sparrow_0022_115248.jpg:120.Fox_Sparrow -> 193.Bewick_Wren, 118.House_Sparrow/House_Sparrow_0036_112847.jpg:118.House_Sparrow -> 193.Bewick_Wren, 114.Black_throated_Sparrow/Black_Throated_Sparrow_0076_106995.jpg:114.Black_throated_Sparrow -> 193.Bewick_Wren, 193.Bewick_Wren/Bewick_Wren_0004_185202.jpg:193.Bewick_Wren -> 196.House_Wren, 193.Bewick_Wren/Bewick_Wren_0085_185474.jpg:193.Bewick_Wren -> 189.Red_bellied_Woodpecker, 193.Bewick_Wren/Bewick_Wren_0081_185080.jpg:193.Bewick_Wren -> 102.Western_Wood_Pewee, 
194.Cactus_Wren/Cactus_Wren_0097_186015.jpg:194.Cactus_Wren -> 194.Cactus_Wren, 110.Geococcyx/Geococcyx_0067_104537.jpg:110.Geococcyx -> 194.Cactus_Wren, 199.Winter_Wren/Winter_Wren_0118_189805.jpg:199.Winter_Wren -> 194.Cactus_Wren, 194.Cactus_Wren/Cactus_Wren_0103_185506.jpg:194.Cactus_Wren -> 149.Brown_Thrasher, 194.Cactus_Wren/Cactus_Wren_0060_185950.jpg:194.Cactus_Wren -> 194.Cactus_Wren, 194.Cactus_Wren/Cactus_Wren_0078_185899.jpg:194.Cactus_Wren -> 194.Cactus_Wren, 
173.Orange_crowned_Warbler/Orange_Crowned_Warbler_0066_167949.jpg:173.Orange_crowned_Warbler -> 195.Carolina_Wren, 195.Carolina_Wren/Carolina_Wren_0014_186525.jpg:195.Carolina_Wren -> 195.Carolina_Wren, 165.Chestnut_sided_Warbler/Chestnut_Sided_Warbler_0127_163860.jpg:165.Chestnut_sided_Warbler -> 195.Carolina_Wren, 195.Carolina_Wren/Carolina_Wren_0086_186431.jpg:195.Carolina_Wren -> 196.House_Wren, 195.Carolina_Wren/Carolina_Wren_0077_186294.jpg:195.Carolina_Wren -> 195.Carolina_Wren, 195.Carolina_Wren/Carolina_Wren_0108_186089.jpg:195.Carolina_Wren -> 171.Myrtle_Warbler, 
181.Worm_eating_Warbler/Worm_Eating_Warbler_0023_176118.jpg:181.Worm_eating_Warbler -> 196.House_Wren, 198.Rock_Wren/Rock_Wren_0050_189207.jpg:198.Rock_Wren -> 196.House_Wren, 197.Marsh_Wren/Marsh_Wren_0014_188802.jpg:197.Marsh_Wren -> 196.House_Wren, 196.House_Wren/House_Wren_0099_187240.jpg:196.House_Wren -> 198.Rock_Wren, 196.House_Wren/House_Wren_0061_187911.jpg:196.House_Wren -> 196.House_Wren, 196.House_Wren/House_Wren_0137_187273.jpg:196.House_Wren -> 172.Nashville_Warbler, 
197.Marsh_Wren/Marsh_Wren_0141_188796.jpg:197.Marsh_Wren -> 197.Marsh_Wren, 168.Kentucky_Warbler/Kentucky_Warbler_0078_795889.jpg:168.Kentucky_Warbler -> 197.Marsh_Wren, 199.Winter_Wren/Winter_Wren_0117_189999.jpg:199.Winter_Wren -> 197.Marsh_Wren, 197.Marsh_Wren/Marsh_Wren_0043_188426.jpg:197.Marsh_Wren -> 197.Marsh_Wren, 197.Marsh_Wren/Marsh_Wren_0036_188374.jpg:197.Marsh_Wren -> 187.American_Three_toed_Woodpecker, 197.Marsh_Wren/Marsh_Wren_0082_188699.jpg:197.Marsh_Wren -> 187.American_Three_toed_Woodpecker, 
184.Louisiana_Waterthrush/Louisiana_Waterthrush_0048_795277.jpg:184.Louisiana_Waterthrush -> 198.Rock_Wren, 198.Rock_Wren/Rock_Wren_0071_189213.jpg:198.Rock_Wren -> 198.Rock_Wren, 198.Rock_Wren/Rock_Wren_0071_189213.jpg:198.Rock_Wren -> 198.Rock_Wren, 198.Rock_Wren/Rock_Wren_0071_189213.jpg:198.Rock_Wren -> 198.Rock_Wren, 198.Rock_Wren/Rock_Wren_0041_189227.jpg:198.Rock_Wren -> 148.Green_tailed_Towhee, 198.Rock_Wren/Rock_Wren_0080_189340.jpg:198.Rock_Wren -> 142.Black_Tern, 
165.Chestnut_sided_Warbler/Chestnut_Sided_Warbler_0097_163750.jpg:165.Chestnut_sided_Warbler -> 199.Winter_Wren, 199.Winter_Wren/Winter_Wren_0013_189500.jpg:199.Winter_Wren -> 199.Winter_Wren, 118.House_Sparrow/House_Sparrow_0082_112478.jpg:118.House_Sparrow -> 199.Winter_Wren, 199.Winter_Wren/Winter_Wren_0047_190390.jpg:199.Winter_Wren -> 149.Brown_Thrasher, 199.Winter_Wren/Winter_Wren_0086_189692.jpg:199.Winter_Wren -> 198.Rock_Wren, 199.Winter_Wren/Winter_Wren_0119_189545.jpg:199.Winter_Wren -> 149.Brown_Thrasher, 
179.Tennessee_Warbler/Tennessee_Warbler_0080_167714.jpg:179.Tennessee_Warbler -> 200.Common_Yellowthroat, 200.Common_Yellowthroat/Common_Yellowthroat_0071_190665.jpg:200.Common_Yellowthroat -> 200.Common_Yellowthroat, 189.Red_bellied_Woodpecker/Red_Bellied_Woodpecker_0123_182116.jpg:189.Red_bellied_Woodpecker -> 200.Common_Yellowthroat, 200.Common_Yellowthroat/Common_Yellowthroat_0104_190489.jpg:200.Common_Yellowthroat -> 195.Carolina_Wren, 200.Common_Yellowthroat/Common_Yellowthroat_0032_190592.jpg:200.Common_Yellowthroat -> 168.Kentucky_Warbler, 200.Common_Yellowthroat/Common_Yellowthroat_0090_190503.jpg:200.Common_Yellowthroat -> 122.Harris_Sparrow, 
