087.Mallard/Mallard_0025_76465.jpg:087.Mallard -> 061.Heermann_Gull, 066.Western_Gull/Western_Gull_0115_54950.jpg:066.Western_Gull -> 061.Heermann_Gull, 068.Ruby_throated_Hummingbird/Ruby_Throated_Hummingbird_0119_57575.jpg:068.Ruby_throated_Hummingbird -> 061.Heermann_Gull, 061.Heermann_Gull/Heermann_Gull_0035_45754.jpg:061.Heermann_Gull -> 063.Ivory_Gull, 061.Heermann_Gull/Heermann_Gull_0044_45705.jpg:061.Heermann_Gull -> 072.Pomarine_Jaeger, 061.Heermann_Gull/Heermann_Gull_0130_45700.jpg:061.Heermann_Gull -> 064.Ring_billed_Gull, 
065.Slaty_backed_Gull/Slaty_Backed_Gull_0029_45047.jpg:065.Slaty_backed_Gull -> 062.Herring_Gull, 064.Ring_billed_Gull/Ring_Billed_Gull_0027_51266.jpg:064.Ring_billed_Gull -> 062.Herring_Gull, 084.Red_legged_Kittiwake/Red_Legged_Kittiwake_0049_795440.jpg:084.Red_legged_Kittiwake -> 062.Herring_Gull, 062.Herring_Gull/Herring_Gull_0064_47832.jpg:062.Herring_Gull -> 089.Hooded_Merganser, 062.Herring_Gull/Herring_Gull_0039_46420.jpg:062.Herring_Gull -> 064.Ring_billed_Gull, 062.Herring_Gull/Herring_Gull_0061_46501.jpg:062.Herring_Gull -> 084.Red_legged_Kittiwake, 
066.Western_Gull/Western_Gull_0043_54706.jpg:066.Western_Gull -> 063.Ivory_Gull, 064.Ring_billed_Gull/Ring_Billed_Gull_0119_51551.jpg:064.Ring_billed_Gull -> 063.Ivory_Gull, 063.Ivory_Gull/Ivory_Gull_0020_49978.jpg:063.Ivory_Gull -> 063.Ivory_Gull, 063.Ivory_Gull/Ivory_Gull_0117_49227.jpg:063.Ivory_Gull -> 063.Ivory_Gull, 063.Ivory_Gull/Ivory_Gull_0079_49179.jpg:063.Ivory_Gull -> 065.Slaty_backed_Gull, 063.Ivory_Gull/Ivory_Gull_0041_49172.jpg:063.Ivory_Gull -> 062.Herring_Gull, 
084.Red_legged_Kittiwake/Red_Legged_Kittiwake_0036_73814.jpg:084.Red_legged_Kittiwake -> 064.Ring_billed_Gull, 063.Ivory_Gull/Ivory_Gull_0098_49810.jpg:063.Ivory_Gull -> 064.Ring_billed_Gull, 062.Herring_Gull/Herring_Gull_0143_46461.jpg:062.Herring_Gull -> 064.Ring_billed_Gull, 064.Ring_billed_Gull/Ring_Billed_Gull_0059_51554.jpg:064.Ring_billed_Gull -> 064.Ring_billed_Gull, 064.Ring_billed_Gull/Ring_Billed_Gull_0001_51416.jpg:064.Ring_billed_Gull -> 084.Red_legged_Kittiwake, 064.Ring_billed_Gull/Ring_Billed_Gull_0106_52729.jpg:064.Ring_billed_Gull -> 064.Ring_billed_Gull, 
065.Slaty_backed_Gull/Slaty_Backed_Gull_0086_786387.jpg:065.Slaty_backed_Gull -> 065.Slaty_backed_Gull, 063.Ivory_Gull/Ivory_Gull_0079_49179.jpg:063.Ivory_Gull -> 065.Slaty_backed_Gull, 061.Heermann_Gull/Heermann_Gull_0093_45576.jpg:061.Heermann_Gull -> 065.Slaty_backed_Gull, 065.Slaty_backed_Gull/Slaty_Backed_Gull_0023_796030.jpg:065.Slaty_backed_Gull -> 066.Western_Gull, 065.Slaty_backed_Gull/Slaty_Backed_Gull_0025_796047.jpg:065.Slaty_backed_Gull -> 064.Ring_billed_Gull, 065.Slaty_backed_Gull/Slaty_Backed_Gull_0045_796025.jpg:065.Slaty_backed_Gull -> 061.Heermann_Gull, 
063.Ivory_Gull/Ivory_Gull_0104_49666.jpg:063.Ivory_Gull -> 066.Western_Gull, 071.Long_tailed_Jaeger/Long_Tailed_Jaeger_0064_60999.jpg:071.Long_tailed_Jaeger -> 066.Western_Gull, 061.Heermann_Gull/Heermann_Gull_0079_45468.jpg:061.Heermann_Gull -> 066.Western_Gull, 066.Western_Gull/Western_Gull_0143_54909.jpg:066.Western_Gull -> 086.Pacific_Loon, 066.Western_Gull/Western_Gull_0057_55312.jpg:066.Western_Gull -> 089.Hooded_Merganser, 066.Western_Gull/Western_Gull_0013_54794.jpg:066.Western_Gull -> 066.Western_Gull, 
069.Rufous_Hummingbird/Rufous_Hummingbird_0055_59935.jpg:069.Rufous_Hummingbird -> 067.Anna_Hummingbird, 067.Anna_Hummingbird/Anna_Hummingbird_0122_56622.jpg:067.Anna_Hummingbird -> 067.Anna_Hummingbird, 067.Anna_Hummingbird/Anna_Hummingbird_0086_56495.jpg:067.Anna_Hummingbird -> 067.Anna_Hummingbird, 067.Anna_Hummingbird/Anna_Hummingbird_0099_55916.jpg:067.Anna_Hummingbird -> 069.Rufous_Hummingbird, 067.Anna_Hummingbird/Anna_Hummingbird_0102_56087.jpg:067.Anna_Hummingbird -> 070.Green_Violetear, 067.Anna_Hummingbird/Anna_Hummingbird_0122_56622.jpg:067.Anna_Hummingbird -> 067.Anna_Hummingbird, 
068.Ruby_throated_Hummingbird/Ruby_Throated_Hummingbird_0110_57851.jpg:068.Ruby_throated_Hummingbird -> 068.Ruby_throated_Hummingbird, 067.Anna_Hummingbird/Anna_Hummingbird_0001_56960.jpg:067.Anna_Hummingbird -> 068.Ruby_throated_Hummingbird, 068.Ruby_throated_Hummingbird/Ruby_Throated_Hummingbird_0076_57649.jpg:068.Ruby_throated_Hummingbird -> 068.Ruby_throated_Hummingbird, 068.Ruby_throated_Hummingbird/Ruby_Throated_Hummingbird_0066_57518.jpg:068.Ruby_throated_Hummingbird -> 068.Ruby_throated_Hummingbird, 068.Ruby_throated_Hummingbird/Ruby_Throated_Hummingbird_0034_58148.jpg:068.Ruby_throated_Hummingbird -> 068.Ruby_throated_Hummingbird, 068.Ruby_throated_Hummingbird/Ruby_Throated_Hummingbird_0007_57388.jpg:068.Ruby_throated_Hummingbird -> 067.Anna_Hummingbird, 
068.Ruby_throated_Hummingbird/Ruby_Throated_Hummingbird_0107_57339.jpg:068.Ruby_throated_Hummingbird -> 069.Rufous_Hummingbird, 069.Rufous_Hummingbird/Rufous_Hummingbird_0024_59636.jpg:069.Rufous_Hummingbird -> 069.Rufous_Hummingbird, 069.Rufous_Hummingbird/Rufous_Hummingbird_0043_58652.jpg:069.Rufous_Hummingbird -> 069.Rufous_Hummingbird, 069.Rufous_Hummingbird/Rufous_Hummingbird_0046_59647.jpg:069.Rufous_Hummingbird -> 067.Anna_Hummingbird, 069.Rufous_Hummingbird/Rufous_Hummingbird_0043_58652.jpg:069.Rufous_Hummingbird -> 069.Rufous_Hummingbird, 069.Rufous_Hummingbird/Rufous_Hummingbird_0007_58433.jpg:069.Rufous_Hummingbird -> 067.Anna_Hummingbird, 
070.Green_Violetear/Green_Violetear_0105_795694.jpg:070.Green_Violetear -> 070.Green_Violetear, 070.Green_Violetear/Green_Violetear_0036_795635.jpg:070.Green_Violetear -> 070.Green_Violetear, 070.Green_Violetear/Green_Violetear_0055_795712.jpg:070.Green_Violetear -> 070.Green_Violetear, 070.Green_Violetear/Green_Violetear_0034_60792.jpg:070.Green_Violetear -> 070.Green_Violetear, 070.Green_Violetear/Green_Violetear_0043_60813.jpg:070.Green_Violetear -> 080.Green_Kingfisher, 070.Green_Violetear/Green_Violetear_0062_60797.jpg:070.Green_Violetear -> 070.Green_Violetear, 
100.Brown_Pelican/Brown_Pelican_0049_94598.jpg:100.Brown_Pelican -> 071.Long_tailed_Jaeger, 072.Pomarine_Jaeger/Pomarine_Jaeger_0028_795797.jpg:072.Pomarine_Jaeger -> 071.Long_tailed_Jaeger, 062.Herring_Gull/Herring_Gull_0075_48935.jpg:062.Herring_Gull -> 071.Long_tailed_Jaeger, 071.Long_tailed_Jaeger/Long_Tailed_Jaeger_0056_797092.jpg:071.Long_tailed_Jaeger -> 093.Clark_Nutcracker, 071.Long_tailed_Jaeger/Long_Tailed_Jaeger_0027_60950.jpg:071.Long_tailed_Jaeger -> 082.Ringed_Kingfisher, 071.Long_tailed_Jaeger/Long_Tailed_Jaeger_0066_60921.jpg:071.Long_tailed_Jaeger -> 086.Pacific_Loon, 
072.Pomarine_Jaeger/Pomarine_Jaeger_0069_61381.jpg:072.Pomarine_Jaeger -> 072.Pomarine_Jaeger, 070.Green_Violetear/Green_Violetear_0072_60858.jpg:070.Green_Violetear -> 072.Pomarine_Jaeger, 062.Herring_Gull/Herring_Gull_0014_47814.jpg:062.Herring_Gull -> 072.Pomarine_Jaeger, 072.Pomarine_Jaeger/Pomarine_Jaeger_0003_795778.jpg:072.Pomarine_Jaeger -> 072.Pomarine_Jaeger, 072.Pomarine_Jaeger/Pomarine_Jaeger_0028_795797.jpg:072.Pomarine_Jaeger -> 071.Long_tailed_Jaeger, 072.Pomarine_Jaeger/Pomarine_Jaeger_0030_61447.jpg:072.Pomarine_Jaeger -> 065.Slaty_backed_Gull, 
096.Hooded_Oriole/Hooded_Oriole_0079_89978.jpg:096.Hooded_Oriole -> 073.Blue_Jay, 067.Anna_Hummingbird/Anna_Hummingbird_0031_56709.jpg:067.Anna_Hummingbird -> 073.Blue_Jay, 073.Blue_Jay/Blue_Jay_0082_62524.jpg:073.Blue_Jay -> 073.Blue_Jay, 073.Blue_Jay/Blue_Jay_0096_63330.jpg:073.Blue_Jay -> 074.Florida_Jay, 073.Blue_Jay/Blue_Jay_0042_61545.jpg:073.Blue_Jay -> 083.White_breasted_Kingfisher, 073.Blue_Jay/Blue_Jay_0038_62784.jpg:073.Blue_Jay -> 099.Ovenbird, 
076.Dark_eyed_Junco/Dark_Eyed_Junco_0017_67676.jpg:076.Dark_eyed_Junco -> 074.Florida_Jay, 075.Green_Jay/Green_Jay_0111_65869.jpg:075.Green_Jay -> 074.Florida_Jay, 074.Florida_Jay/Florida_Jay_0052_64633.jpg:074.Florida_Jay -> 074.Florida_Jay, 074.Florida_Jay/Florida_Jay_0071_64993.jpg:074.Florida_Jay -> 077.Tropical_Kingbird, 074.Florida_Jay/Florida_Jay_0027_64689.jpg:074.Florida_Jay -> 074.Florida_Jay, 074.Florida_Jay/Florida_Jay_0011_64920.jpg:074.Florida_Jay -> 074.Florida_Jay, 
075.Green_Jay/Green_Jay_0130_65885.jpg:075.Green_Jay -> 075.Green_Jay, 074.Florida_Jay/Florida_Jay_0007_64708.jpg:074.Florida_Jay -> 075.Green_Jay, 073.Blue_Jay/Blue_Jay_0020_63604.jpg:073.Blue_Jay -> 075.Green_Jay, 075.Green_Jay/Green_Jay_0114_65841.jpg:075.Green_Jay -> 074.Florida_Jay, 075.Green_Jay/Green_Jay_0090_65895.jpg:075.Green_Jay -> 083.White_breasted_Kingfisher, 075.Green_Jay/Green_Jay_0063_65925.jpg:075.Green_Jay -> 075.Green_Jay, 
076.Dark_eyed_Junco/Dark_Eyed_Junco_0114_67964.jpg:076.Dark_eyed_Junco -> 076.Dark_eyed_Junco, 081.Pied_Kingfisher/Pied_Kingfisher_0116_71900.jpg:081.Pied_Kingfisher -> 076.Dark_eyed_Junco, 076.Dark_eyed_Junco/Dark_Eyed_Junco_0132_66476.jpg:076.Dark_eyed_Junco -> 076.Dark_eyed_Junco, 076.Dark_eyed_Junco/Dark_Eyed_Junco_0014_66258.jpg:076.Dark_eyed_Junco -> 076.Dark_eyed_Junco, 076.Dark_eyed_Junco/Dark_Eyed_Junco_0078_66866.jpg:076.Dark_eyed_Junco -> 076.Dark_eyed_Junco, 076.Dark_eyed_Junco/Dark_Eyed_Junco_0030_68439.jpg:076.Dark_eyed_Junco -> 076.Dark_eyed_Junco, 
077.Tropical_Kingbird/Tropical_Kingbird_0084_69312.jpg:077.Tropical_Kingbird -> 077.Tropical_Kingbird, 091.Mockingbird/Mockingbird_0051_79599.jpg:091.Mockingbird -> 077.Tropical_Kingbird, 094.White_breasted_Nuthatch/White_Breasted_Nuthatch_0024_86200.jpg:094.White_breasted_Nuthatch -> 077.Tropical_Kingbird, 077.Tropical_Kingbird/Tropical_Kingbird_0001_69958.jpg:077.Tropical_Kingbird -> 077.Tropical_Kingbird, 077.Tropical_Kingbird/Tropical_Kingbird_0002_69595.jpg:077.Tropical_Kingbird -> 097.Orchard_Oriole, 077.Tropical_Kingbird/Tropical_Kingbird_0001_69958.jpg:077.Tropical_Kingbird -> 077.Tropical_Kingbird, 
078.Gray_Kingbird/Gray_Kingbird_0023_795035.jpg:078.Gray_Kingbird -> 078.Gray_Kingbird, 079.Belted_Kingfisher/Belted_Kingfisher_0055_70517.jpg:079.Belted_Kingfisher -> 078.Gray_Kingbird, 078.Gray_Kingbird/Gray_Kingbird_0055_70290.jpg:078.Gray_Kingbird -> 078.Gray_Kingbird, 078.Gray_Kingbird/Gray_Kingbird_0068_70292.jpg:078.Gray_Kingbird -> 078.Gray_Kingbird, 078.Gray_Kingbird/Gray_Kingbird_0081_70276.jpg:078.Gray_Kingbird -> 078.Gray_Kingbird, 078.Gray_Kingbird/Gray_Kingbird_0044_70322.jpg:078.Gray_Kingbird -> 097.Orchard_Oriole, 
080.Green_Kingfisher/Green_Kingfisher_0063_71345.jpg:080.Green_Kingfisher -> 079.Belted_Kingfisher, 079.Belted_Kingfisher/Belted_Kingfisher_0085_70503.jpg:079.Belted_Kingfisher -> 079.Belted_Kingfisher, 080.Green_Kingfisher/Green_Kingfisher_0063_71345.jpg:080.Green_Kingfisher -> 079.Belted_Kingfisher, 079.Belted_Kingfisher/Belted_Kingfisher_0028_70358.jpg:079.Belted_Kingfisher -> 077.Tropical_Kingbird, 079.Belted_Kingfisher/Belted_Kingfisher_0034_70329.jpg:079.Belted_Kingfisher -> 082.Ringed_Kingfisher, 079.Belted_Kingfisher/Belted_Kingfisher_0014_70910.jpg:079.Belted_Kingfisher -> 080.Green_Kingfisher, 
097.Orchard_Oriole/Orchard_Oriole_0045_91205.jpg:097.Orchard_Oriole -> 080.Green_Kingfisher, 069.Rufous_Hummingbird/Rufous_Hummingbird_0106_60465.jpg:069.Rufous_Hummingbird -> 080.Green_Kingfisher, 083.White_breasted_Kingfisher/White_Breasted_Kingfisher_0048_73292.jpg:083.White_breasted_Kingfisher -> 080.Green_Kingfisher, 080.Green_Kingfisher/Green_Kingfisher_0074_71214.jpg:080.Green_Kingfisher -> 080.Green_Kingfisher, 080.Green_Kingfisher/Green_Kingfisher_0005_71352.jpg:080.Green_Kingfisher -> 080.Green_Kingfisher, 080.Green_Kingfisher/Green_Kingfisher_0070_71387.jpg:080.Green_Kingfisher -> 080.Green_Kingfisher, 
081.Pied_Kingfisher/Pied_Kingfisher_0059_72492.jpg:081.Pied_Kingfisher -> 081.Pied_Kingfisher, 081.Pied_Kingfisher/Pied_Kingfisher_0013_72114.jpg:081.Pied_Kingfisher -> 081.Pied_Kingfisher, 081.Pied_Kingfisher/Pied_Kingfisher_0059_72492.jpg:081.Pied_Kingfisher -> 081.Pied_Kingfisher, 081.Pied_Kingfisher/Pied_Kingfisher_0118_72115.jpg:081.Pied_Kingfisher -> 081.Pied_Kingfisher, 081.Pied_Kingfisher/Pied_Kingfisher_0036_72275.jpg:081.Pied_Kingfisher -> 081.Pied_Kingfisher, 081.Pied_Kingfisher/Pied_Kingfisher_0118_72115.jpg:081.Pied_Kingfisher -> 081.Pied_Kingfisher, 
074.Florida_Jay/Florida_Jay_0063_64781.jpg:074.Florida_Jay -> 082.Ringed_Kingfisher, 092.Nighthawk/Nighthawk_0059_82741.jpg:092.Nighthawk -> 082.Ringed_Kingfisher, 081.Pied_Kingfisher/Pied_Kingfisher_0053_72761.jpg:081.Pied_Kingfisher -> 082.Ringed_Kingfisher, 082.Ringed_Kingfisher/Ringed_Kingfisher_0005_73086.jpg:082.Ringed_Kingfisher -> 093.Clark_Nutcracker, 082.Ringed_Kingfisher/Ringed_Kingfisher_0102_72941.jpg:082.Ringed_Kingfisher -> 075.Green_Jay, 082.Ringed_Kingfisher/Ringed_Kingfisher_0083_73053.jpg:082.Ringed_Kingfisher -> 078.Gray_Kingbird, 
083.White_breasted_Kingfisher/White_Breasted_Kingfisher_0088_73386.jpg:083.White_breasted_Kingfisher -> 083.White_breasted_Kingfisher, 083.White_breasted_Kingfisher/White_Breasted_Kingfisher_0036_73403.jpg:083.White_breasted_Kingfisher -> 083.White_breasted_Kingfisher, 083.White_breasted_Kingfisher/White_Breasted_Kingfisher_0104_73398.jpg:083.White_breasted_Kingfisher -> 083.White_breasted_Kingfisher, 083.White_breasted_Kingfisher/White_Breasted_Kingfisher_0056_73353.jpg:083.White_breasted_Kingfisher -> 080.Green_Kingfisher, 083.White_breasted_Kingfisher/White_Breasted_Kingfisher_0109_73683.jpg:083.White_breasted_Kingfisher -> 083.White_breasted_Kingfisher, 083.White_breasted_Kingfisher/White_Breasted_Kingfisher_0098_73227.jpg:083.White_breasted_Kingfisher -> 074.Florida_Jay, 
072.Pomarine_Jaeger/Pomarine_Jaeger_0056_795770.jpg:072.Pomarine_Jaeger -> 084.Red_legged_Kittiwake, 062.Herring_Gull/Herring_Gull_0061_46501.jpg:062.Herring_Gull -> 084.Red_legged_Kittiwake, 063.Ivory_Gull/Ivory_Gull_0109_49382.jpg:063.Ivory_Gull -> 084.Red_legged_Kittiwake, 084.Red_legged_Kittiwake/Red_Legged_Kittiwake_0010_73789.jpg:084.Red_legged_Kittiwake -> 063.Ivory_Gull, 084.Red_legged_Kittiwake/Red_Legged_Kittiwake_0015_73792.jpg:084.Red_legged_Kittiwake -> 084.Red_legged_Kittiwake, 084.Red_legged_Kittiwake/Red_Legged_Kittiwake_0019_795398.jpg:084.Red_legged_Kittiwake -> 084.Red_legged_Kittiwake, 
088.Western_Meadowlark/Western_Meadowlark_0063_77946.jpg:088.Western_Meadowlark -> 085.Horned_Lark, 088.Western_Meadowlark/Western_Meadowlark_0081_77798.jpg:088.Western_Meadowlark -> 085.Horned_Lark, 088.Western_Meadowlark/Western_Meadowlark_0063_77946.jpg:088.Western_Meadowlark -> 085.Horned_Lark, 085.Horned_Lark/Horned_Lark_0075_74126.jpg:085.Horned_Lark -> 085.Horned_Lark, 085.Horned_Lark/Horned_Lark_0083_74444.jpg:085.Horned_Lark -> 092.Nighthawk, 085.Horned_Lark/Horned_Lark_0010_75291.jpg:085.Horned_Lark -> 099.Ovenbird, 
090.Red_breasted_Merganser/Red_Breasted_Merganser_0069_79204.jpg:090.Red_breasted_Merganser -> 086.Pacific_Loon, 086.Pacific_Loon/Pacific_Loon_0068_75836.jpg:086.Pacific_Loon -> 086.Pacific_Loon, 071.Long_tailed_Jaeger/Long_Tailed_Jaeger_0069_61060.jpg:071.Long_tailed_Jaeger -> 086.Pacific_Loon, 086.Pacific_Loon/Pacific_Loon_0024_75555.jpg:086.Pacific_Loon -> 086.Pacific_Loon, 086.Pacific_Loon/Pacific_Loon_0010_75818.jpg:086.Pacific_Loon -> 089.Hooded_Merganser, 086.Pacific_Loon/Pacific_Loon_0069_75446.jpg:086.Pacific_Loon -> 086.Pacific_Loon, 
087.Mallard/Mallard_0022_77166.jpg:087.Mallard -> 087.Mallard, 087.Mallard/Mallard_0053_75985.jpg:087.Mallard -> 087.Mallard, 087.Mallard/Mallard_0077_75911.jpg:087.Mallard -> 087.Mallard, 087.Mallard/Mallard_0026_76725.jpg:087.Mallard -> 087.Mallard, 087.Mallard/Mallard_0111_76722.jpg:087.Mallard -> 087.Mallard, 087.Mallard/Mallard_0020_76239.jpg:087.Mallard -> 087.Mallard, 
064.Ring_billed_Gull/Ring_Billed_Gull_0007_51430.jpg:064.Ring_billed_Gull -> 088.Western_Meadowlark, 092.Nighthawk/Nighthawk_0084_84510.jpg:092.Nighthawk -> 088.Western_Meadowlark, 081.Pied_Kingfisher/Pied_Kingfisher_0054_72296.jpg:081.Pied_Kingfisher -> 088.Western_Meadowlark, 088.Western_Meadowlark/Western_Meadowlark_0101_78899.jpg:088.Western_Meadowlark -> 066.Western_Gull, 088.Western_Meadowlark/Western_Meadowlark_0115_77882.jpg:088.Western_Meadowlark -> 085.Horned_Lark, 088.Western_Meadowlark/Western_Meadowlark_0112_78760.jpg:088.Western_Meadowlark -> 088.Western_Meadowlark, 
089.Hooded_Merganser/Hooded_Merganser_0084_78954.jpg:089.Hooded_Merganser -> 089.Hooded_Merganser, 086.Pacific_Loon/Pacific_Loon_0052_75451.jpg:086.Pacific_Loon -> 089.Hooded_Merganser, 089.Hooded_Merganser/Hooded_Merganser_0010_796785.jpg:089.Hooded_Merganser -> 089.Hooded_Merganser, 089.Hooded_Merganser/Hooded_Merganser_0034_796762.jpg:089.Hooded_Merganser -> 089.Hooded_Merganser, 089.Hooded_Merganser/Hooded_Merganser_0013_796754.jpg:089.Hooded_Merganser -> 089.Hooded_Merganser, 089.Hooded_Merganser/Hooded_Merganser_0049_79136.jpg:089.Hooded_Merganser -> 089.Hooded_Merganser, 
090.Red_breasted_Merganser/Red_Breasted_Merganser_0082_79214.jpg:090.Red_breasted_Merganser -> 090.Red_breasted_Merganser, 086.Pacific_Loon/Pacific_Loon_0033_75571.jpg:086.Pacific_Loon -> 090.Red_breasted_Merganser, 089.Hooded_Merganser/Hooded_Merganser_0012_796748.jpg:089.Hooded_Merganser -> 090.Red_breasted_Merganser, 090.Red_breasted_Merganser/Red_Breasted_Merganser_0031_79372.jpg:090.Red_breasted_Merganser -> 086.Pacific_Loon, 090.Red_breasted_Merganser/Red_Breasted_Merganser_0042_79202.jpg:090.Red_breasted_Merganser -> 086.Pacific_Loon, 090.Red_breasted_Merganser/Red_Breasted_Merganser_0022_79274.jpg:090.Red_breasted_Merganser -> 090.Red_breasted_Merganser, 
091.Mockingbird/Mockingbird_0057_79643.jpg:091.Mockingbird -> 080.Green_Kingfisher, 091.Mockingbird/Mockingbird_0030_79876.jpg:091.Mockingbird -> 078.Gray_Kingbird, 091.Mockingbird/Mockingbird_0064_81068.jpg:091.Mockingbird -> 078.Gray_Kingbird, 091.Mockingbird/Mockingbird_0025_79935.jpg:091.Mockingbird -> 080.Green_Kingfisher, 091.Mockingbird/Mockingbird_0001_79812.jpg:091.Mockingbird -> 085.Horned_Lark, 091.Mockingbird/Mockingbird_0054_81703.jpg:091.Mockingbird -> 094.White_breasted_Nuthatch, 
088.Western_Meadowlark/Western_Meadowlark_0091_78576.jpg:088.Western_Meadowlark -> 092.Nighthawk, 092.Nighthawk/Nighthawk_0019_83850.jpg:092.Nighthawk -> 092.Nighthawk, 092.Nighthawk/Nighthawk_0046_82246.jpg:092.Nighthawk -> 092.Nighthawk, 092.Nighthawk/Nighthawk_0072_795336.jpg:092.Nighthawk -> 088.Western_Meadowlark, 092.Nighthawk/Nighthawk_0054_795337.jpg:092.Nighthawk -> 072.Pomarine_Jaeger, 092.Nighthawk/Nighthawk_0014_82624.jpg:092.Nighthawk -> 080.Green_Kingfisher, 
093.Clark_Nutcracker/Clark_Nutcracker_0090_85116.jpg:093.Clark_Nutcracker -> 093.Clark_Nutcracker, 074.Florida_Jay/Florida_Jay_0039_64576.jpg:074.Florida_Jay -> 093.Clark_Nutcracker, 084.Red_legged_Kittiwake/Red_Legged_Kittiwake_0043_795416.jpg:084.Red_legged_Kittiwake -> 093.Clark_Nutcracker, 093.Clark_Nutcracker/Clark_Nutcracker_0126_85134.jpg:093.Clark_Nutcracker -> 093.Clark_Nutcracker, 093.Clark_Nutcracker/Clark_Nutcracker_0013_84791.jpg:093.Clark_Nutcracker -> 093.Clark_Nutcracker, 093.Clark_Nutcracker/Clark_Nutcracker_0073_85343.jpg:093.Clark_Nutcracker -> 093.Clark_Nutcracker, 
094.White_breasted_Nuthatch/White_Breasted_Nuthatch_0076_85801.jpg:094.White_breasted_Nuthatch -> 094.White_breasted_Nuthatch, 092.Nighthawk/Nighthawk_0062_84573.jpg:092.Nighthawk -> 094.White_breasted_Nuthatch, 069.Rufous_Hummingbird/Rufous_Hummingbird_0037_60415.jpg:069.Rufous_Hummingbird -> 094.White_breasted_Nuthatch, 094.White_breasted_Nuthatch/White_Breasted_Nuthatch_0030_85823.jpg:094.White_breasted_Nuthatch -> 078.Gray_Kingbird, 094.White_breasted_Nuthatch/White_Breasted_Nuthatch_0097_85940.jpg:094.White_breasted_Nuthatch -> 064.Ring_billed_Gull, 094.White_breasted_Nuthatch/White_Breasted_Nuthatch_0077_86462.jpg:094.White_breasted_Nuthatch -> 099.Ovenbird, 
098.Scott_Oriole/Scott_Oriole_0034_795813.jpg:098.Scott_Oriole -> 095.Baltimore_Oriole, 095.Baltimore_Oriole/Baltimore_Oriole_0120_88403.jpg:095.Baltimore_Oriole -> 095.Baltimore_Oriole, 097.Orchard_Oriole/Orchard_Oriole_0113_88407.jpg:097.Orchard_Oriole -> 095.Baltimore_Oriole, 095.Baltimore_Oriole/Baltimore_Oriole_0052_89553.jpg:095.Baltimore_Oriole -> 098.Scott_Oriole, 095.Baltimore_Oriole/Baltimore_Oriole_0071_89611.jpg:095.Baltimore_Oriole -> 096.Hooded_Oriole, 095.Baltimore_Oriole/Baltimore_Oriole_0073_87187.jpg:095.Baltimore_Oriole -> 095.Baltimore_Oriole, 
098.Scott_Oriole/Scott_Oriole_0032_795810.jpg:098.Scott_Oriole -> 096.Hooded_Oriole, 095.Baltimore_Oriole/Baltimore_Oriole_0071_89611.jpg:095.Baltimore_Oriole -> 096.Hooded_Oriole, 096.Hooded_Oriole/Hooded_Oriole_0095_90337.jpg:096.Hooded_Oriole -> 096.Hooded_Oriole, 096.Hooded_Oriole/Hooded_Oriole_0127_90200.jpg:096.Hooded_Oriole -> 095.Baltimore_Oriole, 096.Hooded_Oriole/Hooded_Oriole_0049_89955.jpg:096.Hooded_Oriole -> 096.Hooded_Oriole, 096.Hooded_Oriole/Hooded_Oriole_0117_90464.jpg:096.Hooded_Oriole -> 096.Hooded_Oriole, 
096.Hooded_Oriole/Hooded_Oriole_0010_90413.jpg:096.Hooded_Oriole -> 097.Orchard_Oriole, 097.Orchard_Oriole/Orchard_Oriole_0026_91444.jpg:097.Orchard_Oriole -> 097.Orchard_Oriole, 069.Rufous_Hummingbird/Rufous_Hummingbird_0125_58932.jpg:069.Rufous_Hummingbird -> 097.Orchard_Oriole, 097.Orchard_Oriole/Orchard_Oriole_0113_88407.jpg:097.Orchard_Oriole -> 095.Baltimore_Oriole, 097.Orchard_Oriole/Orchard_Oriole_0070_91383.jpg:097.Orchard_Oriole -> 097.Orchard_Oriole, 097.Orchard_Oriole/Orchard_Oriole_0045_91205.jpg:097.Orchard_Oriole -> 080.Green_Kingfisher, 
096.Hooded_Oriole/Hooded_Oriole_0024_90157.jpg:096.Hooded_Oriole -> 098.Scott_Oriole, 096.Hooded_Oriole/Hooded_Oriole_0024_90157.jpg:096.Hooded_Oriole -> 098.Scott_Oriole, 098.Scott_Oriole/Scott_Oriole_0081_92374.jpg:098.Scott_Oriole -> 098.Scott_Oriole, 098.Scott_Oriole/Scott_Oriole_0040_795839.jpg:098.Scott_Oriole -> 098.Scott_Oriole, 098.Scott_Oriole/Scott_Oriole_0011_795836.jpg:098.Scott_Oriole -> 085.Horned_Lark, 098.Scott_Oriole/Scott_Oriole_0068_795804.jpg:098.Scott_Oriole -> 096.Hooded_Oriole, 
085.Horned_Lark/Horned_Lark_0010_75291.jpg:085.Horned_Lark -> 099.Ovenbird, 076.Dark_eyed_Junco/Dark_Eyed_Junco_0103_67700.jpg:076.Dark_eyed_Junco -> 099.Ovenbird, 085.Horned_Lark/Horned_Lark_0082_73833.jpg:085.Horned_Lark -> 099.Ovenbird, 099.Ovenbird/Ovenbird_0108_92675.jpg:099.Ovenbird -> 082.Ringed_Kingfisher, 099.Ovenbird/Ovenbird_0048_92876.jpg:099.Ovenbird -> 085.Horned_Lark, 099.Ovenbird/Ovenbird_0093_92705.jpg:099.Ovenbird -> 099.Ovenbird, 
100.Brown_Pelican/Brown_Pelican_0025_95218.jpg:100.Brown_Pelican -> 100.Brown_Pelican, 100.Brown_Pelican/Brown_Pelican_0131_94464.jpg:100.Brown_Pelican -> 100.Brown_Pelican, 100.Brown_Pelican/Brown_Pelican_0139_93995.jpg:100.Brown_Pelican -> 100.Brown_Pelican, 100.Brown_Pelican/Brown_Pelican_0085_95053.jpg:100.Brown_Pelican -> 072.Pomarine_Jaeger, 100.Brown_Pelican/Brown_Pelican_0097_93767.jpg:100.Brown_Pelican -> 071.Long_tailed_Jaeger, 100.Brown_Pelican/Brown_Pelican_0087_94358.jpg:100.Brown_Pelican -> 063.Ivory_Gull, 
